           time            age           mass      core_mass        He_core        CO_core          log_L       log_Teff     log_radius     phase         e
   0.000000E+00   0.000000E+00   9.999934E-01   0.000000E+00   0.000000E+00   0.000000E+00  -6.641164E-02   3.763539E+00  -3.702463E-02         1
   4.012107E+02   4.012107E+02   9.999805E-01   0.000000E+00   0.000000E+00   0.000000E+00  -5.246616E-02   3.764476E+00  -3.192686E-02         1
   8.024214E+02   8.024214E+02   9.999671E-01   0.000000E+00   0.000000E+00   0.000000E+00  -3.906508E-02   3.765398E+00  -2.706929E-02         1
   1.203632E+03   1.203632E+03   9.999530E-01   0.000000E+00   0.000000E+00   0.000000E+00  -2.551383E-02   3.766297E+00  -2.209179E-02         1
   1.604843E+03   1.604843E+03   9.999384E-01   0.000000E+00   0.000000E+00   0.000000E+00  -1.164343E-02   3.767174E+00  -1.691009E-02         1
   2.006054E+03   2.006054E+03   9.999231E-01   0.000000E+00   0.000000E+00   0.000000E+00   2.614435E-03   3.768020E+00  -1.147486E-02         1
   2.407264E+03   2.407264E+03   9.999070E-01   0.000000E+00   0.000000E+00   0.000000E+00   1.729898E-02   3.768846E+00  -5.784536E-03         1
   2.808475E+03   2.808475E+03   9.998902E-01   0.000000E+00   0.000000E+00   0.000000E+00   3.244097E-02   3.769636E+00   2.064569E-04         1
   3.209686E+03   3.209686E+03   9.998725E-01   0.000000E+00   0.000000E+00   0.000000E+00   4.807337E-02   3.770383E+00   6.529871E-03         1
   3.610897E+03   3.610897E+03   9.998539E-01   0.000000E+00   0.000000E+00   0.000000E+00   6.422531E-02   3.771074E+00   1.322345E-02         1
   4.012107E+03   4.012107E+03   9.998342E-01   0.000000E+00   0.000000E+00   0.000000E+00   8.095794E-02   3.771705E+00   2.032755E-02         1
   4.413318E+03   4.413318E+03   9.998134E-01   0.000000E+00   0.000000E+00   0.000000E+00   9.834231E-02   3.772265E+00   2.790088E-02         1
   4.814529E+03   4.814529E+03   9.997914E-01   0.000000E+00   0.000000E+00   0.000000E+00   1.164640E-01   3.772753E+00   3.598450E-02         1
   5.215739E+03   5.215739E+03   9.997680E-01   0.000000E+00   0.000000E+00   0.000000E+00   1.353878E-01   3.773145E+00   4.466180E-02         1
   5.616950E+03   5.616950E+03   9.997429E-01   0.000000E+00   0.000000E+00   0.000000E+00   1.550682E-01   3.773419E+00   5.395581E-02         1
   6.018161E+03   6.018161E+03   9.997162E-01   0.000000E+00   0.000000E+00   0.000000E+00   1.751923E-01   3.773489E+00   6.387672E-02         1
   6.419372E+03   6.419372E+03   9.996874E-01   0.000000E+00   0.000000E+00   0.000000E+00   1.952783E-01   3.773255E+00   7.438896E-02         1
   6.820582E+03   6.820582E+03   9.996566E-01   0.000000E+00   0.000000E+00   0.000000E+00   2.166012E-01   3.772785E+00   8.598974E-02         1
   7.221793E+03   7.221793E+03   9.996233E-01   1.028970E-03   1.028970E-03   0.000000E+00   2.414642E-01   3.772205E+00   9.958001E-02         1
   7.623004E+03   7.623004E+03   9.995870E-01   6.271728E-03   6.271728E-03   0.000000E+00   2.695307E-01   3.771307E+00   1.154106E-01         1
   7.627016E+03   7.627016E+03   9.995866E-01   6.348458E-03   6.348458E-03   0.000000E+00   2.698323E-01   3.771295E+00   1.155846E-01         1
   7.631028E+03   7.631028E+03   9.995863E-01   6.425188E-03   6.425188E-03   0.000000E+00   2.701339E-01   3.771284E+00   1.157585E-01         1
   7.635040E+03   7.635040E+03   9.995859E-01   6.501918E-03   6.501918E-03   0.000000E+00   2.704355E-01   3.771272E+00   1.159325E-01         1
   7.639052E+03   7.639052E+03   9.995855E-01   6.578647E-03   6.578647E-03   0.000000E+00   2.707371E-01   3.771260E+00   1.161064E-01         1
   7.643064E+03   7.643064E+03   9.995851E-01   6.655377E-03   6.655377E-03   0.000000E+00   2.710387E-01   3.771249E+00   1.162804E-01         1
   7.647076E+03   7.647076E+03   9.995847E-01   6.732107E-03   6.732107E-03   0.000000E+00   2.713403E-01   3.771237E+00   1.164543E-01         1
   7.651088E+03   7.651088E+03   9.995843E-01   6.808837E-03   6.808837E-03   0.000000E+00   2.716419E-01   3.771226E+00   1.166283E-01         1
   7.655101E+03   7.655101E+03   9.995839E-01   6.885567E-03   6.885567E-03   0.000000E+00   2.719435E-01   3.771214E+00   1.168022E-01         1
   7.659113E+03   7.659113E+03   9.995836E-01   6.962296E-03   6.962296E-03   0.000000E+00   2.722451E-01   3.771203E+00   1.169762E-01         1
   7.663125E+03   7.663125E+03   9.995832E-01   7.039026E-03   7.039026E-03   0.000000E+00   2.725467E-01   3.771191E+00   1.171501E-01         1
   7.667137E+03   7.667137E+03   9.995828E-01   7.115756E-03   7.115756E-03   0.000000E+00   2.728482E-01   3.771179E+00   1.173241E-01         1
   7.671149E+03   7.671149E+03   9.995824E-01   7.192486E-03   7.192486E-03   0.000000E+00   2.731498E-01   3.771168E+00   1.174981E-01         1
   7.675161E+03   7.675161E+03   9.995820E-01   7.269216E-03   7.269216E-03   0.000000E+00   2.734514E-01   3.771156E+00   1.176720E-01         1
   7.679173E+03   7.679173E+03   9.995816E-01   7.345945E-03   7.345945E-03   0.000000E+00   2.737530E-01   3.771145E+00   1.178460E-01         1
   7.683185E+03   7.683185E+03   9.995813E-01   7.422675E-03   7.422675E-03   0.000000E+00   2.740546E-01   3.771133E+00   1.180199E-01         1
   7.687197E+03   7.687197E+03   9.995809E-01   7.499405E-03   7.499405E-03   0.000000E+00   2.743562E-01   3.771122E+00   1.181939E-01         1
   7.691210E+03   7.691210E+03   9.995805E-01   7.576135E-03   7.576135E-03   0.000000E+00   2.746578E-01   3.771110E+00   1.183678E-01         1
   7.695222E+03   7.695222E+03   9.995801E-01   7.652865E-03   7.652865E-03   0.000000E+00   2.749594E-01   3.771098E+00   1.185418E-01         1
   7.699234E+03   7.699234E+03   9.995797E-01   7.729594E-03   7.729594E-03   0.000000E+00   2.752610E-01   3.771087E+00   1.187157E-01         1
   7.703246E+03   7.703246E+03   9.995793E-01   7.806324E-03   7.806324E-03   0.000000E+00   2.755626E-01   3.771075E+00   1.188897E-01         1
   7.707258E+03   7.707258E+03   9.995789E-01   7.883054E-03   7.883054E-03   0.000000E+00   2.758642E-01   3.771064E+00   1.190636E-01         1
   7.711270E+03   7.711270E+03   9.995786E-01   7.959784E-03   7.959784E-03   0.000000E+00   2.761658E-01   3.771052E+00   1.192376E-01         1
   7.715282E+03   7.715282E+03   9.995782E-01   8.036513E-03   8.036513E-03   0.000000E+00   2.764674E-01   3.771040E+00   1.194116E-01         1
   7.719294E+03   7.719294E+03   9.995778E-01   8.132064E-03   8.132064E-03   0.000000E+00   2.767780E-01   3.771027E+00   1.195930E-01         1
   7.723306E+03   7.723306E+03   9.995774E-01   8.230402E-03   8.230402E-03   0.000000E+00   2.770900E-01   3.771014E+00   1.197756E-01         1
   7.727319E+03   7.727319E+03   9.995770E-01   8.328740E-03   8.328740E-03   0.000000E+00   2.774019E-01   3.771001E+00   1.199581E-01         1
   7.731331E+03   7.731331E+03   9.995766E-01   8.427078E-03   8.427078E-03   0.000000E+00   2.777139E-01   3.770988E+00   1.201407E-01         1
   7.735343E+03   7.735343E+03   9.995762E-01   8.525416E-03   8.525416E-03   0.000000E+00   2.780259E-01   3.770974E+00   1.203233E-01         1
   7.739355E+03   7.739355E+03   9.995758E-01   8.623754E-03   8.623754E-03   0.000000E+00   2.783378E-01   3.770961E+00   1.205058E-01         1
   7.743367E+03   7.743367E+03   9.995754E-01   8.722092E-03   8.722092E-03   0.000000E+00   2.786498E-01   3.770948E+00   1.206884E-01         1
   7.747379E+03   7.747379E+03   9.995750E-01   8.820431E-03   8.820431E-03   0.000000E+00   2.789618E-01   3.770934E+00   1.208710E-01         1
   7.751391E+03   7.751391E+03   9.995746E-01   8.918769E-03   8.918769E-03   0.000000E+00   2.792737E-01   3.770921E+00   1.210535E-01         1
   7.755403E+03   7.755403E+03   9.995742E-01   9.017107E-03   9.017107E-03   0.000000E+00   2.795857E-01   3.770908E+00   1.212361E-01         1
   7.759415E+03   7.759415E+03   9.995738E-01   9.115445E-03   9.115445E-03   0.000000E+00   2.798977E-01   3.770895E+00   1.214187E-01         1
   7.763427E+03   7.763427E+03   9.995734E-01   9.213783E-03   9.213783E-03   0.000000E+00   2.802096E-01   3.770881E+00   1.216012E-01         1
   7.767440E+03   7.767440E+03   9.995730E-01   9.312121E-03   9.312121E-03   0.000000E+00   2.805216E-01   3.770868E+00   1.217838E-01         1
   7.771452E+03   7.771452E+03   9.995726E-01   9.416857E-03   9.416857E-03   0.000000E+00   2.808366E-01   3.770854E+00   1.219689E-01         1
   7.775464E+03   7.775464E+03   9.995722E-01   9.521864E-03   9.521864E-03   0.000000E+00   2.811518E-01   3.770840E+00   1.221541E-01         1
   7.779476E+03   7.779476E+03   9.995718E-01   9.626871E-03   9.626871E-03   0.000000E+00   2.814669E-01   3.770826E+00   1.223394E-01         1
   7.783488E+03   7.783488E+03   9.995714E-01   9.731877E-03   9.731877E-03   0.000000E+00   2.817821E-01   3.770813E+00   1.225246E-01         1
   7.787500E+03   7.787500E+03   9.995710E-01   9.836884E-03   9.836884E-03   0.000000E+00   2.820973E-01   3.770799E+00   1.227098E-01         1
   7.791512E+03   7.791512E+03   9.995706E-01   9.941891E-03   9.941891E-03   0.000000E+00   2.824124E-01   3.770785E+00   1.228950E-01         1
   7.795524E+03   7.795524E+03   9.995702E-01   1.004690E-02   1.004690E-02   0.000000E+00   2.827276E-01   3.770771E+00   1.230802E-01         1
   7.799536E+03   7.799536E+03   9.995698E-01   1.015190E-02   1.015190E-02   0.000000E+00   2.830428E-01   3.770757E+00   1.232655E-01         1
   7.803549E+03   7.803549E+03   9.995694E-01   1.025691E-02   1.025691E-02   0.000000E+00   2.833579E-01   3.770744E+00   1.234507E-01         1
   7.807561E+03   7.807561E+03   9.995690E-01   1.036192E-02   1.036192E-02   0.000000E+00   2.836731E-01   3.770730E+00   1.236359E-01         1
   7.811573E+03   7.811573E+03   9.995686E-01   1.046692E-02   1.046692E-02   0.000000E+00   2.839882E-01   3.770716E+00   1.238211E-01         1
   7.815585E+03   7.815585E+03   9.995682E-01   1.057193E-02   1.057193E-02   0.000000E+00   2.843034E-01   3.770702E+00   1.240064E-01         1
   7.819597E+03   7.819597E+03   9.995678E-01   1.067671E-02   1.067671E-02   0.000000E+00   2.846189E-01   3.770688E+00   1.241919E-01         1
   7.823609E+03   7.823609E+03   9.995674E-01   1.077839E-02   1.077839E-02   0.000000E+00   2.849384E-01   3.770673E+00   1.243811E-01         1
   7.827621E+03   7.827621E+03   9.995670E-01   1.088008E-02   1.088008E-02   0.000000E+00   2.852580E-01   3.770659E+00   1.245703E-01         1
   7.831633E+03   7.831633E+03   9.995666E-01   1.098176E-02   1.098176E-02   0.000000E+00   2.855776E-01   3.770644E+00   1.247596E-01         1
   7.835645E+03   7.835645E+03   9.995662E-01   1.108345E-02   1.108345E-02   0.000000E+00   2.858971E-01   3.770629E+00   1.249488E-01         1
   7.839658E+03   7.839658E+03   9.995658E-01   1.118514E-02   1.118514E-02   0.000000E+00   2.862167E-01   3.770615E+00   1.251380E-01         1
   7.843670E+03   7.843670E+03   9.995654E-01   1.128682E-02   1.128682E-02   0.000000E+00   2.865363E-01   3.770600E+00   1.253273E-01         1
   7.847682E+03   7.847682E+03   9.995650E-01   1.138851E-02   1.138851E-02   0.000000E+00   2.868558E-01   3.770585E+00   1.255165E-01         1
   7.851694E+03   7.851694E+03   9.995646E-01   1.149019E-02   1.149019E-02   0.000000E+00   2.871754E-01   3.770570E+00   1.257058E-01         1
   7.855706E+03   7.855706E+03   9.995641E-01   1.159188E-02   1.159188E-02   0.000000E+00   2.874949E-01   3.770556E+00   1.258950E-01         1
   7.859718E+03   7.859718E+03   9.995637E-01   1.169356E-02   1.169356E-02   0.000000E+00   2.878145E-01   3.770541E+00   1.260842E-01         1
   7.863730E+03   7.863730E+03   9.995633E-01   1.179525E-02   1.179525E-02   0.000000E+00   2.881341E-01   3.770526E+00   1.262735E-01         1
   7.867742E+03   7.867742E+03   9.995629E-01   1.189693E-02   1.189693E-02   0.000000E+00   2.884536E-01   3.770511E+00   1.264627E-01         1
   7.871754E+03   7.871754E+03   9.995625E-01   1.199759E-02   1.199759E-02   0.000000E+00   2.887745E-01   3.770496E+00   1.266532E-01         1
   7.875766E+03   7.875766E+03   9.995621E-01   1.209462E-02   1.209462E-02   0.000000E+00   2.891003E-01   3.770480E+00   1.268480E-01         1
   7.879779E+03   7.879779E+03   9.995617E-01   1.219165E-02   1.219165E-02   0.000000E+00   2.894260E-01   3.770464E+00   1.270429E-01         1
   7.883791E+03   7.883791E+03   9.995613E-01   1.228868E-02   1.228868E-02   0.000000E+00   2.897517E-01   3.770448E+00   1.272378E-01         1
   7.887803E+03   7.887803E+03   9.995609E-01   1.238571E-02   1.238571E-02   0.000000E+00   2.900775E-01   3.770432E+00   1.274326E-01         1
   7.891815E+03   7.891815E+03   9.995604E-01   1.248274E-02   1.248274E-02   0.000000E+00   2.904032E-01   3.770416E+00   1.276275E-01         1
   7.895827E+03   7.895827E+03   9.995600E-01   1.257977E-02   1.257977E-02   0.000000E+00   2.907289E-01   3.770400E+00   1.278224E-01         1
   7.899839E+03   7.899839E+03   9.995596E-01   1.267680E-02   1.267680E-02   0.000000E+00   2.910546E-01   3.770384E+00   1.280172E-01         1
   7.903851E+03   7.903851E+03   9.995592E-01   1.277383E-02   1.277383E-02   0.000000E+00   2.913804E-01   3.770368E+00   1.282121E-01         1
   7.907863E+03   7.907863E+03   9.995588E-01   1.287086E-02   1.287086E-02   0.000000E+00   2.917061E-01   3.770352E+00   1.284070E-01         1
   7.911875E+03   7.911875E+03   9.995584E-01   1.296788E-02   1.296788E-02   0.000000E+00   2.920318E-01   3.770336E+00   1.286018E-01         1
   7.915888E+03   7.915888E+03   9.995580E-01   1.306491E-02   1.306491E-02   0.000000E+00   2.923576E-01   3.770320E+00   1.287967E-01         1
   7.919900E+03   7.919900E+03   9.995575E-01   1.316194E-02   1.316194E-02   0.000000E+00   2.926833E-01   3.770304E+00   1.289916E-01         1
   7.923912E+03   7.923912E+03   9.995571E-01   1.326488E-02   1.326488E-02   0.000000E+00   2.930109E-01   3.770288E+00   1.291882E-01         1
   7.927924E+03   7.927924E+03   9.995567E-01   1.337568E-02   1.337568E-02   0.000000E+00   2.933410E-01   3.770271E+00   1.293870E-01         1
   7.931936E+03   7.931936E+03   9.995563E-01   1.348648E-02   1.348648E-02   0.000000E+00   2.936712E-01   3.770254E+00   1.295859E-01         1
   7.935948E+03   7.935948E+03   9.995559E-01   1.359729E-02   1.359729E-02   0.000000E+00   2.940013E-01   3.770237E+00   1.297848E-01         1
   7.939960E+03   7.939960E+03   9.995554E-01   1.370809E-02   1.370809E-02   0.000000E+00   2.943314E-01   3.770220E+00   1.299836E-01         1
   7.943972E+03   7.943972E+03   9.995550E-01   1.381889E-02   1.381889E-02   0.000000E+00   2.946616E-01   3.770204E+00   1.301825E-01         1
   7.947984E+03   7.947984E+03   9.995546E-01   1.392969E-02   1.392969E-02   0.000000E+00   2.949917E-01   3.770187E+00   1.303813E-01         1
   7.951997E+03   7.951997E+03   9.995542E-01   1.404050E-02   1.404050E-02   0.000000E+00   2.953218E-01   3.770170E+00   1.305802E-01         1
   7.956009E+03   7.956009E+03   9.995537E-01   1.415130E-02   1.415130E-02   0.000000E+00   2.956519E-01   3.770153E+00   1.307791E-01         1
   7.960021E+03   7.960021E+03   9.995533E-01   1.426210E-02   1.426210E-02   0.000000E+00   2.959821E-01   3.770136E+00   1.309779E-01         1
   7.964033E+03   7.964033E+03   9.995529E-01   1.437291E-02   1.437291E-02   0.000000E+00   2.963122E-01   3.770119E+00   1.311768E-01         1
   7.968045E+03   7.968045E+03   9.995525E-01   1.448371E-02   1.448371E-02   0.000000E+00   2.966423E-01   3.770102E+00   1.313757E-01         1
   7.972057E+03   7.972057E+03   9.995521E-01   1.459451E-02   1.459451E-02   0.000000E+00   2.969725E-01   3.770085E+00   1.315745E-01         1
   7.976069E+03   7.976069E+03   9.995516E-01   1.471396E-02   1.471396E-02   0.000000E+00   2.973054E-01   3.770068E+00   1.317759E-01         1
   7.980081E+03   7.980081E+03   9.995512E-01   1.483728E-02   1.483728E-02   0.000000E+00   2.976395E-01   3.770050E+00   1.319784E-01         1
   7.984093E+03   7.984093E+03   9.995508E-01   1.496060E-02   1.496060E-02   0.000000E+00   2.979736E-01   3.770032E+00   1.321809E-01         1
   7.988105E+03   7.988105E+03   9.995504E-01   1.508391E-02   1.508391E-02   0.000000E+00   2.983077E-01   3.770015E+00   1.323834E-01         1
   7.992118E+03   7.992118E+03   9.995499E-01   1.520723E-02   1.520723E-02   0.000000E+00   2.986419E-01   3.769997E+00   1.325859E-01         1
   7.996130E+03   7.996130E+03   9.995495E-01   1.533055E-02   1.533055E-02   0.000000E+00   2.989760E-01   3.769979E+00   1.327884E-01         1
   8.000142E+03   8.000142E+03   9.995491E-01   1.545387E-02   1.545387E-02   0.000000E+00   2.993101E-01   3.769962E+00   1.329909E-01         1
   8.004154E+03   8.004154E+03   9.995486E-01   1.557719E-02   1.557719E-02   0.000000E+00   2.996443E-01   3.769944E+00   1.331934E-01         1
   8.008166E+03   8.008166E+03   9.995482E-01   1.570051E-02   1.570051E-02   0.000000E+00   2.999784E-01   3.769926E+00   1.333959E-01         1
   8.012178E+03   8.012178E+03   9.995478E-01   1.582383E-02   1.582383E-02   0.000000E+00   3.003125E-01   3.769908E+00   1.335984E-01         1
   8.016190E+03   8.016190E+03   9.995474E-01   1.594715E-02   1.594715E-02   0.000000E+00   3.006466E-01   3.769891E+00   1.338009E-01         1
   8.020202E+03   8.020202E+03   9.995469E-01   1.607047E-02   1.607047E-02   0.000000E+00   3.009808E-01   3.769873E+00   1.340034E-01         1
   8.024214E+03   8.024214E+03   9.995465E-01   1.619378E-02   1.619378E-02   0.000000E+00   3.013149E-01   3.769855E+00   1.342059E-01         2
   8.039607E+03   8.039607E+03   9.995448E-01   1.668059E-02   1.668059E-02   0.000000E+00   3.026346E-01   3.769776E+00   1.350242E-01         2
   8.054999E+03   8.054999E+03   9.995431E-01   1.716739E-02   1.716739E-02   0.000000E+00   3.039543E-01   3.769697E+00   1.358425E-01         2
   8.070391E+03   8.070391E+03   9.995414E-01   1.765420E-02   1.765420E-02   0.000000E+00   3.052740E-01   3.769618E+00   1.366608E-01         2
   8.085784E+03   8.085784E+03   9.995397E-01   1.814101E-02   1.814101E-02   0.000000E+00   3.065937E-01   3.769538E+00   1.374791E-01         2
   8.101176E+03   8.101176E+03   9.995380E-01   1.862781E-02   1.862781E-02   0.000000E+00   3.079134E-01   3.769459E+00   1.382975E-01         2
   8.116568E+03   8.116568E+03   9.995363E-01   1.911462E-02   1.911462E-02   0.000000E+00   3.092330E-01   3.769380E+00   1.391158E-01         2
   8.131961E+03   8.131961E+03   9.995346E-01   1.960142E-02   1.960142E-02   0.000000E+00   3.105527E-01   3.769301E+00   1.399341E-01         2
   8.147353E+03   8.147353E+03   9.995329E-01   2.010761E-02   2.010761E-02   0.000000E+00   3.118831E-01   3.769218E+00   1.407654E-01         2
   8.162745E+03   8.162745E+03   9.995312E-01   2.063298E-02   2.063298E-02   0.000000E+00   3.132241E-01   3.769131E+00   1.416095E-01         2
   8.178138E+03   8.178138E+03   9.995294E-01   2.120063E-02   2.120063E-02   0.000000E+00   3.145883E-01   3.769036E+00   1.424819E-01         2
   8.193530E+03   8.193530E+03   9.995276E-01   2.176827E-02   2.176827E-02   0.000000E+00   3.159526E-01   3.768940E+00   1.433543E-01         2
   8.208922E+03   8.208922E+03   9.995258E-01   2.233592E-02   2.233592E-02   0.000000E+00   3.173168E-01   3.768845E+00   1.442267E-01         2
   8.224315E+03   8.224315E+03   9.995240E-01   2.290356E-02   2.290356E-02   0.000000E+00   3.186810E-01   3.768750E+00   1.450991E-01         2
   8.239707E+03   8.239707E+03   9.995223E-01   2.347121E-02   2.347121E-02   0.000000E+00   3.200453E-01   3.768655E+00   1.459715E-01         2
   8.255100E+03   8.255100E+03   9.995205E-01   2.403885E-02   2.403885E-02   0.000000E+00   3.214095E-01   3.768560E+00   1.468439E-01         2
   8.270492E+03   8.270492E+03   9.995187E-01   2.460650E-02   2.460650E-02   0.000000E+00   3.227738E-01   3.768465E+00   1.477163E-01         2
   8.285884E+03   8.285884E+03   9.995169E-01   2.524440E-02   2.524440E-02   0.000000E+00   3.241627E-01   3.768356E+00   1.486276E-01         2
   8.301277E+03   8.301277E+03   9.995150E-01   2.590947E-02   2.590947E-02   0.000000E+00   3.255612E-01   3.768243E+00   1.495538E-01         2
   8.316669E+03   8.316669E+03   9.995132E-01   2.658278E-02   2.658278E-02   0.000000E+00   3.269626E-01   3.768128E+00   1.504847E-01         2
   8.332061E+03   8.332061E+03   9.995113E-01   2.725608E-02   2.725608E-02   0.000000E+00   3.283640E-01   3.768013E+00   1.514155E-01         2
   8.347454E+03   8.347454E+03   9.995095E-01   2.792938E-02   2.792938E-02   0.000000E+00   3.297655E-01   3.767898E+00   1.523463E-01         2
   8.362846E+03   8.362846E+03   9.995076E-01   2.860268E-02   2.860268E-02   0.000000E+00   3.311669E-01   3.767783E+00   1.532771E-01         2
   8.378238E+03   8.378238E+03   9.995057E-01   2.927598E-02   2.927598E-02   0.000000E+00   3.325683E-01   3.767667E+00   1.542080E-01         2
   8.393631E+03   8.393631E+03   9.995039E-01   2.994565E-02   2.994565E-02   0.000000E+00   3.339744E-01   3.767548E+00   1.551501E-01         2
   8.409023E+03   8.409023E+03   9.995020E-01   3.061073E-02   3.061073E-02   0.000000E+00   3.353866E-01   3.767423E+00   1.561066E-01         2
   8.424415E+03   8.424415E+03   9.995000E-01   3.126461E-02   3.126461E-02   0.000000E+00   3.368133E-01   3.767284E+00   1.570980E-01         2
   8.439808E+03   8.439808E+03   9.994981E-01   3.191850E-02   3.191850E-02   0.000000E+00   3.382401E-01   3.767145E+00   1.580895E-01         2
   8.455200E+03   8.455200E+03   9.994961E-01   3.257239E-02   3.257239E-02   0.000000E+00   3.396669E-01   3.767006E+00   1.590809E-01         2
   8.470592E+03   8.470592E+03   9.994942E-01   3.322628E-02   3.322628E-02   0.000000E+00   3.410937E-01   3.766867E+00   1.600723E-01         2
   8.485985E+03   8.485985E+03   9.994923E-01   3.388017E-02   3.388017E-02   0.000000E+00   3.425204E-01   3.766728E+00   1.610637E-01         2
   8.501377E+03   8.501377E+03   9.994903E-01   3.453405E-02   3.453405E-02   0.000000E+00   3.439472E-01   3.766589E+00   1.620551E-01         2
   8.516769E+03   8.516769E+03   9.994884E-01   3.519212E-02   3.519212E-02   0.000000E+00   3.453753E-01   3.766448E+00   1.630507E-01         2
   8.532162E+03   8.532162E+03   9.994864E-01   3.589355E-02   3.589355E-02   0.000000E+00   3.468167E-01   3.766289E+00   1.640896E-01         2
   8.547554E+03   8.547554E+03   9.994843E-01   3.660457E-02   3.660457E-02   0.000000E+00   3.482611E-01   3.766126E+00   1.651381E-01         2
   8.562946E+03   8.562946E+03   9.994823E-01   3.731981E-02   3.731981E-02   0.000000E+00   3.497068E-01   3.765961E+00   1.661908E-01         2
   8.578339E+03   8.578339E+03   9.994803E-01   3.803504E-02   3.803504E-02   0.000000E+00   3.511525E-01   3.765796E+00   1.672435E-01         2
   8.593731E+03   8.593731E+03   9.994783E-01   3.875027E-02   3.875027E-02   0.000000E+00   3.525982E-01   3.765631E+00   1.682962E-01         2
   8.609124E+03   8.609124E+03   9.994763E-01   3.946550E-02   3.946550E-02   0.000000E+00   3.540439E-01   3.765466E+00   1.693489E-01         2
   8.624516E+03   8.624516E+03   9.994742E-01   4.018183E-02   4.018183E-02   0.000000E+00   3.554903E-01   3.765300E+00   1.704038E-01         2
   8.639908E+03   8.639908E+03   9.994722E-01   4.090467E-02   4.090467E-02   0.000000E+00   3.569408E-01   3.765129E+00   1.714719E-01         2
   8.655301E+03   8.655301E+03   9.994701E-01   4.164852E-02   4.164852E-02   0.000000E+00   3.584045E-01   3.764939E+00   1.725822E-01         2
   8.670693E+03   8.670693E+03   9.994680E-01   4.239882E-02   4.239882E-02   0.000000E+00   3.598722E-01   3.764745E+00   1.737055E-01         2
   8.686085E+03   8.686085E+03   9.994659E-01   4.314911E-02   4.314911E-02   0.000000E+00   3.613399E-01   3.764550E+00   1.748288E-01         2
   8.701478E+03   8.701478E+03   9.994638E-01   4.389940E-02   4.389940E-02   0.000000E+00   3.628076E-01   3.764355E+00   1.759521E-01         2
   8.716870E+03   8.716870E+03   9.994617E-01   4.464970E-02   4.464970E-02   0.000000E+00   3.642753E-01   3.764161E+00   1.770754E-01         2
   8.732262E+03   8.732262E+03   9.994596E-01   4.539999E-02   4.539999E-02   0.000000E+00   3.657430E-01   3.763966E+00   1.781988E-01         2
   8.747655E+03   8.747655E+03   9.994575E-01   4.615167E-02   4.615167E-02   0.000000E+00   3.672110E-01   3.763770E+00   1.793238E-01         2
   8.763047E+03   8.763047E+03   9.994553E-01   4.694793E-02   4.694793E-02   0.000000E+00   3.686904E-01   3.763550E+00   1.805046E-01         2
   8.778439E+03   8.778439E+03   9.994531E-01   4.776155E-02   4.776155E-02   0.000000E+00   3.701741E-01   3.763319E+00   1.817072E-01         2
   8.793832E+03   8.793832E+03   9.994509E-01   4.858185E-02   4.858185E-02   0.000000E+00   3.716594E-01   3.763085E+00   1.829181E-01         2
   8.809224E+03   8.809224E+03   9.994487E-01   4.940215E-02   4.940215E-02   0.000000E+00   3.731448E-01   3.762851E+00   1.841291E-01         2
   8.824616E+03   8.824616E+03   9.994466E-01   5.022245E-02   5.022245E-02   0.000000E+00   3.746302E-01   3.762617E+00   1.853400E-01         2
   8.840009E+03   8.840009E+03   9.994444E-01   5.104275E-02   5.104275E-02   0.000000E+00   3.761156E-01   3.762383E+00   1.865509E-01         2
   8.855401E+03   8.855401E+03   9.994422E-01   5.187086E-02   5.187086E-02   0.000000E+00   3.776021E-01   3.762146E+00   1.877688E-01         2
   8.870793E+03   8.870793E+03   9.994399E-01   5.273970E-02   5.273970E-02   0.000000E+00   3.790945E-01   3.761892E+00   1.890226E-01         2
   8.886186E+03   8.886186E+03   9.994376E-01   5.369260E-02   5.369260E-02   0.000000E+00   3.805989E-01   3.761604E+00   1.903506E-01         2
   8.901578E+03   8.901578E+03   9.994354E-01   5.464549E-02   5.464549E-02   0.000000E+00   3.821034E-01   3.761316E+00   1.916786E-01         2
   8.916970E+03   8.916970E+03   9.994331E-01   5.559839E-02   5.559839E-02   0.000000E+00   3.836078E-01   3.761028E+00   1.930066E-01         2
   8.932363E+03   8.932363E+03   9.994308E-01   5.655128E-02   5.655128E-02   0.000000E+00   3.851123E-01   3.760740E+00   1.943347E-01         2
   8.947755E+03   8.947755E+03   9.994285E-01   5.750418E-02   5.750418E-02   0.000000E+00   3.866167E-01   3.760452E+00   1.956627E-01         2
   8.963147E+03   8.963147E+03   9.994262E-01   5.847953E-02   5.847953E-02   0.000000E+00   3.881163E-01   3.760150E+00   1.970170E-01         2
   8.978540E+03   8.978540E+03   9.994238E-01   5.950929E-02   5.950929E-02   0.000000E+00   3.896039E-01   3.759813E+00   1.984351E-01         2
   8.993932E+03   8.993932E+03   9.994214E-01   6.058335E-02   6.058335E-02   0.000000E+00   3.910818E-01   3.759447E+00   1.999051E-01         2
   9.009325E+03   9.009325E+03   9.994190E-01   6.165741E-02   6.165741E-02   0.000000E+00   3.925597E-01   3.759082E+00   2.013751E-01         2
   9.024717E+03   9.024717E+03   9.994166E-01   6.273147E-02   6.273147E-02   0.000000E+00   3.940376E-01   3.758716E+00   2.028451E-01         2
   9.040109E+03   9.040109E+03   9.994142E-01   6.380554E-02   6.380554E-02   0.000000E+00   3.955155E-01   3.758351E+00   2.043151E-01         2
   9.055502E+03   9.055502E+03   9.994118E-01   6.487960E-02   6.487960E-02   0.000000E+00   3.969934E-01   3.757985E+00   2.057852E-01         2
   9.070894E+03   9.070894E+03   9.994093E-01   6.602939E-02   6.602939E-02   0.000000E+00   3.984060E-01   3.757553E+00   2.073563E-01         2
   9.086286E+03   9.086286E+03   9.994068E-01   6.719806E-02   6.719806E-02   0.000000E+00   3.998023E-01   3.757104E+00   2.089526E-01         2
   9.101679E+03   9.101679E+03   9.994043E-01   6.836673E-02   6.836673E-02   0.000000E+00   4.011985E-01   3.756655E+00   2.105490E-01         2
   9.117071E+03   9.117071E+03   9.994018E-01   6.953539E-02   6.953539E-02   0.000000E+00   4.025948E-01   3.756205E+00   2.121453E-01         2
   9.132463E+03   9.132463E+03   9.993993E-01   7.070406E-02   7.070406E-02   0.000000E+00   4.039911E-01   3.755756E+00   2.137417E-01         2
   9.147856E+03   9.147856E+03   9.993968E-01   7.187965E-02   7.187965E-02   0.000000E+00   4.053344E-01   3.755268E+00   2.153896E-01         2
   9.163248E+03   9.163248E+03   9.993942E-01   7.306637E-02   7.306637E-02   0.000000E+00   4.065925E-01   3.754717E+00   2.171204E-01         2
   9.178640E+03   9.178640E+03   9.993916E-01   7.425370E-02   7.425370E-02   0.000000E+00   4.078461E-01   3.754163E+00   2.188558E-01         2
   9.194033E+03   9.194033E+03   9.993890E-01   7.544103E-02   7.544103E-02   0.000000E+00   4.090996E-01   3.753609E+00   2.205911E-01         2
   9.209425E+03   9.209425E+03   9.993864E-01   7.662836E-02   7.662836E-02   0.000000E+00   4.103531E-01   3.753054E+00   2.223265E-01         2
   9.224817E+03   9.224817E+03   9.993838E-01   7.788211E-02   7.788211E-02   0.000000E+00   4.115057E-01   3.752440E+00   2.241322E-01         2
   9.240210E+03   9.240210E+03   9.993811E-01   7.921227E-02   7.921227E-02   0.000000E+00   4.125424E-01   3.751756E+00   2.260190E-01         2
   9.255602E+03   9.255602E+03   9.993785E-01   8.054796E-02   8.054796E-02   0.000000E+00   4.135706E-01   3.751066E+00   2.279116E-01         2
   9.270994E+03   9.270994E+03   9.993758E-01   8.188366E-02   8.188366E-02   0.000000E+00   4.145988E-01   3.750377E+00   2.298043E-01         2
   9.286387E+03   9.286387E+03   9.993731E-01   8.324429E-02   8.324429E-02   0.000000E+00   4.155887E-01   3.749667E+00   2.317189E-01         2
   9.301779E+03   9.301779E+03   9.993703E-01   8.472262E-02   8.472262E-02   0.000000E+00   4.163975E-01   3.748860E+00   2.337375E-01         2
   9.317171E+03   9.317171E+03   9.993676E-01   8.624368E-02   8.624368E-02   0.000000E+00   4.171406E-01   3.748018E+00   2.357939E-01         2
   9.332564E+03   9.332564E+03   9.993648E-01   8.776474E-02   8.776474E-02   0.000000E+00   4.178838E-01   3.747175E+00   2.378502E-01         2
   9.347956E+03   9.347956E+03   9.993621E-01   8.928647E-02   8.928647E-02   0.000000E+00   4.185834E-01   3.746311E+00   2.399277E-01         2
   9.363349E+03   9.363349E+03   9.993592E-01   9.081266E-02   9.081266E-02   0.000000E+00   4.189921E-01   3.745304E+00   2.421471E-01         2
   9.378741E+03   9.378741E+03   9.993564E-01   9.233954E-02   9.233954E-02   0.000000E+00   4.193554E-01   3.744274E+00   2.443885E-01         2
   9.394133E+03   9.394133E+03   9.993536E-01   9.386690E-02   9.386690E-02   0.000000E+00   4.197157E-01   3.743243E+00   2.466314E-01         2
   9.409526E+03   9.409526E+03   9.993507E-01   9.543056E-02   9.543056E-02   0.000000E+00   4.198370E-01   3.742095E+00   2.489881E-01         2
   9.424918E+03   9.424918E+03   9.993479E-01   9.702472E-02   9.702472E-02   0.000000E+00   4.197575E-01   3.740849E+00   2.514404E-01         2
   9.440310E+03   9.440310E+03   9.993450E-01   9.861889E-02   9.861889E-02   0.000000E+00   4.196780E-01   3.739603E+00   2.538928E-01         2
   9.455703E+03   9.455703E+03   9.993421E-01   1.002776E-01   1.002776E-01   0.000000E+00   4.193761E-01   3.738234E+00   2.564788E-01         2
   9.471095E+03   9.471095E+03   9.993391E-01   1.019976E-01   1.019976E-01   0.000000E+00   4.188627E-01   3.736749E+00   2.591917E-01         2
   9.486487E+03   9.486487E+03   9.993362E-01   1.037197E-01   1.037197E-01   0.000000E+00   4.183421E-01   3.735259E+00   2.619126E-01         2
   9.501880E+03   9.501880E+03   9.993333E-01   1.055074E-01   1.055074E-01   0.000000E+00   4.175898E-01   3.733585E+00   2.648838E-01         2
   9.517272E+03   9.517272E+03   9.993303E-01   1.073153E-01   1.073153E-01   0.000000E+00   4.167662E-01   3.731855E+00   2.679322E-01         2
   9.532664E+03   9.532664E+03   9.993273E-01   1.091377E-01   1.091377E-01   0.000000E+00   4.159354E-01   3.730055E+00   2.711171E-01         2
   9.548057E+03   9.548057E+03   9.993243E-01   1.109917E-01   1.109917E-01   0.000000E+00   4.150887E-01   3.728103E+00   2.745981E-01         2
   9.563449E+03   9.563449E+03   9.993213E-01   1.128457E-01   1.128457E-01   0.000000E+00   4.142420E-01   3.726150E+00   2.780791E-01         2
   9.563449E+03   9.563449E+03   9.993213E-01   1.128457E-01   1.128457E-01   0.000000E+00   4.142420E-01   3.726150E+00   2.780791E-01         3
   9.571219E+03   9.571219E+03   9.993197E-01   1.138108E-01   1.138108E-01   0.000000E+00   4.146015E-01   3.725081E+00   2.803979E-01         3
   9.578990E+03   9.578990E+03   9.993182E-01   1.147759E-01   1.147759E-01   0.000000E+00   4.149609E-01   3.724011E+00   2.827168E-01         3
   9.586760E+03   9.586760E+03   9.993166E-01   1.157410E-01   1.157410E-01   0.000000E+00   4.153204E-01   3.722942E+00   2.850356E-01         3
   9.594530E+03   9.594530E+03   9.993150E-01   1.167060E-01   1.167060E-01   0.000000E+00   4.156798E-01   3.721872E+00   2.873544E-01         3
   9.602301E+03   9.602301E+03   9.993134E-01   1.176711E-01   1.176711E-01   0.000000E+00   4.160393E-01   3.720803E+00   2.896732E-01         3
   9.610071E+03   9.610071E+03   9.993119E-01   1.186362E-01   1.186362E-01   0.000000E+00   4.163987E-01   3.719733E+00   2.919921E-01         3
   9.617841E+03   9.617841E+03   9.993103E-01   1.196012E-01   1.196012E-01   0.000000E+00   4.167582E-01   3.718664E+00   2.943109E-01         3
   9.625611E+03   9.625611E+03   9.993087E-01   1.205663E-01   1.205663E-01   0.000000E+00   4.171176E-01   3.717594E+00   2.966297E-01         3
   9.633382E+03   9.633382E+03   9.993072E-01   1.215314E-01   1.215314E-01   0.000000E+00   4.174771E-01   3.716524E+00   2.989485E-01         3
   9.641152E+03   9.641152E+03   9.993056E-01   1.224964E-01   1.224964E-01   0.000000E+00   4.178365E-01   3.715455E+00   3.012673E-01         3
   9.648922E+03   9.648922E+03   9.993040E-01   1.234615E-01   1.234615E-01   0.000000E+00   4.181960E-01   3.714385E+00   3.035862E-01         3
   9.656693E+03   9.656693E+03   9.993023E-01   1.244455E-01   1.244455E-01   0.000000E+00   4.199520E-01   3.713394E+00   3.064478E-01         3
   9.664463E+03   9.664463E+03   9.993006E-01   1.254446E-01   1.254446E-01   0.000000E+00   4.228313E-01   3.712464E+00   3.097460E-01         3
   9.672233E+03   9.672233E+03   9.992989E-01   1.264437E-01   1.264437E-01   0.000000E+00   4.257105E-01   3.711535E+00   3.130441E-01         3
   9.680003E+03   9.680003E+03   9.992971E-01   1.274428E-01   1.274428E-01   0.000000E+00   4.285898E-01   3.710606E+00   3.163423E-01         3
   9.687774E+03   9.687774E+03   9.992954E-01   1.284419E-01   1.284419E-01   0.000000E+00   4.314691E-01   3.709676E+00   3.196404E-01         3
   9.695544E+03   9.695544E+03   9.992936E-01   1.294411E-01   1.294411E-01   0.000000E+00   4.343483E-01   3.708747E+00   3.229386E-01         3
   9.703314E+03   9.703314E+03   9.992919E-01   1.304402E-01   1.304402E-01   0.000000E+00   4.372276E-01   3.707818E+00   3.262367E-01         3
   9.711085E+03   9.711085E+03   9.992902E-01   1.314393E-01   1.314393E-01   0.000000E+00   4.401068E-01   3.706889E+00   3.295349E-01         3
   9.718855E+03   9.718855E+03   9.992884E-01   1.324384E-01   1.324384E-01   0.000000E+00   4.429861E-01   3.705959E+00   3.328331E-01         3
   9.726625E+03   9.726625E+03   9.992867E-01   1.334376E-01   1.334376E-01   0.000000E+00   4.458653E-01   3.705030E+00   3.361312E-01         3
   9.734395E+03   9.734395E+03   9.992849E-01   1.344367E-01   1.344367E-01   0.000000E+00   4.487446E-01   3.704101E+00   3.394294E-01         3
   9.742166E+03   9.742166E+03   9.992829E-01   1.354153E-01   1.354153E-01   0.000000E+00   4.539893E-01   3.703400E+00   3.434535E-01         3
   9.749936E+03   9.749936E+03   9.992808E-01   1.363887E-01   1.363887E-01   0.000000E+00   4.598304E-01   3.702757E+00   3.476607E-01         3
   9.757706E+03   9.757706E+03   9.992787E-01   1.373621E-01   1.373621E-01   0.000000E+00   4.656716E-01   3.702113E+00   3.518680E-01         3
   9.765477E+03   9.765477E+03   9.992767E-01   1.383355E-01   1.383355E-01   0.000000E+00   4.715127E-01   3.701470E+00   3.560752E-01         3
   9.773247E+03   9.773247E+03   9.992746E-01   1.393089E-01   1.393089E-01   0.000000E+00   4.773538E-01   3.700827E+00   3.602824E-01         3
   9.781017E+03   9.781017E+03   9.992725E-01   1.402823E-01   1.402823E-01   0.000000E+00   4.831950E-01   3.700183E+00   3.644896E-01         3
   9.788788E+03   9.788788E+03   9.992704E-01   1.412557E-01   1.412557E-01   0.000000E+00   4.890361E-01   3.699540E+00   3.686968E-01         3
   9.796558E+03   9.796558E+03   9.992683E-01   1.422291E-01   1.422291E-01   0.000000E+00   4.948772E-01   3.698897E+00   3.729040E-01         3
   9.804328E+03   9.804328E+03   9.992662E-01   1.432025E-01   1.432025E-01   0.000000E+00   5.007260E-01   3.698254E+00   3.771135E-01         3
   9.812098E+03   9.812098E+03   9.992636E-01   1.441720E-01   1.441720E-01   0.000000E+00   5.086188E-01   3.697823E+00   3.819214E-01         3
   9.819869E+03   9.819869E+03   9.992610E-01   1.451416E-01   1.451416E-01   0.000000E+00   5.165115E-01   3.697393E+00   3.867294E-01         3
   9.827639E+03   9.827639E+03   9.992585E-01   1.461111E-01   1.461111E-01   0.000000E+00   5.244043E-01   3.696962E+00   3.915373E-01         3
   9.835409E+03   9.835409E+03   9.992559E-01   1.470806E-01   1.470806E-01   0.000000E+00   5.322971E-01   3.696531E+00   3.963452E-01         3
   9.843180E+03   9.843180E+03   9.992533E-01   1.480501E-01   1.480501E-01   0.000000E+00   5.401899E-01   3.696100E+00   4.011532E-01         3
   9.850950E+03   9.850950E+03   9.992507E-01   1.490197E-01   1.490197E-01   0.000000E+00   5.480827E-01   3.695670E+00   4.059611E-01         3
   9.858720E+03   9.858720E+03   9.992481E-01   1.499892E-01   1.499892E-01   0.000000E+00   5.559755E-01   3.695239E+00   4.107691E-01         3
   9.866490E+03   9.866490E+03   9.992451E-01   1.509843E-01   1.509843E-01   0.000000E+00   5.647928E-01   3.694876E+00   4.159029E-01         3
   9.874261E+03   9.874261E+03   9.992419E-01   1.519943E-01   1.519943E-01   0.000000E+00   5.741519E-01   3.694554E+00   4.212277E-01         3
   9.882031E+03   9.882031E+03   9.992387E-01   1.530044E-01   1.530044E-01   0.000000E+00   5.835110E-01   3.694231E+00   4.265525E-01         3
   9.889801E+03   9.889801E+03   9.992355E-01   1.540145E-01   1.540145E-01   0.000000E+00   5.928701E-01   3.693908E+00   4.318773E-01         3
   9.897572E+03   9.897572E+03   9.992323E-01   1.550245E-01   1.550245E-01   0.000000E+00   6.022292E-01   3.693586E+00   4.372022E-01         3
   9.905342E+03   9.905342E+03   9.992291E-01   1.560346E-01   1.560346E-01   0.000000E+00   6.115883E-01   3.693263E+00   4.425270E-01         3
   9.913112E+03   9.913112E+03   9.992258E-01   1.570505E-01   1.570505E-01   0.000000E+00   6.211486E-01   3.692946E+00   4.479403E-01         3
   9.920882E+03   9.920882E+03   9.992217E-01   1.581000E-01   1.581000E-01   0.000000E+00   6.318727E-01   3.692665E+00   4.538652E-01         3
   9.928653E+03   9.928653E+03   9.992177E-01   1.591495E-01   1.591495E-01   0.000000E+00   6.425969E-01   3.692384E+00   4.597901E-01         3
   9.936423E+03   9.936423E+03   9.992137E-01   1.601990E-01   1.601990E-01   0.000000E+00   6.533210E-01   3.692102E+00   4.657150E-01         3
   9.944193E+03   9.944193E+03   9.992097E-01   1.612485E-01   1.612485E-01   0.000000E+00   6.640451E-01   3.691821E+00   4.716399E-01         3
   9.951964E+03   9.951964E+03   9.992056E-01   1.622981E-01   1.622981E-01   0.000000E+00   6.747693E-01   3.691539E+00   4.775648E-01         3
   9.959734E+03   9.959734E+03   9.992012E-01   1.633806E-01   1.633806E-01   0.000000E+00   6.859959E-01   3.691255E+00   4.837471E-01         3
   9.967504E+03   9.967504E+03   9.991962E-01   1.645182E-01   1.645182E-01   0.000000E+00   6.980634E-01   3.690965E+00   4.903601E-01         3
   9.975275E+03   9.975275E+03   9.991912E-01   1.656559E-01   1.656559E-01   0.000000E+00   7.101309E-01   3.690676E+00   4.969731E-01         3
   9.983045E+03   9.983045E+03   9.991862E-01   1.667936E-01   1.667936E-01   0.000000E+00   7.221984E-01   3.690386E+00   5.035861E-01         3
   9.990815E+03   9.990815E+03   9.991812E-01   1.679313E-01   1.679313E-01   0.000000E+00   7.342659E-01   3.690096E+00   5.101991E-01         3
   9.998585E+03   9.998585E+03   9.991759E-01   1.690851E-01   1.690851E-01   0.000000E+00   7.466213E-01   3.689799E+00   5.169707E-01         3
   1.000636E+04   1.000636E+04   9.991696E-01   1.703089E-01   1.703089E-01   0.000000E+00   7.602202E-01   3.689471E+00   5.244278E-01         3
   1.001413E+04   1.001413E+04   9.991634E-01   1.715327E-01   1.715327E-01   0.000000E+00   7.738191E-01   3.689142E+00   5.318848E-01         3
   1.002190E+04   1.002190E+04   9.991571E-01   1.727566E-01   1.727566E-01   0.000000E+00   7.874181E-01   3.688813E+00   5.393419E-01         3
   1.002967E+04   1.002967E+04   9.991508E-01   1.739804E-01   1.739804E-01   0.000000E+00   8.010170E-01   3.688484E+00   5.467990E-01         3
   1.003744E+04   1.003744E+04   9.991436E-01   1.752699E-01   1.752699E-01   0.000000E+00   8.155993E-01   3.688111E+00   5.548362E-01         3
   1.004521E+04   1.004521E+04   9.991358E-01   1.766124E-01   1.766124E-01   0.000000E+00   8.309741E-01   3.687702E+00   5.633412E-01         3
   1.005298E+04   1.005298E+04   9.991279E-01   1.779550E-01   1.779550E-01   0.000000E+00   8.463490E-01   3.687294E+00   5.718462E-01         3
   1.006075E+04   1.006075E+04   9.991200E-01   1.792975E-01   1.792975E-01   0.000000E+00   8.617239E-01   3.686885E+00   5.803512E-01         3
   1.006852E+04   1.006852E+04   9.991112E-01   1.807030E-01   1.807030E-01   0.000000E+00   8.779627E-01   3.686435E+00   5.893708E-01         3
   1.007629E+04   1.007629E+04   9.991013E-01   1.821900E-01   1.821900E-01   0.000000E+00   8.953203E-01   3.685931E+00   5.990569E-01         3
   1.008406E+04   1.008406E+04   9.990915E-01   1.836770E-01   1.836770E-01   0.000000E+00   9.126779E-01   3.685427E+00   6.087429E-01         3
   1.009183E+04   1.009183E+04   9.990816E-01   1.851641E-01   1.851641E-01   0.000000E+00   9.300354E-01   3.684924E+00   6.184290E-01         3
   1.009960E+04   1.009960E+04   9.990697E-01   1.867861E-01   1.867861E-01   0.000000E+00   9.492391E-01   3.684324E+00   6.292306E-01         3
   1.010737E+04   1.010737E+04   9.990573E-01   1.884470E-01   1.884470E-01   0.000000E+00   9.689734E-01   3.683696E+00   6.403529E-01         3
   1.011514E+04   1.011514E+04   9.990448E-01   1.901079E-01   1.901079E-01   0.000000E+00   9.887078E-01   3.683069E+00   6.514751E-01         3
   1.012291E+04   1.012291E+04   9.990306E-01   1.918763E-01   1.918763E-01   0.000000E+00   1.009872E+00   3.682355E+00   6.634841E-01         3
   1.013068E+04   1.013068E+04   9.990149E-01   1.937325E-01   1.937325E-01   0.000000E+00   1.032200E+00   3.681572E+00   6.762155E-01         3
   1.013845E+04   1.013845E+04   9.989993E-01   1.955887E-01   1.955887E-01   0.000000E+00   1.054528E+00   3.680788E+00   6.889469E-01         3
   1.014622E+04   1.014622E+04   9.989808E-01   1.976100E-01   1.976100E-01   0.000000E+00   1.078919E+00   3.679878E+00   7.029621E-01         3
   1.015399E+04   1.015399E+04   9.989611E-01   1.997033E-01   1.997033E-01   0.000000E+00   1.104210E+00   3.678913E+00   7.175378E-01         3
   1.016176E+04   1.016176E+04   9.989405E-01   2.018424E-01   2.018424E-01   0.000000E+00   1.130089E+00   3.677910E+00   7.324833E-01         3
   1.016953E+04   1.016953E+04   9.989155E-01   2.042004E-01   2.042004E-01   0.000000E+00   1.158780E+00   3.676726E+00   7.491966E-01         3
   1.017730E+04   1.017730E+04   9.988905E-01   2.065584E-01   2.065584E-01   0.000000E+00   1.187472E+00   3.675543E+00   7.659099E-01         3
   1.018507E+04   1.018507E+04   9.988595E-01   2.092072E-01   2.092072E-01   0.000000E+00   1.219488E+00   3.674145E+00   7.847120E-01         3
   1.019284E+04   1.019284E+04   9.988281E-01   2.118720E-01   2.118720E-01   0.000000E+00   1.251687E+00   3.672736E+00   8.036295E-01         3
   1.020061E+04   1.020061E+04   9.987886E-01   2.148899E-01   2.148899E-01   0.000000E+00   1.287651E+00   3.671065E+00   8.249535E-01         3
   1.020838E+04   1.020838E+04   9.987467E-01   2.180008E-01   2.180008E-01   0.000000E+00   1.324491E+00   3.669329E+00   8.468465E-01         3
   1.021615E+04   1.021615E+04   9.986963E-01   2.214409E-01   2.214409E-01   0.000000E+00   1.364364E+00   3.667362E+00   8.707175E-01         3
   1.022392E+04   1.022392E+04   9.986381E-01   2.251465E-01   2.251465E-01   0.000000E+00   1.405776E+00   3.665264E+00   8.956197E-01         3
   1.023169E+04   1.023169E+04   9.985727E-01   2.290868E-01   2.290868E-01   0.000000E+00   1.446704E+00   3.663162E+00   9.202868E-01         3
   1.023946E+04   1.023946E+04   9.984900E-01   2.335534E-01   2.335534E-01   0.000000E+00   1.472456E+00   3.661912E+00   9.356628E-01         3
   1.024723E+04   1.024723E+04   9.984073E-01   2.380115E-01   2.380115E-01   0.000000E+00   1.495940E+00   3.660800E+00   9.496284E-01         3
   1.025501E+04   1.025501E+04   9.983234E-01   2.423357E-01   2.423357E-01   0.000000E+00   1.483325E+00   3.661887E+00   9.411474E-01         3
   1.026278E+04   1.026278E+04   9.982372E-01   2.464597E-01   2.464597E-01   0.000000E+00   1.495532E+00   3.661446E+00   9.481325E-01         3
   1.027055E+04   1.027055E+04   9.981407E-01   2.503549E-01   2.503549E-01   0.000000E+00   1.554785E+00   3.658081E+00   9.844889E-01         3
   1.027832E+04   1.027832E+04   9.980197E-01   2.548176E-01   2.548176E-01   0.000000E+00   1.618118E+00   3.654362E+00   1.023594E+00         3
   1.028609E+04   1.028609E+04   9.978635E-01   2.600298E-01   2.600298E-01   0.000000E+00   1.689129E+00   3.650050E+00   1.067723E+00         3
   1.029386E+04   1.029386E+04   9.976560E-01   2.662299E-01   2.662299E-01   0.000000E+00   1.770516E+00   3.644896E+00   1.118725E+00         3
   1.030163E+04   1.030163E+04   9.973709E-01   2.737426E-01   2.737426E-01   0.000000E+00   1.866300E+00   3.638591E+00   1.179227E+00         3
   1.030940E+04   1.030940E+04   9.969426E-01   2.833792E-01   2.833792E-01   0.000000E+00   1.982124E+00   3.630616E+00   1.253089E+00         3
   1.031717E+04   1.031717E+04   9.962245E-01   2.965189E-01   2.965189E-01   0.000000E+00   2.132231E+00   3.619601E+00   1.350172E+00         3
   1.032494E+04   1.032494E+04   9.948164E-01   3.161496E-01   3.161496E-01   0.000000E+00   2.338815E+00   3.603369E+00   1.485929E+00         3
   1.033271E+04   1.033271E+04   9.908778E-01   3.521124E-01   3.521124E-01   0.000000E+00   2.666655E+00   3.576056E+00   1.704474E+00         3
   1.034048E+04   1.034048E+04   9.579809E-01   4.701499E-01   4.701499E-01   0.000000E+00   3.385664E+00   3.508709E+00   2.106832E+00         3
   1.034048E+04   1.034048E+04   9.579806E-01   4.701505E-01   4.701505E-01   0.000000E+00   3.385666E+00   3.508709E+00   2.106833E+00         4
   1.034169E+04   1.034169E+04   9.578338E-01   4.703667E-01   4.703667E-01   0.000000E+00   1.770658E+00   3.664408E+00   1.079771E+00         4
   1.034290E+04   1.034290E+04   9.578037E-01   4.703736E-01   4.703736E-01   0.000000E+00   1.714611E+00   3.670114E+00   1.040337E+00         4
   1.034411E+04   1.034411E+04   9.577747E-01   4.703975E-01   4.703975E-01   0.000000E+00   1.717962E+00   3.669769E+00   1.042702E+00         4
   1.034532E+04   1.034532E+04   9.577445E-01   4.704091E-01   4.704091E-01   0.000000E+00   1.721624E+00   3.669499E+00   1.045072E+00         4
   1.034652E+04   1.034652E+04   9.577144E-01   4.704207E-01   4.704207E-01   0.000000E+00   1.725286E+00   3.669230E+00   1.047442E+00         4
   1.034773E+04   1.034773E+04   9.576842E-01   4.704323E-01   4.704323E-01   0.000000E+00   1.728948E+00   3.668961E+00   1.049812E+00         4
   1.034894E+04   1.034894E+04   9.576541E-01   4.704438E-01   4.704438E-01   0.000000E+00   1.732610E+00   3.668691E+00   1.052181E+00         4
   1.035015E+04   1.035015E+04   9.576240E-01   4.709644E-01   4.709644E-01   0.000000E+00   1.732278E+00   3.668829E+00   1.051739E+00         4
   1.035136E+04   1.035136E+04   9.575940E-01   4.715042E-01   4.715042E-01   0.000000E+00   1.731794E+00   3.668983E+00   1.051190E+00         4
   1.035257E+04   1.035257E+04   9.575639E-01   4.720440E-01   4.720440E-01   0.000000E+00   1.731311E+00   3.669137E+00   1.050641E+00         4
   1.035378E+04   1.035378E+04   9.575339E-01   4.725837E-01   4.725837E-01   0.000000E+00   1.730827E+00   3.669290E+00   1.050092E+00         4
   1.035499E+04   1.035499E+04   9.575038E-01   4.731235E-01   4.731235E-01   0.000000E+00   1.730344E+00   3.669444E+00   1.049543E+00         4
   1.035620E+04   1.035620E+04   9.574738E-01   4.736633E-01   4.736633E-01   0.000000E+00   1.729860E+00   3.669597E+00   1.048994E+00         4
   1.035741E+04   1.035741E+04   9.574437E-01   4.742031E-01   4.742031E-01   0.000000E+00   1.729377E+00   3.669751E+00   1.048445E+00         4
   1.035862E+04   1.035862E+04   9.574137E-01   4.747429E-01   4.747429E-01   0.000000E+00   1.728893E+00   3.669905E+00   1.047896E+00         4
   1.035983E+04   1.035983E+04   9.573836E-01   4.752827E-01   4.752827E-01   0.000000E+00   1.728410E+00   3.670058E+00   1.047347E+00         4
   1.036103E+04   1.036103E+04   9.573536E-01   4.758225E-01   4.758225E-01   0.000000E+00   1.727926E+00   3.670212E+00   1.046798E+00         4
   1.036224E+04   1.036224E+04   9.573235E-01   4.763623E-01   4.763623E-01   0.000000E+00   1.727443E+00   3.670365E+00   1.046249E+00         4
   1.036345E+04   1.036345E+04   9.572935E-01   4.769020E-01   4.769020E-01   0.000000E+00   1.726959E+00   3.670519E+00   1.045701E+00         4
   1.036466E+04   1.036466E+04   9.572634E-01   4.774418E-01   4.774418E-01   0.000000E+00   1.726475E+00   3.670672E+00   1.045152E+00         4
   1.036587E+04   1.036587E+04   9.572334E-01   4.779816E-01   4.779816E-01   0.000000E+00   1.725992E+00   3.670826E+00   1.044603E+00         4
   1.036708E+04   1.036708E+04   9.572033E-01   4.785214E-01   4.785214E-01   0.000000E+00   1.725508E+00   3.670980E+00   1.044054E+00         4
   1.036829E+04   1.036829E+04   9.571733E-01   4.790612E-01   4.790612E-01   0.000000E+00   1.725025E+00   3.671133E+00   1.043505E+00         4
   1.036950E+04   1.036950E+04   9.571432E-01   4.796010E-01   4.796010E-01   0.000000E+00   1.724541E+00   3.671287E+00   1.042956E+00         4
   1.037071E+04   1.037071E+04   9.571132E-01   4.801408E-01   4.801408E-01   0.000000E+00   1.724058E+00   3.671440E+00   1.042407E+00         4
   1.037192E+04   1.037192E+04   9.570834E-01   4.806722E-01   4.806722E-01   0.000000E+00   1.723704E+00   3.671579E+00   1.041954E+00         4
   1.037313E+04   1.037313E+04   9.570542E-01   4.811874E-01   4.811874E-01   0.000000E+00   1.723603E+00   3.671687E+00   1.041686E+00         4
   1.037434E+04   1.037434E+04   9.570250E-01   4.817026E-01   4.817026E-01   0.000000E+00   1.723501E+00   3.671795E+00   1.041419E+00         4
   1.037555E+04   1.037555E+04   9.569958E-01   4.822178E-01   4.822178E-01   0.000000E+00   1.723400E+00   3.671903E+00   1.041152E+00         4
   1.037675E+04   1.037675E+04   9.569666E-01   4.827330E-01   4.827330E-01   0.000000E+00   1.723299E+00   3.672012E+00   1.040885E+00         4
   1.037796E+04   1.037796E+04   9.569373E-01   4.832482E-01   4.832482E-01   0.000000E+00   1.723198E+00   3.672120E+00   1.040618E+00         4
   1.037917E+04   1.037917E+04   9.569081E-01   4.837634E-01   4.837634E-01   0.000000E+00   1.723096E+00   3.672228E+00   1.040351E+00         4
   1.038038E+04   1.038038E+04   9.568789E-01   4.842786E-01   4.842786E-01   0.000000E+00   1.722995E+00   3.672336E+00   1.040084E+00         4
   1.038159E+04   1.038159E+04   9.568497E-01   4.847938E-01   4.847938E-01   0.000000E+00   1.722894E+00   3.672445E+00   1.039816E+00         4
   1.038280E+04   1.038280E+04   9.568205E-01   4.853090E-01   4.853090E-01   0.000000E+00   1.722792E+00   3.672553E+00   1.039549E+00         4
   1.038401E+04   1.038401E+04   9.567913E-01   4.858241E-01   4.858241E-01   0.000000E+00   1.722691E+00   3.672661E+00   1.039282E+00         4
   1.038522E+04   1.038522E+04   9.567621E-01   4.863393E-01   4.863393E-01   0.000000E+00   1.722590E+00   3.672769E+00   1.039015E+00         4
   1.038643E+04   1.038643E+04   9.567329E-01   4.868545E-01   4.868545E-01   0.000000E+00   1.722489E+00   3.672878E+00   1.038748E+00         4
   1.038764E+04   1.038764E+04   9.567037E-01   4.873697E-01   4.873697E-01   0.000000E+00   1.722387E+00   3.672986E+00   1.038481E+00         4
   1.038885E+04   1.038885E+04   9.566745E-01   4.878849E-01   4.878849E-01   0.000000E+00   1.722286E+00   3.673094E+00   1.038213E+00         4
   1.039006E+04   1.039006E+04   9.566453E-01   4.884001E-01   4.884001E-01   0.000000E+00   1.722185E+00   3.673203E+00   1.037946E+00         4
   1.039127E+04   1.039127E+04   9.566161E-01   4.889153E-01   4.889153E-01   0.000000E+00   1.722084E+00   3.673311E+00   1.037679E+00         4
   1.039247E+04   1.039247E+04   9.565870E-01   4.893583E-01   4.893583E-01   0.000000E+00   1.722222E+00   3.673381E+00   1.037608E+00         4
   1.039368E+04   1.039368E+04   9.565579E-01   4.897795E-01   4.897795E-01   0.000000E+00   1.722432E+00   3.673439E+00   1.037596E+00         4
   1.039489E+04   1.039489E+04   9.565289E-01   4.902006E-01   4.902006E-01   0.000000E+00   1.722643E+00   3.673498E+00   1.037585E+00         4
   1.039610E+04   1.039610E+04   9.564998E-01   4.906218E-01   4.906218E-01   0.000000E+00   1.722853E+00   3.673556E+00   1.037573E+00         4
   1.039731E+04   1.039731E+04   9.564708E-01   4.910430E-01   4.910430E-01   0.000000E+00   1.723064E+00   3.673614E+00   1.037562E+00         4
   1.039852E+04   1.039852E+04   9.564418E-01   4.914641E-01   4.914641E-01   0.000000E+00   1.723274E+00   3.673673E+00   1.037550E+00         4
   1.039973E+04   1.039973E+04   9.564127E-01   4.918853E-01   4.918853E-01   0.000000E+00   1.723485E+00   3.673731E+00   1.037539E+00         4
   1.040094E+04   1.040094E+04   9.563837E-01   4.923064E-01   4.923064E-01   0.000000E+00   1.723695E+00   3.673790E+00   1.037527E+00         4
   1.040215E+04   1.040215E+04   9.563546E-01   4.927276E-01   4.927276E-01   0.000000E+00   1.723906E+00   3.673848E+00   1.037515E+00         4
   1.040336E+04   1.040336E+04   9.563256E-01   4.931487E-01   4.931487E-01   0.000000E+00   1.724116E+00   3.673907E+00   1.037504E+00         4
   1.040457E+04   1.040457E+04   9.562965E-01   4.935699E-01   4.935699E-01   0.000000E+00   1.724327E+00   3.673965E+00   1.037492E+00         4
   1.040578E+04   1.040578E+04   9.562675E-01   4.939911E-01   4.939911E-01   0.000000E+00   1.724537E+00   3.674023E+00   1.037481E+00         4
   1.040699E+04   1.040699E+04   9.562384E-01   4.944122E-01   4.944122E-01   0.000000E+00   1.724748E+00   3.674082E+00   1.037469E+00         4
   1.040819E+04   1.040819E+04   9.562094E-01   4.948334E-01   4.948334E-01   0.000000E+00   1.724958E+00   3.674140E+00   1.037458E+00         4
   1.040940E+04   1.040940E+04   9.561804E-01   4.952545E-01   4.952545E-01   0.000000E+00   1.725169E+00   3.674199E+00   1.037446E+00         4
   1.041061E+04   1.041061E+04   9.561513E-01   4.956757E-01   4.956757E-01   0.000000E+00   1.725379E+00   3.674257E+00   1.037434E+00         4
   1.041182E+04   1.041182E+04   9.561223E-01   4.960969E-01   4.960969E-01   0.000000E+00   1.725590E+00   3.674315E+00   1.037423E+00         4
   1.041303E+04   1.041303E+04   9.560932E-01   4.965180E-01   4.965180E-01   0.000000E+00   1.725800E+00   3.674374E+00   1.037411E+00         4
   1.041424E+04   1.041424E+04   9.560636E-01   4.968877E-01   4.968877E-01   0.000000E+00   1.726840E+00   3.674329E+00   1.038021E+00         4
   1.041545E+04   1.041545E+04   9.560338E-01   4.972516E-01   4.972516E-01   0.000000E+00   1.727974E+00   3.674273E+00   1.038701E+00         4
   1.041666E+04   1.041666E+04   9.560041E-01   4.976155E-01   4.976155E-01   0.000000E+00   1.729109E+00   3.674216E+00   1.039380E+00         4
   1.041787E+04   1.041787E+04   9.559744E-01   4.979793E-01   4.979793E-01   0.000000E+00   1.730243E+00   3.674160E+00   1.040060E+00         4
   1.041908E+04   1.041908E+04   9.559447E-01   4.983432E-01   4.983432E-01   0.000000E+00   1.731377E+00   3.674104E+00   1.040740E+00         4
   1.042029E+04   1.042029E+04   9.559150E-01   4.987071E-01   4.987071E-01   0.000000E+00   1.732511E+00   3.674047E+00   1.041420E+00         4
   1.042150E+04   1.042150E+04   9.558852E-01   4.990709E-01   4.990709E-01   0.000000E+00   1.733645E+00   3.673991E+00   1.042100E+00         4
   1.042270E+04   1.042270E+04   9.558555E-01   4.994348E-01   4.994348E-01   0.000000E+00   1.734779E+00   3.673934E+00   1.042780E+00         4
   1.042391E+04   1.042391E+04   9.558255E-01   4.997882E-01   4.997882E-01   0.000000E+00   1.736188E+00   3.673848E+00   1.043657E+00         4
   1.042512E+04   1.042512E+04   9.557948E-01   5.001153E-01   5.001153E-01   0.000000E+00   1.738288E+00   3.673686E+00   1.045031E+00         4
   1.042633E+04   1.042633E+04   9.557641E-01   5.004425E-01   5.004425E-01   0.000000E+00   1.740388E+00   3.673524E+00   1.046404E+00         4
   1.042754E+04   1.042754E+04   9.557334E-01   5.007696E-01   5.007696E-01   0.000000E+00   1.742488E+00   3.673363E+00   1.047777E+00         4
   1.042875E+04   1.042875E+04   9.557027E-01   5.010967E-01   5.010967E-01   0.000000E+00   1.744587E+00   3.673201E+00   1.049151E+00         4
   1.042996E+04   1.042996E+04   9.556707E-01   5.014597E-01   5.014597E-01   0.000000E+00   1.747717E+00   3.672927E+00   1.051263E+00         4
   1.043117E+04   1.043117E+04   9.556386E-01   5.018274E-01   5.018274E-01   0.000000E+00   1.750984E+00   3.672638E+00   1.053474E+00         4
   1.043238E+04   1.043238E+04   9.556066E-01   5.021951E-01   5.021951E-01   0.000000E+00   1.754252E+00   3.672350E+00   1.055685E+00         4
   1.043359E+04   1.043359E+04   9.555740E-01   5.025432E-01   5.025432E-01   0.000000E+00   1.757158E+00   3.672097E+00   1.057644E+00         4
   1.043480E+04   1.043480E+04   9.555408E-01   5.028648E-01   5.028648E-01   0.000000E+00   1.759577E+00   3.671892E+00   1.059262E+00         4
   1.043601E+04   1.043601E+04   9.555076E-01   5.031863E-01   5.031863E-01   0.000000E+00   1.761995E+00   3.671688E+00   1.060880E+00         4
   1.043722E+04   1.043722E+04   9.554733E-01   5.035086E-01   5.035086E-01   8.967886E-02   1.769666E+00   3.670956E+00   1.066181E+00         4
   1.043842E+04   1.043842E+04   9.554384E-01   5.038517E-01   5.038517E-01   1.848842E-01   1.777969E+00   3.670157E+00   1.071929E+00         4
   1.043963E+04   1.043963E+04   9.554020E-01   5.042975E-01   5.042975E-01   2.016011E-01   1.783217E+00   3.669656E+00   1.075555E+00         4
   1.044084E+04   1.044084E+04   9.553646E-01   5.047043E-01   5.047043E-01   1.987738E-01   1.794735E+00   3.668541E+00   1.083545E+00         4
   1.044205E+04   1.044205E+04   9.553292E-01   5.049678E-01   5.049678E-01   0.000000E+00   1.753235E+00   3.672974E+00   1.053927E+00         4
   1.044326E+04   1.044326E+04   9.552962E-01   5.053101E-01   5.053101E-01   0.000000E+00   1.762713E+00   3.672010E+00   1.060596E+00         4
   1.044447E+04   1.044447E+04   9.552617E-01   5.056383E-01   5.056383E-01   8.956196E-02   1.771705E+00   3.671120E+00   1.066871E+00         4
   1.044568E+04   1.044568E+04   9.552264E-01   5.059863E-01   5.059863E-01   1.639761E-01   1.781385E+00   3.670161E+00   1.073629E+00         4
   1.044689E+04   1.044689E+04   9.551896E-01   5.063902E-01   5.063902E-01   1.667061E-01   1.793134E+00   3.668984E+00   1.081858E+00         4
   1.044810E+04   1.044810E+04   9.551507E-01   5.067182E-01   5.067182E-01   1.692822E-01   1.808069E+00   3.667513E+00   1.092268E+00         4
   1.044931E+04   1.044931E+04   9.551089E-01   5.071933E-01   5.071933E-01   1.713540E-01   1.827641E+00   3.665581E+00   1.105918E+00         4
   1.045052E+04   1.045052E+04   9.550638E-01   5.076594E-01   5.076594E-01   1.736037E-01   1.852601E+00   3.663137E+00   1.123285E+00         4
   1.045173E+04   1.045173E+04   9.550238E-01   5.081279E-01   5.081279E-01   0.000000E+00   1.766139E+00   3.672080E+00   1.062169E+00         4
   1.045294E+04   1.045294E+04   9.549889E-01   5.083461E-01   5.083461E-01   0.000000E+00   1.775142E+00   3.671188E+00   1.068453E+00         4
   1.045414E+04   1.045414E+04   9.549530E-01   5.086401E-01   5.086401E-01   5.641453E-02   1.785298E+00   3.670175E+00   1.075557E+00         4
   1.045535E+04   1.045535E+04   9.549157E-01   5.089952E-01   5.089952E-01   1.591927E-01   1.797647E+00   3.668937E+00   1.084208E+00         4
   1.045656E+04   1.045656E+04   9.548760E-01   5.092566E-01   5.092566E-01   1.611873E-01   1.813821E+00   3.667318E+00   1.095533E+00         4
   1.045777E+04   1.045777E+04   9.548334E-01   5.097423E-01   5.097423E-01   1.630759E-01   1.835072E+00   3.665227E+00   1.110341E+00         4
   1.045898E+04   1.045898E+04   9.547865E-01   5.102079E-01   5.102079E-01   1.659742E-01   1.863490E+00   3.662412E+00   1.130179E+00         4
   1.046019E+04   1.046019E+04   9.547329E-01   5.108901E-01   5.108901E-01   1.671495E-01   1.909239E+00   3.657937E+00   1.162005E+00         4
   1.046140E+04   1.046140E+04   9.546569E-01   5.120982E-01   5.120982E-01   1.671495E-01   2.097908E+00   3.639837E+00   1.292539E+00         4
   1.046140E+04   1.046140E+04   9.546569E-01   5.120982E-01   5.120982E-01   1.671495E-01   2.097910E+00   3.639837E+00   1.292540E+00         5
   1.046142E+04   1.046142E+04   9.546549E-01   5.120982E-01   5.120982E-01   1.671495E-01   2.110246E+00   3.638647E+00   1.301088E+00         5
   1.046144E+04   1.046144E+04   9.546527E-01   5.120982E-01   5.120982E-01   1.671495E-01   2.123006E+00   3.637446E+00   1.309870E+00         5
   1.046146E+04   1.046146E+04   9.546505E-01   5.121714E-01   5.121714E-01   1.671495E-01   2.135075E+00   3.636330E+00   1.318136E+00         5
   1.046148E+04   1.046148E+04   9.546481E-01   5.122288E-01   5.122288E-01   1.671495E-01   2.145602E+00   3.635290E+00   1.325480E+00         5
   1.046150E+04   1.046150E+04   9.546457E-01   5.122641E-01   5.122641E-01   1.671495E-01   2.153212E+00   3.634609E+00   1.330646E+00         5
   1.046152E+04   1.046152E+04   9.546432E-01   5.123586E-01   5.123586E-01   1.671495E-01   2.158006E+00   3.634176E+00   1.333910E+00         5
   1.046154E+04   1.046154E+04   9.546407E-01   5.123643E-01   5.123643E-01   1.671495E-01   2.157313E+00   3.634250E+00   1.333415E+00         5
   1.046156E+04   1.046156E+04   9.546382E-01   5.123686E-01   5.123686E-01   1.671495E-01   2.156531E+00   3.634332E+00   1.332860E+00         5
   1.046157E+04   1.046157E+04   9.546357E-01   5.124248E-01   5.124248E-01   1.671495E-01   2.152822E+00   3.634680E+00   1.330311E+00         5
   1.046159E+04   1.046159E+04   9.546332E-01   5.124860E-01   5.124860E-01   1.671495E-01   2.147879E+00   3.635140E+00   1.326919E+00         5
   1.046161E+04   1.046161E+04   9.546307E-01   5.125124E-01   5.125124E-01   1.671495E-01   2.142404E+00   3.635649E+00   1.323162E+00         5
   1.046163E+04   1.046163E+04   9.546283E-01   5.125712E-01   5.125712E-01   1.671495E-01   2.137384E+00   3.636121E+00   1.319709E+00         5
   1.046165E+04   1.046165E+04   9.546260E-01   5.126295E-01   5.126295E-01   1.671495E-01   2.133017E+00   3.636534E+00   1.316699E+00         5
   1.046167E+04   1.046167E+04   9.546237E-01   5.126868E-01   5.126868E-01   1.671495E-01   2.129137E+00   3.636904E+00   1.314019E+00         5
   1.046169E+04   1.046169E+04   9.546214E-01   5.127217E-01   5.127217E-01   1.671495E-01   2.126367E+00   3.637175E+00   1.312093E+00         5
   1.046171E+04   1.046171E+04   9.546192E-01   5.127515E-01   5.127515E-01   1.671495E-01   2.123849E+00   3.637422E+00   1.310339E+00         5
   1.046173E+04   1.046173E+04   9.546170E-01   5.127818E-01   5.127818E-01   1.671495E-01   2.121691E+00   3.637630E+00   1.308845E+00         5
   1.046175E+04   1.046175E+04   9.546148E-01   5.128128E-01   5.128128E-01   1.671495E-01   2.120221E+00   3.637761E+00   1.307847E+00         5
   1.046177E+04   1.046177E+04   9.546126E-01   5.128438E-01   5.128438E-01   1.671495E-01   2.118751E+00   3.637893E+00   1.306849E+00         5
   1.046179E+04   1.046179E+04   9.546104E-01   5.128748E-01   5.128748E-01   1.671495E-01   2.117281E+00   3.638024E+00   1.305851E+00         5
   1.046181E+04   1.046181E+04   9.546082E-01   5.129013E-01   5.129013E-01   1.681985E-01   2.116421E+00   3.638104E+00   1.305262E+00         5
   1.046183E+04   1.046183E+04   9.546061E-01   5.129263E-01   5.129263E-01   1.696045E-01   2.115769E+00   3.638166E+00   1.304813E+00         5
   1.046185E+04   1.046185E+04   9.546039E-01   5.129513E-01   5.129513E-01   1.710105E-01   2.115118E+00   3.638227E+00   1.304363E+00         5
   1.046187E+04   1.046187E+04   9.546018E-01   5.129762E-01   5.129762E-01   1.724166E-01   2.114466E+00   3.638289E+00   1.303914E+00         5
   1.046189E+04   1.046189E+04   9.545996E-01   5.130012E-01   5.130012E-01   1.738226E-01   2.113815E+00   3.638351E+00   1.303464E+00         5
   1.046191E+04   1.046191E+04   9.545975E-01   5.130271E-01   5.130271E-01   1.751728E-01   2.113366E+00   3.638395E+00   1.303153E+00         5
   1.046192E+04   1.046192E+04   9.545954E-01   5.130545E-01   5.130545E-01   1.764159E-01   2.113307E+00   3.638403E+00   1.303106E+00         5
   1.046194E+04   1.046194E+04   9.545932E-01   5.130820E-01   5.130820E-01   1.776590E-01   2.113248E+00   3.638412E+00   1.303058E+00         5
   1.046196E+04   1.046196E+04   9.545911E-01   5.131095E-01   5.131095E-01   1.789022E-01   2.113189E+00   3.638421E+00   1.303011E+00         5
   1.046198E+04   1.046198E+04   9.545890E-01   5.131370E-01   5.131370E-01   1.801453E-01   2.113130E+00   3.638430E+00   1.302964E+00         5
   1.046200E+04   1.046200E+04   9.545869E-01   5.131644E-01   5.131644E-01   1.813884E-01   2.113072E+00   3.638439E+00   1.302917E+00         5
   1.046202E+04   1.046202E+04   9.545847E-01   5.131919E-01   5.131919E-01   1.826315E-01   2.113013E+00   3.638447E+00   1.302870E+00         5
   1.046204E+04   1.046204E+04   9.545826E-01   5.132197E-01   5.132197E-01   1.838254E-01   2.113051E+00   3.638447E+00   1.302891E+00         5
   1.046206E+04   1.046206E+04   9.545805E-01   5.132488E-01   5.132488E-01   1.848181E-01   2.113489E+00   3.638408E+00   1.303187E+00         5
   1.046208E+04   1.046208E+04   9.545784E-01   5.132778E-01   5.132778E-01   1.858108E-01   2.113927E+00   3.638369E+00   1.303483E+00         5
   1.046210E+04   1.046210E+04   9.545762E-01   5.133069E-01   5.133069E-01   1.868035E-01   2.114364E+00   3.638331E+00   1.303779E+00         5
   1.046212E+04   1.046212E+04   9.545741E-01   5.133360E-01   5.133360E-01   1.877962E-01   2.114802E+00   3.638292E+00   1.304075E+00         5
   1.046214E+04   1.046214E+04   9.545720E-01   5.133650E-01   5.133650E-01   1.887889E-01   2.115239E+00   3.638253E+00   1.304372E+00         5
   1.046216E+04   1.046216E+04   9.545699E-01   5.133941E-01   5.133941E-01   1.897816E-01   2.115677E+00   3.638215E+00   1.304668E+00         5
   1.046218E+04   1.046218E+04   9.545677E-01   5.134232E-01   5.134232E-01   1.907743E-01   2.116115E+00   3.638176E+00   1.304964E+00         5
   1.046220E+04   1.046220E+04   9.545656E-01   5.134517E-01   5.134517E-01   1.916971E-01   2.116677E+00   3.638126E+00   1.305345E+00         5
   1.046222E+04   1.046222E+04   9.545634E-01   5.134797E-01   5.134797E-01   1.925373E-01   2.117386E+00   3.638063E+00   1.305827E+00         5
   1.046224E+04   1.046224E+04   9.545613E-01   5.135077E-01   5.135077E-01   1.933775E-01   2.118095E+00   3.637999E+00   1.306308E+00         5
   1.046226E+04   1.046226E+04   9.545591E-01   5.135357E-01   5.135357E-01   1.942177E-01   2.118803E+00   3.637935E+00   1.306790E+00         5
   1.046227E+04   1.046227E+04   9.545570E-01   5.135637E-01   5.135637E-01   1.950580E-01   2.119512E+00   3.637872E+00   1.307271E+00         5
   1.046229E+04   1.046229E+04   9.545548E-01   5.135917E-01   5.135917E-01   1.958982E-01   2.120221E+00   3.637808E+00   1.307753E+00         5
   1.046231E+04   1.046231E+04   9.545527E-01   5.136197E-01   5.136197E-01   1.967384E-01   2.120930E+00   3.637745E+00   1.308234E+00         5
   1.046233E+04   1.046233E+04   9.545505E-01   5.136479E-01   5.136479E-01   1.975610E-01   2.121663E+00   3.637679E+00   1.308732E+00         5
   1.046235E+04   1.046235E+04   9.545483E-01   5.136776E-01   5.136776E-01   1.982766E-01   2.122543E+00   3.637600E+00   1.309330E+00         5
   1.046237E+04   1.046237E+04   9.545461E-01   5.137073E-01   5.137073E-01   1.989922E-01   2.123423E+00   3.637521E+00   1.309928E+00         5
   1.046239E+04   1.046239E+04   9.545439E-01   5.137370E-01   5.137370E-01   1.997078E-01   2.124302E+00   3.637442E+00   1.310526E+00         5
   1.046241E+04   1.046241E+04   9.545417E-01   5.137667E-01   5.137667E-01   2.004234E-01   2.125182E+00   3.637363E+00   1.311124E+00         5
   1.046243E+04   1.046243E+04   9.545395E-01   5.137964E-01   5.137964E-01   2.011390E-01   2.126062E+00   3.637284E+00   1.311722E+00         5
   1.046245E+04   1.046245E+04   9.545374E-01   5.138261E-01   5.138261E-01   2.018546E-01   2.126942E+00   3.637205E+00   1.312320E+00         5
   1.046247E+04   1.046247E+04   9.545351E-01   5.138552E-01   5.138552E-01   2.025630E-01   2.127847E+00   3.637124E+00   1.312935E+00         5
   1.046249E+04   1.046249E+04   9.545329E-01   5.138829E-01   5.138829E-01   2.032527E-01   2.128818E+00   3.637036E+00   1.313596E+00         5
   1.046251E+04   1.046251E+04   9.545307E-01   5.139107E-01   5.139107E-01   2.039425E-01   2.129789E+00   3.636948E+00   1.314257E+00         5
   1.046253E+04   1.046253E+04   9.545284E-01   5.139384E-01   5.139384E-01   2.046322E-01   2.130760E+00   3.636860E+00   1.314919E+00         5
   1.046255E+04   1.046255E+04   9.545262E-01   5.139661E-01   5.139661E-01   2.053220E-01   2.131731E+00   3.636772E+00   1.315580E+00         5
   1.046257E+04   1.046257E+04   9.545239E-01   5.139939E-01   5.139939E-01   2.060117E-01   2.132702E+00   3.636685E+00   1.316241E+00         5
   1.046259E+04   1.046259E+04   9.545217E-01   5.140216E-01   5.140216E-01   2.067015E-01   2.133673E+00   3.636597E+00   1.316902E+00         5
   1.046261E+04   1.046261E+04   9.545194E-01   5.140469E-01   5.140469E-01   2.073724E-01   2.134677E+00   3.636505E+00   1.317587E+00         5
   1.046263E+04   1.046263E+04   9.545171E-01   5.140711E-01   5.140711E-01   2.080348E-01   2.135695E+00   3.636411E+00   1.318284E+00         5
   1.046264E+04   1.046264E+04   9.545148E-01   5.140954E-01   5.140954E-01   2.086972E-01   2.136713E+00   3.636318E+00   1.318980E+00         5
   1.046266E+04   1.046266E+04   9.545125E-01   5.141196E-01   5.141196E-01   2.093596E-01   2.137732E+00   3.636224E+00   1.319677E+00         5
   1.046268E+04   1.046268E+04   9.545103E-01   5.141438E-01   5.141438E-01   2.100220E-01   2.138750E+00   3.636130E+00   1.320373E+00         5
   1.046270E+04   1.046270E+04   9.545080E-01   5.141680E-01   5.141680E-01   2.106844E-01   2.139769E+00   3.636037E+00   1.321070E+00         5
   1.046272E+04   1.046272E+04   9.545057E-01   5.141909E-01   5.141909E-01   2.113370E-01   2.140798E+00   3.635941E+00   1.321776E+00         5
   1.046274E+04   1.046274E+04   9.545033E-01   5.142095E-01   5.142095E-01   2.119579E-01   2.141865E+00   3.635840E+00   1.322510E+00         5
   1.046276E+04   1.046276E+04   9.545010E-01   5.142281E-01   5.142281E-01   2.125787E-01   2.142932E+00   3.635740E+00   1.323245E+00         5
   1.046278E+04   1.046278E+04   9.544987E-01   5.142467E-01   5.142467E-01   2.131996E-01   2.143999E+00   3.635639E+00   1.323980E+00         5
   1.046280E+04   1.046280E+04   9.544963E-01   5.142653E-01   5.142653E-01   2.138205E-01   2.145065E+00   3.635538E+00   1.324715E+00         5
   1.046282E+04   1.046282E+04   9.544940E-01   5.142839E-01   5.142839E-01   2.144414E-01   2.146132E+00   3.635437E+00   1.325450E+00         5
   1.046284E+04   1.046284E+04   9.544916E-01   5.143025E-01   5.143025E-01   2.150623E-01   2.147199E+00   3.635337E+00   1.326185E+00         5
   1.046286E+04   1.046286E+04   9.544892E-01   5.143276E-01   5.143276E-01   2.156617E-01   2.148287E+00   3.635236E+00   1.326931E+00         5
   1.046288E+04   1.046288E+04   9.544868E-01   5.143532E-01   5.143532E-01   2.162594E-01   2.149376E+00   3.635135E+00   1.327677E+00         5
   1.046290E+04   1.046290E+04   9.544844E-01   5.143788E-01   5.143788E-01   2.168572E-01   2.150466E+00   3.635034E+00   1.328424E+00         5
   1.046292E+04   1.046292E+04   9.544820E-01   5.144044E-01   5.144044E-01   2.174550E-01   2.151555E+00   3.634933E+00   1.329170E+00         5
   1.046294E+04   1.046294E+04   9.544796E-01   5.144300E-01   5.144300E-01   2.180527E-01   2.152645E+00   3.634832E+00   1.329917E+00         5
   1.046296E+04   1.046296E+04   9.544772E-01   5.144556E-01   5.144556E-01   2.186505E-01   2.153735E+00   3.634731E+00   1.330664E+00         5
   1.046298E+04   1.046298E+04   9.544748E-01   5.144851E-01   5.144851E-01   2.192355E-01   2.154837E+00   3.634630E+00   1.331417E+00         5
   1.046299E+04   1.046299E+04   9.544723E-01   5.145164E-01   5.145164E-01   2.198145E-01   2.155945E+00   3.634529E+00   1.332173E+00         5
   1.046301E+04   1.046301E+04   9.544699E-01   5.145477E-01   5.145477E-01   2.203936E-01   2.157053E+00   3.634428E+00   1.332929E+00         5
   1.046303E+04   1.046303E+04   9.544674E-01   5.145789E-01   5.145789E-01   2.209726E-01   2.158161E+00   3.634327E+00   1.333685E+00         5
   1.046305E+04   1.046305E+04   9.544650E-01   5.146102E-01   5.146102E-01   2.215516E-01   2.159269E+00   3.634226E+00   1.334441E+00         5
   1.046307E+04   1.046307E+04   9.544625E-01   5.146415E-01   5.146415E-01   2.221307E-01   2.160377E+00   3.634125E+00   1.335197E+00         5
   1.046309E+04   1.046309E+04   9.544600E-01   5.146719E-01   5.146719E-01   2.227004E-01   2.161485E+00   3.634023E+00   1.335955E+00         5
   1.046311E+04   1.046311E+04   9.544575E-01   5.147012E-01   5.147012E-01   2.232601E-01   2.162594E+00   3.633921E+00   1.336714E+00         5
   1.046313E+04   1.046313E+04   9.544550E-01   5.147306E-01   5.147306E-01   2.238197E-01   2.163703E+00   3.633818E+00   1.337473E+00         5
   1.046315E+04   1.046315E+04   9.544525E-01   5.147599E-01   5.147599E-01   2.243794E-01   2.164812E+00   3.633716E+00   1.338233E+00         5
   1.046317E+04   1.046317E+04   9.544500E-01   5.147893E-01   5.147893E-01   2.249390E-01   2.165921E+00   3.633613E+00   1.338992E+00         5
   1.046319E+04   1.046319E+04   9.544475E-01   5.148186E-01   5.148186E-01   2.254987E-01   2.167029E+00   3.633511E+00   1.339752E+00         5
   1.046321E+04   1.046321E+04   9.544450E-01   5.148471E-01   5.148471E-01   2.260491E-01   2.168139E+00   3.633408E+00   1.340513E+00         5
   1.046323E+04   1.046323E+04   9.544424E-01   5.148731E-01   5.148731E-01   2.265747E-01   2.169249E+00   3.633303E+00   1.341278E+00         5
   1.046325E+04   1.046325E+04   9.544398E-01   5.148990E-01   5.148990E-01   2.271002E-01   2.170359E+00   3.633198E+00   1.342043E+00         5
   1.046327E+04   1.046327E+04   9.544372E-01   5.149250E-01   5.149250E-01   2.276257E-01   2.171469E+00   3.633093E+00   1.342808E+00         5
   1.046329E+04   1.046329E+04   9.544346E-01   5.149510E-01   5.149510E-01   2.281513E-01   2.172579E+00   3.632987E+00   1.343574E+00         5
   1.046331E+04   1.046331E+04   9.544320E-01   5.149770E-01   5.149770E-01   2.286768E-01   2.173690E+00   3.632882E+00   1.344339E+00         5
   1.046333E+04   1.046333E+04   9.544294E-01   5.150029E-01   5.150029E-01   2.292024E-01   2.174799E+00   3.632777E+00   1.345103E+00         5
   1.046334E+04   1.046334E+04   9.544267E-01   5.150283E-01   5.150283E-01   2.297277E-01   2.175891E+00   3.632674E+00   1.345856E+00         5
   1.046336E+04   1.046336E+04   9.544240E-01   5.150536E-01   5.150536E-01   2.302530E-01   2.176983E+00   3.632571E+00   1.346609E+00         5
   1.046338E+04   1.046338E+04   9.544214E-01   5.150790E-01   5.150790E-01   2.307783E-01   2.178075E+00   3.632467E+00   1.347361E+00         5
   1.046340E+04   1.046340E+04   9.544187E-01   5.151043E-01   5.151043E-01   2.313037E-01   2.179167E+00   3.632364E+00   1.348114E+00         5
   1.046342E+04   1.046342E+04   9.544161E-01   5.151296E-01   5.151296E-01   2.318290E-01   2.180259E+00   3.632261E+00   1.348867E+00         5
   1.046344E+04   1.046344E+04   9.544134E-01   5.151550E-01   5.151550E-01   2.323543E-01   2.181351E+00   3.632157E+00   1.349620E+00         5
   1.046346E+04   1.046346E+04   9.544107E-01   5.151797E-01   5.151797E-01   2.328794E-01   2.182426E+00   3.632056E+00   1.350360E+00         5
   1.046348E+04   1.046348E+04   9.544079E-01   5.152042E-01   5.152042E-01   2.334045E-01   2.183494E+00   3.631955E+00   1.351096E+00         5
   1.046350E+04   1.046350E+04   9.544052E-01   5.152288E-01   5.152288E-01   2.339295E-01   2.184562E+00   3.631854E+00   1.351832E+00         5
   1.046352E+04   1.046352E+04   9.544025E-01   5.152533E-01   5.152533E-01   2.344546E-01   2.185630E+00   3.631753E+00   1.352569E+00         5
   1.046354E+04   1.046354E+04   9.543997E-01   5.152778E-01   5.152778E-01   2.349796E-01   2.186699E+00   3.631652E+00   1.353305E+00         5
   1.046356E+04   1.046356E+04   9.543970E-01   5.153023E-01   5.153023E-01   2.355046E-01   2.187767E+00   3.631551E+00   1.354041E+00         5
   1.046358E+04   1.046358E+04   9.543942E-01   5.153295E-01   5.153295E-01   2.360285E-01   2.188818E+00   3.631452E+00   1.354765E+00         5
   1.046360E+04   1.046360E+04   9.543914E-01   5.153624E-01   5.153624E-01   2.365496E-01   2.189833E+00   3.631357E+00   1.355462E+00         5
   1.046362E+04   1.046362E+04   9.543885E-01   5.153952E-01   5.153952E-01   2.370708E-01   2.190848E+00   3.631262E+00   1.356159E+00         5
   1.046364E+04   1.046364E+04   9.543857E-01   5.154281E-01   5.154281E-01   2.375919E-01   2.191863E+00   3.631167E+00   1.356856E+00         5
   1.046366E+04   1.046366E+04   9.543829E-01   5.154610E-01   5.154610E-01   2.381131E-01   2.192878E+00   3.631073E+00   1.357553E+00         5
   1.046368E+04   1.046368E+04   9.543800E-01   5.154938E-01   5.154938E-01   2.386343E-01   2.193893E+00   3.630978E+00   1.358250E+00         5
   1.046369E+04   1.046369E+04   9.543772E-01   5.155267E-01   5.155267E-01   2.391554E-01   2.194908E+00   3.630883E+00   1.358946E+00         5
   1.046371E+04   1.046371E+04   9.543743E-01   5.155597E-01   5.155597E-01   2.396718E-01   2.195896E+00   3.630791E+00   1.359624E+00         5
   1.046373E+04   1.046373E+04   9.543714E-01   5.155929E-01   5.155929E-01   2.401849E-01   2.196866E+00   3.630701E+00   1.360289E+00         5
   1.046375E+04   1.046375E+04   9.543685E-01   5.156260E-01   5.156260E-01   2.406980E-01   2.197836E+00   3.630611E+00   1.360954E+00         5
   1.046377E+04   1.046377E+04   9.543656E-01   5.156592E-01   5.156592E-01   2.412112E-01   2.198807E+00   3.630522E+00   1.361619E+00         5
   1.046379E+04   1.046379E+04   9.543627E-01   5.156924E-01   5.156924E-01   2.417243E-01   2.199777E+00   3.630432E+00   1.362284E+00         5
   1.046381E+04   1.046381E+04   9.543598E-01   5.157255E-01   5.157255E-01   2.422375E-01   2.200747E+00   3.630342E+00   1.362949E+00         5
   1.046383E+04   1.046383E+04   9.543569E-01   5.157587E-01   5.157587E-01   2.427506E-01   2.201717E+00   3.630252E+00   1.363614E+00         5
   1.046385E+04   1.046385E+04   9.543540E-01   5.157871E-01   5.157871E-01   2.432520E-01   2.202642E+00   3.630166E+00   1.364247E+00         5
   1.046387E+04   1.046387E+04   9.543510E-01   5.158130E-01   5.158130E-01   2.437468E-01   2.203541E+00   3.630083E+00   1.364862E+00         5
   1.046389E+04   1.046389E+04   9.543480E-01   5.158389E-01   5.158389E-01   2.442416E-01   2.204439E+00   3.630001E+00   1.365477E+00         5
   1.046391E+04   1.046391E+04   9.543450E-01   5.158647E-01   5.158647E-01   2.447364E-01   2.205338E+00   3.629918E+00   1.366092E+00         5
   1.046393E+04   1.046393E+04   9.543421E-01   5.158906E-01   5.158906E-01   2.452312E-01   2.206237E+00   3.629835E+00   1.366708E+00         5
   1.046395E+04   1.046395E+04   9.543391E-01   5.159165E-01   5.159165E-01   2.457260E-01   2.207136E+00   3.629752E+00   1.367323E+00         5
   1.046397E+04   1.046397E+04   9.543361E-01   5.159423E-01   5.159423E-01   2.462207E-01   2.208034E+00   3.629669E+00   1.367938E+00         5
   1.046399E+04   1.046399E+04   9.543331E-01   5.159693E-01   5.159693E-01   2.467116E-01   2.208911E+00   3.629588E+00   1.368538E+00         5
   1.046401E+04   1.046401E+04   9.543300E-01   5.159999E-01   5.159999E-01   2.471899E-01   2.209714E+00   3.629513E+00   1.369090E+00         5
   1.046403E+04   1.046403E+04   9.543269E-01   5.160305E-01   5.160305E-01   2.476681E-01   2.210517E+00   3.629438E+00   1.369642E+00         5
   1.046404E+04   1.046404E+04   9.543239E-01   5.160611E-01   5.160611E-01   2.481463E-01   2.211320E+00   3.629362E+00   1.370194E+00         5
   1.046406E+04   1.046406E+04   9.543208E-01   5.160917E-01   5.160917E-01   2.486245E-01   2.212122E+00   3.629287E+00   1.370746E+00         5
   1.046408E+04   1.046408E+04   9.543177E-01   5.161222E-01   5.161222E-01   2.491028E-01   2.212925E+00   3.629212E+00   1.371298E+00         5
   1.046410E+04   1.046410E+04   9.543146E-01   5.161528E-01   5.161528E-01   2.495810E-01   2.213728E+00   3.629137E+00   1.371849E+00         5
   1.046412E+04   1.046412E+04   9.543115E-01   5.161834E-01   5.161834E-01   2.500592E-01   2.214531E+00   3.629062E+00   1.372401E+00         5
   1.046414E+04   1.046414E+04   9.543085E-01   5.162144E-01   5.162144E-01   2.505329E-01   2.215322E+00   3.628988E+00   1.372945E+00         5
   1.046416E+04   1.046416E+04   9.543053E-01   5.162470E-01   5.162470E-01   2.509835E-01   2.216051E+00   3.628920E+00   1.373445E+00         5
   1.046418E+04   1.046418E+04   9.543021E-01   5.162797E-01   5.162797E-01   2.514342E-01   2.216780E+00   3.628852E+00   1.373945E+00         5
   1.046420E+04   1.046420E+04   9.542990E-01   5.163123E-01   5.163123E-01   2.518849E-01   2.217509E+00   3.628784E+00   1.374446E+00         5
   1.046422E+04   1.046422E+04   9.542958E-01   5.163450E-01   5.163450E-01   2.523356E-01   2.218238E+00   3.628716E+00   1.374946E+00         5
   1.046424E+04   1.046424E+04   9.542927E-01   5.163776E-01   5.163776E-01   2.527863E-01   2.218967E+00   3.628648E+00   1.375446E+00         5
   1.046426E+04   1.046426E+04   9.542895E-01   5.164103E-01   5.164103E-01   2.532369E-01   2.219696E+00   3.628580E+00   1.375947E+00         5
   1.046428E+04   1.046428E+04   9.542864E-01   5.164429E-01   5.164429E-01   2.536876E-01   2.220425E+00   3.628512E+00   1.376447E+00         5
   1.046430E+04   1.046430E+04   9.542832E-01   5.164756E-01   5.164756E-01   2.541383E-01   2.221154E+00   3.628444E+00   1.376947E+00         5
   1.046432E+04   1.046432E+04   9.542800E-01   5.165068E-01   5.165068E-01   2.545535E-01   2.221856E+00   3.628379E+00   1.377428E+00         5
   1.046434E+04   1.046434E+04   9.542768E-01   5.165365E-01   5.165365E-01   2.549335E-01   2.222531E+00   3.628318E+00   1.377889E+00         5
   1.046436E+04   1.046436E+04   9.542735E-01   5.165662E-01   5.165662E-01   2.553136E-01   2.223206E+00   3.628256E+00   1.378351E+00         5
   1.046438E+04   1.046438E+04   9.542703E-01   5.165959E-01   5.165959E-01   2.556937E-01   2.223880E+00   3.628194E+00   1.378812E+00         5
   1.046439E+04   1.046439E+04   9.542671E-01   5.166256E-01   5.166256E-01   2.560738E-01   2.224555E+00   3.628132E+00   1.379273E+00         5
   1.046441E+04   1.046441E+04   9.542638E-01   5.166554E-01   5.166554E-01   2.564539E-01   2.225230E+00   3.628070E+00   1.379735E+00         5
   1.046443E+04   1.046443E+04   9.542606E-01   5.166851E-01   5.166851E-01   2.568340E-01   2.225905E+00   3.628008E+00   1.380196E+00         5
   1.046445E+04   1.046445E+04   9.542573E-01   5.167148E-01   5.167148E-01   2.572141E-01   2.226580E+00   3.627946E+00   1.380657E+00         5
   1.046447E+04   1.046447E+04   9.542541E-01   5.167445E-01   5.167445E-01   2.575942E-01   2.227254E+00   3.627884E+00   1.381118E+00         5
   1.046449E+04   1.046449E+04   9.542508E-01   5.167742E-01   5.167742E-01   2.579887E-01   2.227921E+00   3.627822E+00   1.381575E+00         5
   1.046451E+04   1.046451E+04   9.542475E-01   5.168039E-01   5.168039E-01   2.584101E-01   2.228572E+00   3.627761E+00   1.382023E+00         5
   1.046453E+04   1.046453E+04   9.542442E-01   5.168336E-01   5.168336E-01   2.588315E-01   2.229223E+00   3.627700E+00   1.382471E+00         5
   1.046455E+04   1.046455E+04   9.542409E-01   5.168633E-01   5.168633E-01   2.592529E-01   2.229875E+00   3.627639E+00   1.382919E+00         5
   1.046457E+04   1.046457E+04   9.542376E-01   5.168930E-01   5.168930E-01   2.596743E-01   2.230526E+00   3.627577E+00   1.383367E+00         5
   1.046459E+04   1.046459E+04   9.542342E-01   5.169226E-01   5.169226E-01   2.600957E-01   2.231177E+00   3.627516E+00   1.383815E+00         5
   1.046461E+04   1.046461E+04   9.542309E-01   5.169523E-01   5.169523E-01   2.605171E-01   2.231828E+00   3.627455E+00   1.384263E+00         5
   1.046463E+04   1.046463E+04   9.542276E-01   5.169820E-01   5.169820E-01   2.609384E-01   2.232480E+00   3.627394E+00   1.384711E+00         5
   1.046465E+04   1.046465E+04   9.542243E-01   5.170117E-01   5.170117E-01   2.613598E-01   2.233131E+00   3.627333E+00   1.385159E+00         5
   1.046467E+04   1.046467E+04   9.542210E-01   5.170414E-01   5.170414E-01   2.617812E-01   2.233782E+00   3.627272E+00   1.385607E+00         5
   1.046469E+04   1.046469E+04   9.542176E-01   5.170634E-01   5.170634E-01   2.622505E-01   2.234457E+00   3.627212E+00   1.386063E+00         5
   1.046471E+04   1.046471E+04   9.542142E-01   5.170852E-01   5.170852E-01   2.627214E-01   2.235132E+00   3.627153E+00   1.386518E+00         5
   1.046473E+04   1.046473E+04   9.542108E-01   5.171070E-01   5.171070E-01   2.631923E-01   2.235807E+00   3.627094E+00   1.386974E+00         5
   1.046475E+04   1.046475E+04   9.542074E-01   5.171287E-01   5.171287E-01   2.636632E-01   2.236482E+00   3.627035E+00   1.387430E+00         5
   1.046476E+04   1.046476E+04   9.542040E-01   5.171505E-01   5.171505E-01   2.641341E-01   2.237157E+00   3.626975E+00   1.387886E+00         5
   1.046478E+04   1.046478E+04   9.542006E-01   5.171723E-01   5.171723E-01   2.646049E-01   2.237832E+00   3.626916E+00   1.388342E+00         5
   1.046480E+04   1.046480E+04   9.541972E-01   5.171941E-01   5.171941E-01   2.650758E-01   2.238507E+00   3.626857E+00   1.388798E+00         5
   1.046482E+04   1.046482E+04   9.541939E-01   5.172159E-01   5.172159E-01   2.655467E-01   2.239182E+00   3.626798E+00   1.389254E+00         5
   1.046484E+04   1.046484E+04   9.541905E-01   5.172377E-01   5.172377E-01   2.660176E-01   2.239857E+00   3.626739E+00   1.389710E+00         5
   1.046486E+04   1.046486E+04   9.541870E-01   5.172622E-01   5.172622E-01   2.664778E-01   2.240558E+00   3.626673E+00   1.390192E+00         5
   1.046488E+04   1.046488E+04   9.541835E-01   5.172875E-01   5.172875E-01   2.669348E-01   2.241266E+00   3.626605E+00   1.390683E+00         5
   1.046490E+04   1.046490E+04   9.541801E-01   5.173128E-01   5.173128E-01   2.673919E-01   2.241974E+00   3.626537E+00   1.391173E+00         5
   1.046492E+04   1.046492E+04   9.541766E-01   5.173381E-01   5.173381E-01   2.678489E-01   2.242683E+00   3.626468E+00   1.391663E+00         5
   1.046494E+04   1.046494E+04   9.541731E-01   5.173634E-01   5.173634E-01   2.683059E-01   2.243391E+00   3.626400E+00   1.392153E+00         5
   1.046496E+04   1.046496E+04   9.541696E-01   5.173888E-01   5.173888E-01   2.687630E-01   2.244099E+00   3.626332E+00   1.392644E+00         5
   1.046498E+04   1.046498E+04   9.541661E-01   5.174141E-01   5.174141E-01   2.692200E-01   2.244807E+00   3.626264E+00   1.393134E+00         5
   1.046500E+04   1.046500E+04   9.541627E-01   5.174394E-01   5.174394E-01   2.696771E-01   2.245515E+00   3.626196E+00   1.393624E+00         5
   1.046502E+04   1.046502E+04   9.541592E-01   5.174647E-01   5.174647E-01   2.701341E-01   2.246224E+00   3.626128E+00   1.394114E+00         5
   1.046504E+04   1.046504E+04   9.541557E-01   5.174887E-01   5.174887E-01   2.705402E-01   2.246941E+00   3.626061E+00   1.394607E+00         5
   1.046506E+04   1.046506E+04   9.541521E-01   5.175126E-01   5.175126E-01   2.709391E-01   2.247659E+00   3.625994E+00   1.395100E+00         5
   1.046508E+04   1.046508E+04   9.541486E-01   5.175364E-01   5.175364E-01   2.713380E-01   2.248378E+00   3.625927E+00   1.395593E+00         5
   1.046510E+04   1.046510E+04   9.541450E-01   5.175603E-01   5.175603E-01   2.717369E-01   2.249097E+00   3.625861E+00   1.396086E+00         5
   1.046511E+04   1.046511E+04   9.541415E-01   5.175842E-01   5.175842E-01   2.721357E-01   2.249815E+00   3.625794E+00   1.396579E+00         5
   1.046513E+04   1.046513E+04   9.541379E-01   5.176080E-01   5.176080E-01   2.725346E-01   2.250534E+00   3.625727E+00   1.397072E+00         5
   1.046515E+04   1.046515E+04   9.541344E-01   5.176319E-01   5.176319E-01   2.729335E-01   2.251252E+00   3.625660E+00   1.397565E+00         5
   1.046517E+04   1.046517E+04   9.541308E-01   5.176557E-01   5.176557E-01   2.733324E-01   2.251971E+00   3.625593E+00   1.398058E+00         5
   1.046519E+04   1.046519E+04   9.541272E-01   5.176798E-01   5.176798E-01   2.737310E-01   2.252690E+00   3.625526E+00   1.398551E+00         5
   1.046521E+04   1.046521E+04   9.541236E-01   5.177070E-01   5.177070E-01   2.741260E-01   2.253412E+00   3.625459E+00   1.399046E+00         5
   1.046523E+04   1.046523E+04   9.541200E-01   5.177342E-01   5.177342E-01   2.745209E-01   2.254134E+00   3.625392E+00   1.399542E+00         5
   1.046525E+04   1.046525E+04   9.541163E-01   5.177614E-01   5.177614E-01   2.749159E-01   2.254856E+00   3.625325E+00   1.400037E+00         5
   1.046527E+04   1.046527E+04   9.541127E-01   5.177886E-01   5.177886E-01   2.753109E-01   2.255579E+00   3.625258E+00   1.400533E+00         5
   1.046529E+04   1.046529E+04   9.541090E-01   5.178158E-01   5.178158E-01   2.757059E-01   2.256301E+00   3.625191E+00   1.401028E+00         5
   1.046531E+04   1.046531E+04   9.541054E-01   5.178430E-01   5.178430E-01   2.761009E-01   2.257023E+00   3.625123E+00   1.401524E+00         5
   1.046533E+04   1.046533E+04   9.541017E-01   5.178702E-01   5.178702E-01   2.764959E-01   2.257746E+00   3.625056E+00   1.402019E+00         5
   1.046535E+04   1.046535E+04   9.540981E-01   5.178974E-01   5.178974E-01   2.768909E-01   2.258468E+00   3.624989E+00   1.402515E+00         5
   1.046537E+04   1.046537E+04   9.540944E-01   5.179250E-01   5.179250E-01   2.773102E-01   2.259188E+00   3.624922E+00   1.403009E+00         5
   1.046539E+04   1.046539E+04   9.540907E-01   5.179533E-01   5.179533E-01   2.777784E-01   2.259903E+00   3.624854E+00   1.403501E+00         5
   1.046541E+04   1.046541E+04   9.540869E-01   5.179817E-01   5.179817E-01   2.782466E-01   2.260618E+00   3.624787E+00   1.403994E+00         5
   1.046543E+04   1.046543E+04   9.540832E-01   5.180100E-01   5.180100E-01   2.787148E-01   2.261333E+00   3.624720E+00   1.404486E+00         5
   1.046545E+04   1.046545E+04   9.540795E-01   5.180384E-01   5.180384E-01   2.791830E-01   2.262048E+00   3.624652E+00   1.404978E+00         5
   1.046546E+04   1.046546E+04   9.540757E-01   5.180668E-01   5.180668E-01   2.796512E-01   2.262763E+00   3.624585E+00   1.405471E+00         5
   1.046548E+04   1.046548E+04   9.540720E-01   5.180951E-01   5.180951E-01   2.801194E-01   2.263478E+00   3.624517E+00   1.405963E+00         5
   1.046550E+04   1.046550E+04   9.540682E-01   5.181235E-01   5.181235E-01   2.805876E-01   2.264193E+00   3.624450E+00   1.406456E+00         5
   1.046552E+04   1.046552E+04   9.540645E-01   5.181518E-01   5.181518E-01   2.810558E-01   2.264908E+00   3.624383E+00   1.406948E+00         5
   1.046554E+04   1.046554E+04   9.540607E-01   5.181778E-01   5.181778E-01   2.815279E-01   2.265612E+00   3.624316E+00   1.407432E+00         5
   1.046556E+04   1.046556E+04   9.540569E-01   5.182017E-01   5.182017E-01   2.820033E-01   2.266307E+00   3.624251E+00   1.407910E+00         5
   1.046558E+04   1.046558E+04   9.540530E-01   5.182256E-01   5.182256E-01   2.824787E-01   2.267002E+00   3.624186E+00   1.408388E+00         5
   1.046560E+04   1.046560E+04   9.540492E-01   5.182495E-01   5.182495E-01   2.829540E-01   2.267698E+00   3.624121E+00   1.408866E+00         5
   1.046562E+04   1.046562E+04   9.540453E-01   5.182735E-01   5.182735E-01   2.834294E-01   2.268393E+00   3.624056E+00   1.409344E+00         5
   1.046564E+04   1.046564E+04   9.540415E-01   5.182974E-01   5.182974E-01   2.839048E-01   2.269088E+00   3.623990E+00   1.409822E+00         5
   1.046566E+04   1.046566E+04   9.540377E-01   5.183213E-01   5.183213E-01   2.843802E-01   2.269783E+00   3.623925E+00   1.410300E+00         5
   1.046568E+04   1.046568E+04   9.540338E-01   5.183452E-01   5.183452E-01   2.848556E-01   2.270478E+00   3.623860E+00   1.410778E+00         5
   1.046570E+04   1.046570E+04   9.540300E-01   5.183691E-01   5.183691E-01   2.853310E-01   2.271173E+00   3.623795E+00   1.411256E+00         5
   1.046572E+04   1.046572E+04   9.540261E-01   5.183938E-01   5.183938E-01   2.858045E-01   2.271838E+00   3.623732E+00   1.411715E+00         5
   1.046574E+04   1.046574E+04   9.540222E-01   5.184190E-01   5.184190E-01   2.862768E-01   2.272483E+00   3.623670E+00   1.412161E+00         5
   1.046576E+04   1.046576E+04   9.540182E-01   5.184441E-01   5.184441E-01   2.867491E-01   2.273128E+00   3.623608E+00   1.412607E+00         5
   1.046578E+04   1.046578E+04   9.540143E-01   5.184693E-01   5.184693E-01   2.872214E-01   2.273773E+00   3.623546E+00   1.413053E+00         5
   1.046580E+04   1.046580E+04   9.540104E-01   5.184945E-01   5.184945E-01   2.876936E-01   2.274418E+00   3.623484E+00   1.413499E+00         5
   1.046581E+04   1.046581E+04   9.540064E-01   5.185197E-01   5.185197E-01   2.881659E-01   2.275064E+00   3.623423E+00   1.413945E+00         5
   1.046583E+04   1.046583E+04   9.540025E-01   5.185448E-01   5.185448E-01   2.886382E-01   2.275709E+00   3.623361E+00   1.414391E+00         5
   1.046585E+04   1.046585E+04   9.539986E-01   5.185700E-01   5.185700E-01   2.891105E-01   2.276354E+00   3.623299E+00   1.414837E+00         5
   1.046587E+04   1.046587E+04   9.539946E-01   5.185952E-01   5.185952E-01   2.895828E-01   2.276999E+00   3.623237E+00   1.415284E+00         5
   1.046589E+04   1.046589E+04   9.539907E-01   5.186193E-01   5.186193E-01   2.900497E-01   2.277616E+00   3.623178E+00   1.415710E+00         5
   1.046591E+04   1.046591E+04   9.539866E-01   5.186401E-01   5.186401E-01   2.904991E-01   2.278142E+00   3.623129E+00   1.416072E+00         5
   1.046593E+04   1.046593E+04   9.539826E-01   5.186609E-01   5.186609E-01   2.909485E-01   2.278668E+00   3.623079E+00   1.416434E+00         5
   1.046595E+04   1.046595E+04   9.539786E-01   5.186816E-01   5.186816E-01   2.913979E-01   2.279193E+00   3.623030E+00   1.416796E+00         5
   1.046597E+04   1.046597E+04   9.539745E-01   5.187024E-01   5.187024E-01   2.918473E-01   2.279719E+00   3.622980E+00   1.417158E+00         5
   1.046599E+04   1.046599E+04   9.539705E-01   5.187232E-01   5.187232E-01   2.922967E-01   2.280245E+00   3.622931E+00   1.417520E+00         5
   1.046601E+04   1.046601E+04   9.539665E-01   5.187439E-01   5.187439E-01   2.927461E-01   2.280771E+00   3.622881E+00   1.417882E+00         5
   1.046603E+04   1.046603E+04   9.539625E-01   5.187647E-01   5.187647E-01   2.931955E-01   2.281296E+00   3.622832E+00   1.418244E+00         5
   1.046605E+04   1.046605E+04   9.539584E-01   5.187855E-01   5.187855E-01   2.936448E-01   2.281822E+00   3.622782E+00   1.418606E+00         5
   1.046607E+04   1.046607E+04   9.539544E-01   5.188062E-01   5.188062E-01   2.940942E-01   2.282348E+00   3.622732E+00   1.418968E+00         5
   1.046609E+04   1.046609E+04   9.539504E-01   5.188270E-01   5.188270E-01   2.945436E-01   2.282874E+00   3.622683E+00   1.419330E+00         5
   1.046611E+04   1.046611E+04   9.539463E-01   5.188471E-01   5.188471E-01   2.949338E-01   2.283274E+00   3.622645E+00   1.419606E+00         5
   1.046613E+04   1.046613E+04   9.539422E-01   5.188668E-01   5.188668E-01   2.952888E-01   2.283601E+00   3.622614E+00   1.419832E+00         5
   1.046615E+04   1.046615E+04   9.539380E-01   5.188865E-01   5.188865E-01   2.956437E-01   2.283927E+00   3.622583E+00   1.420057E+00         5
   1.046616E+04   1.046616E+04   9.539339E-01   5.189061E-01   5.189061E-01   2.959987E-01   2.284253E+00   3.622551E+00   1.420283E+00         5
   1.046618E+04   1.046618E+04   9.539298E-01   5.189258E-01   5.189258E-01   2.963536E-01   2.284579E+00   3.622520E+00   1.420508E+00         5
   1.046620E+04   1.046620E+04   9.539257E-01   5.189455E-01   5.189455E-01   2.967085E-01   2.284906E+00   3.622489E+00   1.420733E+00         5
   1.046622E+04   1.046622E+04   9.539216E-01   5.189652E-01   5.189652E-01   2.970635E-01   2.285232E+00   3.622458E+00   1.420959E+00         5
   1.046624E+04   1.046624E+04   9.539175E-01   5.189849E-01   5.189849E-01   2.974184E-01   2.285558E+00   3.622427E+00   1.421184E+00         5
   1.046626E+04   1.046626E+04   9.539133E-01   5.190045E-01   5.190045E-01   2.977733E-01   2.285884E+00   3.622396E+00   1.421409E+00         5
   1.046628E+04   1.046628E+04   9.539092E-01   5.190242E-01   5.190242E-01   2.981283E-01   2.286211E+00   3.622365E+00   1.421635E+00         5
   1.046630E+04   1.046630E+04   9.539051E-01   5.190439E-01   5.190439E-01   2.984832E-01   2.286537E+00   3.622334E+00   1.421860E+00         5
   1.046632E+04   1.046632E+04   9.539010E-01   5.190636E-01   5.190636E-01   2.988381E-01   2.286863E+00   3.622302E+00   1.422086E+00         5
   1.046634E+04   1.046634E+04   9.538969E-01   5.190833E-01   5.190833E-01   2.991931E-01   2.287189E+00   3.622271E+00   1.422311E+00         5
   1.046636E+04   1.046636E+04   9.538927E-01   5.191006E-01   5.191006E-01   2.995524E-01   2.287506E+00   3.622240E+00   1.422531E+00         5
   1.046638E+04   1.046638E+04   9.538885E-01   5.191135E-01   5.191135E-01   2.999201E-01   2.287802E+00   3.622210E+00   1.422740E+00         5
   1.046640E+04   1.046640E+04   9.538844E-01   5.191264E-01   5.191264E-01   3.002879E-01   2.288099E+00   3.622179E+00   1.422950E+00         5
   1.046642E+04   1.046642E+04   9.538802E-01   5.191393E-01   5.191393E-01   3.006556E-01   2.288395E+00   3.622149E+00   1.423159E+00         5
   1.046644E+04   1.046644E+04   9.538760E-01   5.191521E-01   5.191521E-01   3.010234E-01   2.288692E+00   3.622118E+00   1.423369E+00         5
   1.046646E+04   1.046646E+04   9.538718E-01   5.191650E-01   5.191650E-01   3.013911E-01   2.288988E+00   3.622087E+00   1.423578E+00         5
   1.046648E+04   1.046648E+04   9.538676E-01   5.191779E-01   5.191779E-01   3.017589E-01   2.289285E+00   3.622057E+00   1.423787E+00         5
   1.046650E+04   1.046650E+04   9.538634E-01   5.191908E-01   5.191908E-01   3.021266E-01   2.289581E+00   3.622026E+00   1.423997E+00         5
   1.046652E+04   1.046652E+04   9.538592E-01   5.192037E-01   5.192037E-01   3.024944E-01   2.289878E+00   3.621996E+00   1.424206E+00         5
   1.046653E+04   1.046653E+04   9.538550E-01   5.192165E-01   5.192165E-01   3.028622E-01   2.290174E+00   3.621965E+00   1.424416E+00         5
   1.046655E+04   1.046655E+04   9.538509E-01   5.192294E-01   5.192294E-01   3.032299E-01   2.290471E+00   3.621935E+00   1.424625E+00         5
   1.046657E+04   1.046657E+04   9.538467E-01   5.192423E-01   5.192423E-01   3.035977E-01   2.290768E+00   3.621904E+00   1.424835E+00         5
   1.046659E+04   1.046659E+04   9.538425E-01   5.192552E-01   5.192552E-01   3.039654E-01   2.291064E+00   3.621873E+00   1.425044E+00         5
   1.046661E+04   1.046661E+04   9.538383E-01   5.192680E-01   5.192680E-01   3.043332E-01   2.291361E+00   3.621843E+00   1.425253E+00         5
   1.046663E+04   1.046663E+04   9.538341E-01   5.192808E-01   5.192808E-01   3.047001E-01   2.291669E+00   3.621811E+00   1.425471E+00         5
   1.046665E+04   1.046665E+04   9.538299E-01   5.192905E-01   5.192905E-01   3.050445E-01   2.292307E+00   3.621749E+00   1.425915E+00         5
   1.046667E+04   1.046667E+04   9.538256E-01   5.193002E-01   5.193002E-01   3.053889E-01   2.292944E+00   3.621686E+00   1.426358E+00         5
   1.046669E+04   1.046669E+04   9.538214E-01   5.193100E-01   5.193100E-01   3.057334E-01   2.293581E+00   3.621624E+00   1.426802E+00         5
   1.046671E+04   1.046671E+04   9.538171E-01   5.193197E-01   5.193197E-01   3.060778E-01   2.294218E+00   3.621561E+00   1.427245E+00         5
   1.046673E+04   1.046673E+04   9.538129E-01   5.193294E-01   5.193294E-01   3.064223E-01   2.294856E+00   3.621499E+00   1.427689E+00         5
   1.046675E+04   1.046675E+04   9.538087E-01   5.193391E-01   5.193391E-01   3.067667E-01   2.295493E+00   3.621436E+00   1.428132E+00         5
   1.046677E+04   1.046677E+04   9.538044E-01   5.193488E-01   5.193488E-01   3.071111E-01   2.296130E+00   3.621374E+00   1.428576E+00         5
   1.046679E+04   1.046679E+04   9.538002E-01   5.193585E-01   5.193585E-01   3.074556E-01   2.296767E+00   3.621312E+00   1.429019E+00         5
   1.046681E+04   1.046681E+04   9.537959E-01   5.193683E-01   5.193683E-01   3.078000E-01   2.297405E+00   3.621249E+00   1.429463E+00         5
   1.046683E+04   1.046683E+04   9.537917E-01   5.193780E-01   5.193780E-01   3.081444E-01   2.298042E+00   3.621187E+00   1.429906E+00         5
   1.046685E+04   1.046685E+04   9.537873E-01   5.193867E-01   5.193867E-01   3.084781E-01   2.298923E+00   3.621100E+00   1.430521E+00         5
   1.046687E+04   1.046687E+04   9.537830E-01   5.193955E-01   5.193955E-01   3.088116E-01   2.299806E+00   3.621013E+00   1.431136E+00         5
   1.046688E+04   1.046688E+04   9.537787E-01   5.194043E-01   5.194043E-01   3.091452E-01   2.300690E+00   3.620926E+00   1.431752E+00         5
   1.046690E+04   1.046690E+04   9.537743E-01   5.194130E-01   5.194130E-01   3.094787E-01   2.301573E+00   3.620839E+00   1.432367E+00         5
   1.046692E+04   1.046692E+04   9.537700E-01   5.194218E-01   5.194218E-01   3.098123E-01   2.302456E+00   3.620752E+00   1.432983E+00         5
   1.046694E+04   1.046694E+04   9.537656E-01   5.194305E-01   5.194305E-01   3.101459E-01   2.303339E+00   3.620665E+00   1.433598E+00         5
   1.046696E+04   1.046696E+04   9.537613E-01   5.194393E-01   5.194393E-01   3.104794E-01   2.304222E+00   3.620578E+00   1.434214E+00         5
   1.046698E+04   1.046698E+04   9.537569E-01   5.194480E-01   5.194480E-01   3.108121E-01   2.305125E+00   3.620489E+00   1.434843E+00         5
   1.046700E+04   1.046700E+04   9.537526E-01   5.194563E-01   5.194563E-01   3.111409E-01   2.306116E+00   3.620391E+00   1.435534E+00         5
   1.046702E+04   1.046702E+04   9.537482E-01   5.194647E-01   5.194647E-01   3.114697E-01   2.307107E+00   3.620294E+00   1.436225E+00         5
   1.046704E+04   1.046704E+04   9.537438E-01   5.194730E-01   5.194730E-01   3.117985E-01   2.308098E+00   3.620196E+00   1.436916E+00         5
   1.046706E+04   1.046706E+04   9.537394E-01   5.194814E-01   5.194814E-01   3.121273E-01   2.309089E+00   3.620098E+00   1.437607E+00         5
   1.046708E+04   1.046708E+04   9.537350E-01   5.194897E-01   5.194897E-01   3.124560E-01   2.310079E+00   3.620000E+00   1.438298E+00         5
   1.046710E+04   1.046710E+04   9.537306E-01   5.194980E-01   5.194980E-01   3.127848E-01   2.311070E+00   3.619903E+00   1.438989E+00         5
   1.046712E+04   1.046712E+04   9.537262E-01   5.195062E-01   5.195062E-01   3.131156E-01   2.312066E+00   3.619805E+00   1.439682E+00         5
   1.046714E+04   1.046714E+04   9.537217E-01   5.195122E-01   5.195122E-01   3.134737E-01   2.313121E+00   3.619702E+00   1.440416E+00         5
   1.046716E+04   1.046716E+04   9.537172E-01   5.195182E-01   5.195182E-01   3.138318E-01   2.314176E+00   3.619598E+00   1.441150E+00         5
   1.046718E+04   1.046718E+04   9.537127E-01   5.195242E-01   5.195242E-01   3.141899E-01   2.315231E+00   3.619495E+00   1.441884E+00         5
   1.046720E+04   1.046720E+04   9.537081E-01   5.195302E-01   5.195302E-01   3.145481E-01   2.316287E+00   3.619392E+00   1.442618E+00         5
   1.046722E+04   1.046722E+04   9.537036E-01   5.195362E-01   5.195362E-01   3.149062E-01   2.317342E+00   3.619289E+00   1.443351E+00         5
   1.046723E+04   1.046723E+04   9.536991E-01   5.195422E-01   5.195422E-01   3.152643E-01   2.318397E+00   3.619186E+00   1.444085E+00         5
   1.046725E+04   1.046725E+04   9.536945E-01   5.195474E-01   5.195474E-01   3.156322E-01   2.319474E+00   3.619081E+00   1.444833E+00         5
   1.046727E+04   1.046727E+04   9.536898E-01   5.195510E-01   5.195510E-01   3.160204E-01   2.320596E+00   3.618973E+00   1.445611E+00         5
   1.046729E+04   1.046729E+04   9.536852E-01   5.195545E-01   5.195545E-01   3.164086E-01   2.321717E+00   3.618864E+00   1.446389E+00         5
   1.046731E+04   1.046731E+04   9.536805E-01   5.195581E-01   5.195581E-01   3.167968E-01   2.322838E+00   3.618756E+00   1.447167E+00         5
   1.046733E+04   1.046733E+04   9.536759E-01   5.195617E-01   5.195617E-01   3.171851E-01   2.323960E+00   3.618647E+00   1.447945E+00         5
   1.046735E+04   1.046735E+04   9.536712E-01   5.195653E-01   5.195653E-01   3.175733E-01   2.325081E+00   3.618538E+00   1.448723E+00         5
   1.046737E+04   1.046737E+04   9.536665E-01   5.195689E-01   5.195689E-01   3.179615E-01   2.326202E+00   3.618430E+00   1.449501E+00         5
   1.046739E+04   1.046739E+04   9.536619E-01   5.195724E-01   5.195724E-01   3.183497E-01   2.327324E+00   3.618321E+00   1.450278E+00         5
   1.046741E+04   1.046741E+04   9.536572E-01   5.195760E-01   5.195760E-01   3.187379E-01   2.328445E+00   3.618213E+00   1.451056E+00         5
   1.046743E+04   1.046743E+04   9.536525E-01   5.195796E-01   5.195796E-01   3.191261E-01   2.329567E+00   3.618104E+00   1.451834E+00         5
   1.046745E+04   1.046745E+04   9.536479E-01   5.195832E-01   5.195832E-01   3.195143E-01   2.330688E+00   3.617995E+00   1.452612E+00         5
   1.046747E+04   1.046747E+04   9.536432E-01   5.195867E-01   5.195867E-01   3.199026E-01   2.331809E+00   3.617887E+00   1.453390E+00         5
   1.046749E+04   1.046749E+04   9.536385E-01   5.195903E-01   5.195903E-01   3.202908E-01   2.332931E+00   3.617778E+00   1.454168E+00         5
   1.046751E+04   1.046751E+04   9.536337E-01   5.195950E-01   5.195950E-01   3.206891E-01   2.334077E+00   3.617667E+00   1.454963E+00         5
   1.046753E+04   1.046753E+04   9.536289E-01   5.196007E-01   5.196007E-01   3.210965E-01   2.335244E+00   3.617554E+00   1.455773E+00         5
   1.046755E+04   1.046755E+04   9.536240E-01   5.196063E-01   5.196063E-01   3.215038E-01   2.336412E+00   3.617441E+00   1.456583E+00         5
   1.046757E+04   1.046757E+04   9.536191E-01   5.196120E-01   5.196120E-01   3.219111E-01   2.337579E+00   3.617328E+00   1.457393E+00         5
   1.046758E+04   1.046758E+04   9.536143E-01   5.196177E-01   5.196177E-01   3.223185E-01   2.338747E+00   3.617215E+00   1.458203E+00         5
   1.046760E+04   1.046760E+04   9.536094E-01   5.196234E-01   5.196234E-01   3.227258E-01   2.339915E+00   3.617102E+00   1.459013E+00         5
   1.046762E+04   1.046762E+04   9.536044E-01   5.196298E-01   5.196298E-01   3.231400E-01   2.341099E+00   3.616987E+00   1.459834E+00         5
   1.046764E+04   1.046764E+04   9.535994E-01   5.196375E-01   5.196375E-01   3.235658E-01   2.342311E+00   3.616870E+00   1.460675E+00         5
   1.046766E+04   1.046766E+04   9.535943E-01   5.196452E-01   5.196452E-01   3.239917E-01   2.343523E+00   3.616752E+00   1.461517E+00         5
   1.046768E+04   1.046768E+04   9.535892E-01   5.196529E-01   5.196529E-01   3.244176E-01   2.344736E+00   3.616635E+00   1.462358E+00         5
   1.046770E+04   1.046770E+04   9.535841E-01   5.196606E-01   5.196606E-01   3.248434E-01   2.345948E+00   3.616517E+00   1.463199E+00         5
   1.046772E+04   1.046772E+04   9.535791E-01   5.196683E-01   5.196683E-01   3.252693E-01   2.347160E+00   3.616400E+00   1.464040E+00         5
   1.046774E+04   1.046774E+04   9.535740E-01   5.196760E-01   5.196760E-01   3.256951E-01   2.348373E+00   3.616282E+00   1.464881E+00         5
   1.046776E+04   1.046776E+04   9.535689E-01   5.196836E-01   5.196836E-01   3.261210E-01   2.349585E+00   3.616165E+00   1.465722E+00         5
   1.046778E+04   1.046778E+04   9.535638E-01   5.196913E-01   5.196913E-01   3.265468E-01   2.350798E+00   3.616047E+00   1.466563E+00         5
   1.046780E+04   1.046780E+04   9.535588E-01   5.196990E-01   5.196990E-01   3.269727E-01   2.352010E+00   3.615930E+00   1.467405E+00         5
   1.046782E+04   1.046782E+04   9.535537E-01   5.197067E-01   5.197067E-01   3.273985E-01   2.353222E+00   3.615812E+00   1.468246E+00         5
   1.046784E+04   1.046784E+04   9.535486E-01   5.197144E-01   5.197144E-01   3.278244E-01   2.354435E+00   3.615695E+00   1.469087E+00         5
   1.046786E+04   1.046786E+04   9.535434E-01   5.197218E-01   5.197218E-01   3.282537E-01   2.355679E+00   3.615574E+00   1.469951E+00         5
   1.046788E+04   1.046788E+04   9.535381E-01   5.197286E-01   5.197286E-01   3.286870E-01   2.356958E+00   3.615449E+00   1.470840E+00         5
   1.046790E+04   1.046790E+04   9.535327E-01   5.197355E-01   5.197355E-01   3.291202E-01   2.358237E+00   3.615324E+00   1.471729E+00         5
   1.046792E+04   1.046792E+04   9.535274E-01   5.197424E-01   5.197424E-01   3.295535E-01   2.359517E+00   3.615200E+00   1.472618E+00         5
   1.046793E+04   1.046793E+04   9.535220E-01   5.197493E-01   5.197493E-01   3.299867E-01   2.360796E+00   3.615075E+00   1.473507E+00         5
   1.046795E+04   1.046795E+04   9.535167E-01   5.197562E-01   5.197562E-01   3.304199E-01   2.362075E+00   3.614950E+00   1.474396E+00         5
   1.046797E+04   1.046797E+04   9.535112E-01   5.197627E-01   5.197627E-01   3.308566E-01   2.363385E+00   3.614822E+00   1.475307E+00         5
   1.046799E+04   1.046799E+04   9.535057E-01   5.197692E-01   5.197692E-01   3.312940E-01   2.364702E+00   3.614693E+00   1.476223E+00         5
   1.046801E+04   1.046801E+04   9.535002E-01   5.197756E-01   5.197756E-01   3.317314E-01   2.366020E+00   3.614565E+00   1.477139E+00         5
   1.046803E+04   1.046803E+04   9.534947E-01   5.197821E-01   5.197821E-01   3.321688E-01   2.367337E+00   3.614436E+00   1.478055E+00         5
   1.046805E+04   1.046805E+04   9.534892E-01   5.197885E-01   5.197885E-01   3.326062E-01   2.368654E+00   3.614307E+00   1.478971E+00         5
   1.046807E+04   1.046807E+04   9.534837E-01   5.197949E-01   5.197949E-01   3.330436E-01   2.369971E+00   3.614178E+00   1.479887E+00         5
   1.046809E+04   1.046809E+04   9.534782E-01   5.198014E-01   5.198014E-01   3.334810E-01   2.371288E+00   3.614050E+00   1.480804E+00         5
   1.046811E+04   1.046811E+04   9.534727E-01   5.198078E-01   5.198078E-01   3.339184E-01   2.372605E+00   3.613921E+00   1.481720E+00         5
   1.046813E+04   1.046813E+04   9.534672E-01   5.198143E-01   5.198143E-01   3.343558E-01   2.373922E+00   3.613792E+00   1.482636E+00         5
   1.046815E+04   1.046815E+04   9.534617E-01   5.198207E-01   5.198207E-01   3.347932E-01   2.375239E+00   3.613663E+00   1.483552E+00         5
   1.046817E+04   1.046817E+04   9.534562E-01   5.198271E-01   5.198271E-01   3.352306E-01   2.376556E+00   3.613535E+00   1.484468E+00         5
   1.046819E+04   1.046819E+04   9.534504E-01   5.198321E-01   5.198321E-01   3.356448E-01   2.377938E+00   3.613399E+00   1.485429E+00         5
   1.046821E+04   1.046821E+04   9.534446E-01   5.198368E-01   5.198368E-01   3.360537E-01   2.379334E+00   3.613262E+00   1.486401E+00         5
   1.046823E+04   1.046823E+04   9.534387E-01   5.198415E-01   5.198415E-01   3.364627E-01   2.380730E+00   3.613126E+00   1.487373E+00         5
   1.046825E+04   1.046825E+04   9.534329E-01   5.198462E-01   5.198462E-01   3.368717E-01   2.382126E+00   3.612989E+00   1.488344E+00         5
   1.046827E+04   1.046827E+04   9.534270E-01   5.198509E-01   5.198509E-01   3.372807E-01   2.383522E+00   3.612852E+00   1.489316E+00         5
   1.046828E+04   1.046828E+04   9.534211E-01   5.198552E-01   5.198552E-01   3.376832E-01   2.384936E+00   3.612713E+00   1.490300E+00         5
   1.046830E+04   1.046830E+04   9.534151E-01   5.198592E-01   5.198592E-01   3.380818E-01   2.386361E+00   3.612574E+00   1.491292E+00         5
   1.046832E+04   1.046832E+04   9.534092E-01   5.198632E-01   5.198632E-01   3.384804E-01   2.387786E+00   3.612434E+00   1.492284E+00         5
   1.046834E+04   1.046834E+04   9.534032E-01   5.198673E-01   5.198673E-01   3.388789E-01   2.389211E+00   3.612294E+00   1.493276E+00         5
   1.046836E+04   1.046836E+04   9.533972E-01   5.198713E-01   5.198713E-01   3.392775E-01   2.390636E+00   3.612154E+00   1.494268E+00         5
   1.046838E+04   1.046838E+04   9.533912E-01   5.198754E-01   5.198754E-01   3.396761E-01   2.392061E+00   3.612015E+00   1.495260E+00         5
   1.046840E+04   1.046840E+04   9.533853E-01   5.198794E-01   5.198794E-01   3.400746E-01   2.393486E+00   3.611875E+00   1.496252E+00         5
   1.046842E+04   1.046842E+04   9.533793E-01   5.198834E-01   5.198834E-01   3.404732E-01   2.394911E+00   3.611735E+00   1.497244E+00         5
   1.046844E+04   1.046844E+04   9.533733E-01   5.198875E-01   5.198875E-01   3.408717E-01   2.396336E+00   3.611595E+00   1.498236E+00         5
   1.046846E+04   1.046846E+04   9.533673E-01   5.198915E-01   5.198915E-01   3.412703E-01   2.397761E+00   3.611456E+00   1.499228E+00         5
   1.046848E+04   1.046848E+04   9.533612E-01   5.198955E-01   5.198955E-01   3.416832E-01   2.399205E+00   3.611314E+00   1.500233E+00         5
   1.046850E+04   1.046850E+04   9.533549E-01   5.198994E-01   5.198994E-01   3.421169E-01   2.400676E+00   3.611170E+00   1.501256E+00         5
   1.046852E+04   1.046852E+04   9.533486E-01   5.199033E-01   5.199033E-01   3.425506E-01   2.402148E+00   3.611026E+00   1.502280E+00         5
   1.046854E+04   1.046854E+04   9.533423E-01   5.199071E-01   5.199071E-01   3.429843E-01   2.403619E+00   3.610883E+00   1.503303E+00         5
   1.046856E+04   1.046856E+04   9.533359E-01   5.199110E-01   5.199110E-01   3.434180E-01   2.405091E+00   3.610739E+00   1.504327E+00         5
   1.046858E+04   1.046858E+04   9.533295E-01   5.199149E-01   5.199149E-01   3.438608E-01   2.406574E+00   3.610594E+00   1.505358E+00         5
   1.046860E+04   1.046860E+04   9.533230E-01   5.199187E-01   5.199187E-01   3.443143E-01   2.408072E+00   3.610448E+00   1.506399E+00         5
   1.046862E+04   1.046862E+04   9.533165E-01   5.199225E-01   5.199225E-01   3.447677E-01   2.409569E+00   3.610301E+00   1.507441E+00         5
   1.046864E+04   1.046864E+04   9.533099E-01   5.199263E-01   5.199263E-01   3.452212E-01   2.411067E+00   3.610155E+00   1.508482E+00         5
   1.046865E+04   1.046865E+04   9.533034E-01   5.199301E-01   5.199301E-01   3.456747E-01   2.412565E+00   3.610009E+00   1.509523E+00         5
   1.046867E+04   1.046867E+04   9.532969E-01   5.199339E-01   5.199339E-01   3.461281E-01   2.414062E+00   3.609863E+00   1.510564E+00         5
   1.046869E+04   1.046869E+04   9.532904E-01   5.199377E-01   5.199377E-01   3.465816E-01   2.415560E+00   3.609717E+00   1.511605E+00         5
   1.046871E+04   1.046871E+04   9.532838E-01   5.199415E-01   5.199415E-01   3.470351E-01   2.417058E+00   3.609571E+00   1.512647E+00         5
   1.046873E+04   1.046873E+04   9.532773E-01   5.199453E-01   5.199453E-01   3.474886E-01   2.418555E+00   3.609424E+00   1.513688E+00         5
   1.046875E+04   1.046875E+04   9.532708E-01   5.199491E-01   5.199491E-01   3.479420E-01   2.420053E+00   3.609278E+00   1.514729E+00         5
   1.046877E+04   1.046877E+04   9.532643E-01   5.199529E-01   5.199529E-01   3.483955E-01   2.421551E+00   3.609132E+00   1.515770E+00         5
   1.046879E+04   1.046879E+04   9.532578E-01   5.199567E-01   5.199567E-01   3.488490E-01   2.423048E+00   3.608986E+00   1.516811E+00         5
   1.046881E+04   1.046881E+04   9.532512E-01   5.199605E-01   5.199605E-01   3.493024E-01   2.424546E+00   3.608840E+00   1.517853E+00         5
   1.046883E+04   1.046883E+04   9.532447E-01   5.199643E-01   5.199643E-01   3.497559E-01   2.426044E+00   3.608693E+00   1.518894E+00         5
   1.046885E+04   1.046885E+04   9.532382E-01   5.199681E-01   5.199681E-01   3.502094E-01   2.427541E+00   3.608547E+00   1.519935E+00         5
   1.046887E+04   1.046887E+04   9.532311E-01   5.199731E-01   5.199731E-01   3.506837E-01   2.429099E+00   3.608394E+00   1.521019E+00         5
   1.046889E+04   1.046889E+04   9.532239E-01   5.199782E-01   5.199782E-01   3.511611E-01   2.430665E+00   3.608241E+00   1.522110E+00         5
   1.046891E+04   1.046891E+04   9.532168E-01   5.199833E-01   5.199833E-01   3.516385E-01   2.432231E+00   3.608087E+00   1.523201E+00         5
   1.046893E+04   1.046893E+04   9.532096E-01   5.199884E-01   5.199884E-01   3.521159E-01   2.433797E+00   3.607933E+00   1.524291E+00         5
   1.046895E+04   1.046895E+04   9.532024E-01   5.199936E-01   5.199936E-01   3.525941E-01   2.435366E+00   3.607779E+00   1.525384E+00         5
   1.046897E+04   1.046897E+04   9.531952E-01   5.199989E-01   5.199989E-01   3.530751E-01   2.436942E+00   3.607624E+00   1.526482E+00         5
   1.046899E+04   1.046899E+04   9.531879E-01   5.200043E-01   5.200043E-01   3.535561E-01   2.438519E+00   3.607469E+00   1.527580E+00         5
   1.046900E+04   1.046900E+04   9.531806E-01   5.200096E-01   5.200096E-01   3.540371E-01   2.440095E+00   3.607314E+00   1.528678E+00         5
   1.046902E+04   1.046902E+04   9.531734E-01   5.200149E-01   5.200149E-01   3.545182E-01   2.441672E+00   3.607159E+00   1.529776E+00         5
   1.046904E+04   1.046904E+04   9.531661E-01   5.200202E-01   5.200202E-01   3.549992E-01   2.443248E+00   3.607004E+00   1.530874E+00         5
   1.046906E+04   1.046906E+04   9.531588E-01   5.200256E-01   5.200256E-01   3.554802E-01   2.444825E+00   3.606849E+00   1.531972E+00         5
   1.046908E+04   1.046908E+04   9.531516E-01   5.200309E-01   5.200309E-01   3.559612E-01   2.446402E+00   3.606695E+00   1.533071E+00         5
   1.046910E+04   1.046910E+04   9.531443E-01   5.200362E-01   5.200362E-01   3.564422E-01   2.447978E+00   3.606540E+00   1.534169E+00         5
   1.046912E+04   1.046912E+04   9.531370E-01   5.200415E-01   5.200415E-01   3.569232E-01   2.449555E+00   3.606385E+00   1.535267E+00         5
   1.046914E+04   1.046914E+04   9.531298E-01   5.200468E-01   5.200468E-01   3.574042E-01   2.451131E+00   3.606230E+00   1.536365E+00         5
   1.046916E+04   1.046916E+04   9.531225E-01   5.200522E-01   5.200522E-01   3.578852E-01   2.452708E+00   3.606075E+00   1.537463E+00         5
   1.046918E+04   1.046918E+04   9.531153E-01   5.200575E-01   5.200575E-01   3.583662E-01   2.454284E+00   3.605920E+00   1.538561E+00         5
   1.046920E+04   1.046920E+04   9.531080E-01   5.200628E-01   5.200628E-01   3.588472E-01   2.455861E+00   3.605765E+00   1.539659E+00         5
   1.046922E+04   1.046922E+04   9.531005E-01   5.200682E-01   5.200682E-01   3.593363E-01   2.457474E+00   3.605607E+00   1.540782E+00         5
   1.046924E+04   1.046924E+04   9.530927E-01   5.200736E-01   5.200736E-01   3.598388E-01   2.459150E+00   3.605443E+00   1.541947E+00         5
   1.046926E+04   1.046926E+04   9.530849E-01   5.200790E-01   5.200790E-01   3.603413E-01   2.460826E+00   3.605280E+00   1.543112E+00         5
   1.046928E+04   1.046928E+04   9.530771E-01   5.200844E-01   5.200844E-01   3.608438E-01   2.462502E+00   3.605116E+00   1.544277E+00         5
   1.046930E+04   1.046930E+04   9.530693E-01   5.200899E-01   5.200899E-01   3.613467E-01   2.464179E+00   3.604953E+00   1.545443E+00         5
   1.046932E+04   1.046932E+04   9.530611E-01   5.200954E-01   5.200954E-01   3.618642E-01   2.465924E+00   3.604783E+00   1.546654E+00         5
   1.046934E+04   1.046934E+04   9.530529E-01   5.201008E-01   5.201008E-01   3.623817E-01   2.467669E+00   3.604614E+00   1.547866E+00         5
   1.046935E+04   1.046935E+04   9.530447E-01   5.201063E-01   5.201063E-01   3.628992E-01   2.469414E+00   3.604444E+00   1.549077E+00         5
   1.046937E+04   1.046937E+04   9.530365E-01   5.201118E-01   5.201118E-01   3.634168E-01   2.471159E+00   3.604275E+00   1.550289E+00         5
   1.046939E+04   1.046939E+04   9.530283E-01   5.201173E-01   5.201173E-01   3.639343E-01   2.472904E+00   3.604105E+00   1.551500E+00         5
   1.046941E+04   1.046941E+04   9.530201E-01   5.201228E-01   5.201228E-01   3.644518E-01   2.474649E+00   3.603936E+00   1.552711E+00         5
   1.046943E+04   1.046943E+04   9.530119E-01   5.201283E-01   5.201283E-01   3.649693E-01   2.476394E+00   3.603766E+00   1.553923E+00         5
   1.046945E+04   1.046945E+04   9.530037E-01   5.201338E-01   5.201338E-01   3.654868E-01   2.478139E+00   3.603597E+00   1.555134E+00         5
   1.046947E+04   1.046947E+04   9.529955E-01   5.201393E-01   5.201393E-01   3.660043E-01   2.479884E+00   3.603427E+00   1.556346E+00         5
   1.046949E+04   1.046949E+04   9.529873E-01   5.201448E-01   5.201448E-01   3.665218E-01   2.481628E+00   3.603258E+00   1.557557E+00         5
   1.046951E+04   1.046951E+04   9.529791E-01   5.201502E-01   5.201502E-01   3.670394E-01   2.483373E+00   3.603089E+00   1.558768E+00         5
   1.046953E+04   1.046953E+04   9.529709E-01   5.201557E-01   5.201557E-01   3.675569E-01   2.485118E+00   3.602919E+00   1.559980E+00         5
   1.046955E+04   1.046955E+04   9.529624E-01   5.201613E-01   5.201613E-01   3.680843E-01   2.486917E+00   3.602744E+00   1.561230E+00         5
   1.046957E+04   1.046957E+04   9.529536E-01   5.201670E-01   5.201670E-01   3.686221E-01   2.488773E+00   3.602563E+00   1.562519E+00         5
   1.046959E+04   1.046959E+04   9.529449E-01   5.201728E-01   5.201728E-01   3.691600E-01   2.490628E+00   3.602382E+00   1.563809E+00         5
   1.046961E+04   1.046961E+04   9.529361E-01   5.201785E-01   5.201785E-01   3.696978E-01   2.492484E+00   3.602201E+00   1.565098E+00         5
   1.046963E+04   1.046963E+04   9.529271E-01   5.201843E-01   5.201843E-01   3.702449E-01   2.494389E+00   3.602015E+00   1.566424E+00         5
   1.046965E+04   1.046965E+04   9.529179E-01   5.201902E-01   5.201902E-01   3.707995E-01   2.496336E+00   3.601824E+00   1.567778E+00         5
   1.046967E+04   1.046967E+04   9.529087E-01   5.201961E-01   5.201961E-01   3.713540E-01   2.498282E+00   3.601634E+00   1.569132E+00         5
   1.046969E+04   1.046969E+04   9.528995E-01   5.202019E-01   5.202019E-01   3.719086E-01   2.500229E+00   3.601443E+00   1.570486E+00         5
   1.046970E+04   1.046970E+04   9.528903E-01   5.202078E-01   5.202078E-01   3.724632E-01   2.502175E+00   3.601253E+00   1.571840E+00         5
   1.046972E+04   1.046972E+04   9.528811E-01   5.202137E-01   5.202137E-01   3.730178E-01   2.504122E+00   3.601063E+00   1.573195E+00         5
   1.046974E+04   1.046974E+04   9.528719E-01   5.202196E-01   5.202196E-01   3.735723E-01   2.506068E+00   3.600872E+00   1.574549E+00         5
   1.046976E+04   1.046976E+04   9.528627E-01   5.202255E-01   5.202255E-01   3.741269E-01   2.508015E+00   3.600682E+00   1.575903E+00         5
   1.046978E+04   1.046978E+04   9.528535E-01   5.202314E-01   5.202314E-01   3.746815E-01   2.509961E+00   3.600491E+00   1.577257E+00         5
   1.046980E+04   1.046980E+04   9.528443E-01   5.202373E-01   5.202373E-01   3.752360E-01   2.511908E+00   3.600301E+00   1.578611E+00         5
   1.046982E+04   1.046982E+04   9.528351E-01   5.202432E-01   5.202432E-01   3.757906E-01   2.513854E+00   3.600110E+00   1.579965E+00         5
   1.046984E+04   1.046984E+04   9.528257E-01   5.202494E-01   5.202494E-01   3.763544E-01   2.515836E+00   3.599917E+00   1.581343E+00         5
   1.046986E+04   1.046986E+04   9.528158E-01   5.202562E-01   5.202562E-01   3.769399E-01   2.517902E+00   3.599716E+00   1.582778E+00         5
   1.046988E+04   1.046988E+04   9.528060E-01   5.202631E-01   5.202631E-01   3.775254E-01   2.519967E+00   3.599515E+00   1.584213E+00         5
   1.046990E+04   1.046990E+04   9.527961E-01   5.202700E-01   5.202700E-01   3.781109E-01   2.522033E+00   3.599314E+00   1.585648E+00         5
   1.046992E+04   1.046992E+04   9.527859E-01   5.202772E-01   5.202772E-01   3.787098E-01   2.524150E+00   3.599108E+00   1.587117E+00         5
   1.046994E+04   1.046994E+04   9.527756E-01   5.202847E-01   5.202847E-01   3.793129E-01   2.526283E+00   3.598901E+00   1.588598E+00         5
   1.046996E+04   1.046996E+04   9.527653E-01   5.202921E-01   5.202921E-01   3.799160E-01   2.528416E+00   3.598694E+00   1.590078E+00         5
   1.046998E+04   1.046998E+04   9.527550E-01   5.202995E-01   5.202995E-01   3.805191E-01   2.530550E+00   3.598488E+00   1.591559E+00         5
   1.047000E+04   1.047000E+04   9.527447E-01   5.203069E-01   5.203069E-01   3.811222E-01   2.532683E+00   3.598281E+00   1.593039E+00         5
   1.047002E+04   1.047002E+04   9.527344E-01   5.203144E-01   5.203144E-01   3.817253E-01   2.534816E+00   3.598074E+00   1.594520E+00         5
   1.047004E+04   1.047004E+04   9.527241E-01   5.203218E-01   5.203218E-01   3.823284E-01   2.536950E+00   3.597867E+00   1.596000E+00         5
   1.047005E+04   1.047005E+04   9.527138E-01   5.203292E-01   5.203292E-01   3.829315E-01   2.539083E+00   3.597660E+00   1.597481E+00         5
   1.047007E+04   1.047007E+04   9.527036E-01   5.203366E-01   5.203366E-01   3.835346E-01   2.541216E+00   3.597453E+00   1.598961E+00         5
   1.047009E+04   1.047009E+04   9.526933E-01   5.203440E-01   5.203440E-01   3.841377E-01   2.543350E+00   3.597246E+00   1.600442E+00         5
   1.047011E+04   1.047011E+04   9.526825E-01   5.203517E-01   5.203517E-01   3.847577E-01   2.545548E+00   3.597033E+00   1.601968E+00         5
   1.047013E+04   1.047013E+04   9.526712E-01   5.203596E-01   5.203596E-01   3.853966E-01   2.547819E+00   3.596812E+00   1.603544E+00         5
   1.047015E+04   1.047015E+04   9.526599E-01   5.203675E-01   5.203675E-01   3.860355E-01   2.550091E+00   3.596592E+00   1.605120E+00         5
   1.047017E+04   1.047017E+04   9.526486E-01   5.203754E-01   5.203754E-01   3.866758E-01   2.552367E+00   3.596371E+00   1.606700E+00         5
   1.047019E+04   1.047019E+04   9.526371E-01   5.203834E-01   5.203834E-01   3.873206E-01   2.554661E+00   3.596149E+00   1.608291E+00         5
   1.047021E+04   1.047021E+04   9.526256E-01   5.203913E-01   5.203913E-01   3.879653E-01   2.556955E+00   3.595927E+00   1.609883E+00         5
   1.047023E+04   1.047023E+04   9.526142E-01   5.203993E-01   5.203993E-01   3.886101E-01   2.559249E+00   3.595704E+00   1.611474E+00         5
   1.047025E+04   1.047025E+04   9.526027E-01   5.204073E-01   5.204073E-01   3.892548E-01   2.561542E+00   3.595482E+00   1.613066E+00         5
   1.047027E+04   1.047027E+04   9.525912E-01   5.204153E-01   5.204153E-01   3.898996E-01   2.563836E+00   3.595260E+00   1.614658E+00         5
   1.047029E+04   1.047029E+04   9.525798E-01   5.204232E-01   5.204232E-01   3.905443E-01   2.566130E+00   3.595037E+00   1.616249E+00         5
   1.047031E+04   1.047031E+04   9.525681E-01   5.204320E-01   5.204320E-01   3.911931E-01   2.568452E+00   3.594812E+00   1.617862E+00         5
   1.047033E+04   1.047033E+04   9.525563E-01   5.204409E-01   5.204409E-01   3.918425E-01   2.570779E+00   3.594586E+00   1.619477E+00         5
   1.047035E+04   1.047035E+04   9.525446E-01   5.204498E-01   5.204498E-01   3.924919E-01   2.573106E+00   3.594360E+00   1.621092E+00         5
   1.047037E+04   1.047037E+04   9.525321E-01   5.204612E-01   5.204612E-01   3.931535E-01   2.575518E+00   3.594125E+00   1.622769E+00         5
   1.047039E+04   1.047039E+04   9.525194E-01   5.204734E-01   5.204734E-01   3.938195E-01   2.577962E+00   3.593886E+00   1.624468E+00         5
   1.047041E+04   1.047041E+04   9.525067E-01   5.204857E-01   5.204857E-01   3.944854E-01   2.580406E+00   3.593647E+00   1.626167E+00         5
   1.047042E+04   1.047042E+04   9.524940E-01   5.204979E-01   5.204979E-01   3.951514E-01   2.582850E+00   3.593409E+00   1.627866E+00         5
   1.047044E+04   1.047044E+04   9.524813E-01   5.205101E-01   5.205101E-01   3.958174E-01   2.585293E+00   3.593170E+00   1.629565E+00         5
   1.047046E+04   1.047046E+04   9.524685E-01   5.205223E-01   5.205223E-01   3.964834E-01   2.587737E+00   3.592931E+00   1.631264E+00         5
   1.047048E+04   1.047048E+04   9.524558E-01   5.205346E-01   5.205346E-01   3.971494E-01   2.590181E+00   3.592693E+00   1.632964E+00         5
   1.047050E+04   1.047050E+04   9.524431E-01   5.205468E-01   5.205468E-01   3.978154E-01   2.592625E+00   3.592454E+00   1.634663E+00         5
   1.047052E+04   1.047052E+04   9.524304E-01   5.205590E-01   5.205590E-01   3.984814E-01   2.595069E+00   3.592216E+00   1.636362E+00         5
   1.047054E+04   1.047054E+04   9.524169E-01   5.205704E-01   5.205704E-01   3.991739E-01   2.597609E+00   3.591968E+00   1.638126E+00         5
   1.047056E+04   1.047056E+04   9.524031E-01   5.205815E-01   5.205815E-01   3.998748E-01   2.600180E+00   3.591719E+00   1.639912E+00         5
   1.047058E+04   1.047058E+04   9.523893E-01   5.205926E-01   5.205926E-01   4.005757E-01   2.602751E+00   3.591469E+00   1.641697E+00         5
   1.047060E+04   1.047060E+04   9.523753E-01   5.206035E-01   5.206035E-01   4.012847E-01   2.605351E+00   3.591216E+00   1.643502E+00         5
   1.047062E+04   1.047062E+04   9.523613E-01   5.206143E-01   5.206143E-01   4.019945E-01   2.607954E+00   3.590963E+00   1.645309E+00         5
   1.047064E+04   1.047064E+04   9.523473E-01   5.206251E-01   5.206251E-01   4.027043E-01   2.610557E+00   3.590711E+00   1.647116E+00         5
   1.047066E+04   1.047066E+04   9.523332E-01   5.206359E-01   5.206359E-01   4.034140E-01   2.613160E+00   3.590458E+00   1.648923E+00         5
   1.047068E+04   1.047068E+04   9.523192E-01   5.206467E-01   5.206467E-01   4.041238E-01   2.615763E+00   3.590205E+00   1.650730E+00         5
   1.047070E+04   1.047070E+04   9.523049E-01   5.206584E-01   5.206584E-01   4.048375E-01   2.618399E+00   3.589949E+00   1.652560E+00         5
   1.047072E+04   1.047072E+04   9.522901E-01   5.206720E-01   5.206720E-01   4.055603E-01   2.621112E+00   3.589685E+00   1.654445E+00         5
   1.047074E+04   1.047074E+04   9.522752E-01   5.206856E-01   5.206856E-01   4.062832E-01   2.623825E+00   3.589421E+00   1.656330E+00         5
   1.047076E+04   1.047076E+04   9.522600E-01   5.207001E-01   5.207001E-01   4.070105E-01   2.626575E+00   3.589152E+00   1.658242E+00         5
   1.047077E+04   1.047077E+04   9.522447E-01   5.207153E-01   5.207153E-01   4.077407E-01   2.629350E+00   3.588882E+00   1.660170E+00         5
   1.047079E+04   1.047079E+04   9.522293E-01   5.207304E-01   5.207304E-01   4.084709E-01   2.632124E+00   3.588611E+00   1.662099E+00         5
   1.047081E+04   1.047081E+04   9.522140E-01   5.207456E-01   5.207456E-01   4.092011E-01   2.634899E+00   3.588340E+00   1.664027E+00         5
   1.047083E+04   1.047083E+04   9.521986E-01   5.207607E-01   5.207607E-01   4.099313E-01   2.637673E+00   3.588070E+00   1.665956E+00         5
   1.047085E+04   1.047085E+04   9.521830E-01   5.207766E-01   5.207766E-01   4.106677E-01   2.640491E+00   3.587795E+00   1.667915E+00         5
   1.047087E+04   1.047087E+04   9.521667E-01   5.207942E-01   5.207942E-01   4.114168E-01   2.643395E+00   3.587511E+00   1.669934E+00         5
   1.047089E+04   1.047089E+04   9.521504E-01   5.208117E-01   5.208117E-01   4.121659E-01   2.646299E+00   3.587228E+00   1.671953E+00         5
   1.047091E+04   1.047091E+04   9.521338E-01   5.208301E-01   5.208301E-01   4.129220E-01   2.649252E+00   3.586939E+00   1.674006E+00         5
   1.047093E+04   1.047093E+04   9.521171E-01   5.208488E-01   5.208488E-01   4.136799E-01   2.652216E+00   3.586650E+00   1.676067E+00         5
   1.047095E+04   1.047095E+04   9.521004E-01   5.208674E-01   5.208674E-01   4.144377E-01   2.655180E+00   3.586360E+00   1.678128E+00         5
   1.047097E+04   1.047097E+04   9.520837E-01   5.208860E-01   5.208860E-01   4.151956E-01   2.658145E+00   3.586071E+00   1.680189E+00         5
   1.047099E+04   1.047099E+04   9.520670E-01   5.209046E-01   5.209046E-01   4.159534E-01   2.661109E+00   3.585782E+00   1.682250E+00         5
   1.047101E+04   1.047101E+04   9.520493E-01   5.209252E-01   5.209252E-01   4.167364E-01   2.664252E+00   3.585477E+00   1.684431E+00         5
   1.047103E+04   1.047103E+04   9.520315E-01   5.209461E-01   5.209461E-01   4.175230E-01   2.667422E+00   3.585170E+00   1.686630E+00         5
   1.047105E+04   1.047105E+04   9.520134E-01   5.209672E-01   5.209672E-01   4.183138E-01   2.670622E+00   3.584861E+00   1.688848E+00         5
   1.047107E+04   1.047107E+04   9.519953E-01   5.209886E-01   5.209886E-01   4.191078E-01   2.673844E+00   3.584549E+00   1.691082E+00         5
   1.047109E+04   1.047109E+04   9.519772E-01   5.210101E-01   5.210101E-01   4.199018E-01   2.677067E+00   3.584238E+00   1.693317E+00         5
   1.047111E+04   1.047111E+04   9.519590E-01   5.210315E-01   5.210315E-01   4.206959E-01   2.680290E+00   3.583927E+00   1.695551E+00         5
   1.047112E+04   0.000000E+00   4.214899E-01   4.214899E-01   5.210529E-01   4.214899E-01   1.130018E+00   4.949958E+00  -1.808368E+00        11
   1.047212E+04   1.000000E+00   4.214899E-01   4.214899E-01   5.210529E-01   4.214899E-01  -9.882534E-02   4.642747E+00  -1.808368E+00        11
   1.047312E+04   3.000000E+00   4.214899E-01   4.214899E-01   5.210529E-01   4.214899E-01  -6.297887E-01   4.510007E+00  -1.808368E+00        11
   1.047412E+04   6.000000E+00   4.214899E-01   4.214899E-01   5.210529E-01   4.214899E-01  -9.766711E-01   4.423286E+00  -1.808368E+00        11
   1.047512E+04   1.000000E+01   4.214899E-01   4.214899E-01   5.210529E-01   4.214899E-01  -1.235081E+00   4.358683E+00  -1.808368E+00        11
   1.047612E+04   1.500000E+01   4.214899E-01   4.214899E-01   5.210529E-01   4.214899E-01  -1.441175E+00   4.307160E+00  -1.808368E+00        11
   1.047712E+04   2.100000E+01   4.214899E-01   4.214899E-01   5.210529E-01   4.214899E-01  -1.612635E+00   4.264295E+00  -1.808368E+00        11
   1.047812E+04   2.800000E+01   4.214899E-01   4.214899E-01   5.210529E-01   4.214899E-01  -1.759455E+00   4.227590E+00  -1.808368E+00        11
   1.047912E+04   3.600000E+01   4.214899E-01   4.214899E-01   5.210529E-01   4.214899E-01  -1.887840E+00   4.195494E+00  -1.808368E+00        11
   1.048012E+04   4.500000E+01   4.214899E-01   4.214899E-01   5.210529E-01   4.214899E-01  -2.001910E+00   4.166976E+00  -1.808368E+00        11
   1.048112E+04   5.500000E+01   4.214899E-01   4.214899E-01   5.210529E-01   4.214899E-01  -2.104541E+00   4.141319E+00  -1.808368E+00        11
   1.048212E+04   6.600000E+01   4.214899E-01   4.214899E-01   5.210529E-01   4.214899E-01  -2.197820E+00   4.117999E+00  -1.808368E+00        11
   1.048312E+04   7.800000E+01   4.214899E-01   4.214899E-01   5.210529E-01   4.214899E-01  -2.283310E+00   4.096626E+00  -1.808368E+00        11
   1.048412E+04   9.100000E+01   4.214899E-01   4.214899E-01   5.210529E-01   4.214899E-01  -2.362214E+00   4.076900E+00  -1.808368E+00        11
   1.048512E+04   1.050000E+02   4.214899E-01   4.214899E-01   5.210529E-01   4.214899E-01  -2.435473E+00   4.058586E+00  -1.808368E+00        11
   1.048612E+04   1.200000E+02   4.214899E-01   4.214899E-01   5.210529E-01   4.214899E-01  -2.503843E+00   4.041493E+00  -1.808368E+00        11
   1.048712E+04   1.360000E+02   4.214899E-01   4.214899E-01   5.210529E-01   4.214899E-01  -2.567934E+00   4.025470E+00  -1.808368E+00        11
   1.048812E+04   1.530000E+02   4.214899E-01   4.214899E-01   5.210529E-01   4.214899E-01  -2.628253E+00   4.010391E+00  -1.808368E+00        11
   1.048912E+04   1.710000E+02   4.214899E-01   4.214899E-01   5.210529E-01   4.214899E-01  -2.685217E+00   3.996150E+00  -1.808368E+00        11
   1.049012E+04   1.900000E+02   4.214899E-01   4.214899E-01   5.210529E-01   4.214899E-01  -2.739181E+00   3.982659E+00  -1.808368E+00        11
   1.049112E+04   2.100000E+02   4.214899E-01   4.214899E-01   5.210529E-01   4.214899E-01  -2.790445E+00   3.969843E+00  -1.808368E+00        11
   1.049212E+04   2.310000E+02   4.214899E-01   4.214899E-01   5.210529E-01   4.214899E-01  -2.839266E+00   3.957637E+00  -1.808368E+00        11
   1.049312E+04   2.530000E+02   4.214899E-01   4.214899E-01   5.210529E-01   4.214899E-01  -2.885867E+00   3.945987E+00  -1.808368E+00        11
   1.049412E+04   2.760000E+02   4.214899E-01   4.214899E-01   5.210529E-01   4.214899E-01  -2.930440E+00   3.934844E+00  -1.808368E+00        11
   1.049512E+04   3.000000E+02   4.214899E-01   4.214899E-01   5.210529E-01   4.214899E-01  -2.973156E+00   3.924165E+00  -1.808368E+00        11
   1.049612E+04   3.250000E+02   4.214899E-01   4.214899E-01   5.210529E-01   4.214899E-01  -3.014162E+00   3.913913E+00  -1.808368E+00        11
   1.049712E+04   3.510000E+02   4.214899E-01   4.214899E-01   5.210529E-01   4.214899E-01  -3.053590E+00   3.904056E+00  -1.808368E+00        11
   1.049812E+04   3.780000E+02   4.214899E-01   4.214899E-01   5.210529E-01   4.214899E-01  -3.091558E+00   3.894564E+00  -1.808368E+00        11
   1.049912E+04   4.060000E+02   4.214899E-01   4.214899E-01   5.210529E-01   4.214899E-01  -3.128169E+00   3.885412E+00  -1.808368E+00        11
   1.050012E+04   4.350000E+02   4.214899E-01   4.214899E-01   5.210529E-01   4.214899E-01  -3.163517E+00   3.876575E+00  -1.808368E+00        11
   1.050112E+04   4.650000E+02   4.214899E-01   4.214899E-01   5.210529E-01   4.214899E-01  -3.197687E+00   3.868032E+00  -1.808368E+00        11
   1.050212E+04   4.960000E+02   4.214899E-01   4.214899E-01   5.210529E-01   4.214899E-01  -3.230754E+00   3.859765E+00  -1.808368E+00        11
   1.050312E+04   5.280000E+02   4.214899E-01   4.214899E-01   5.210529E-01   4.214899E-01  -3.262787E+00   3.851757E+00  -1.808368E+00        11
   1.050412E+04   5.610000E+02   4.214899E-01   4.214899E-01   5.210529E-01   4.214899E-01  -3.293849E+00   3.843991E+00  -1.808368E+00        11
   1.050512E+04   5.950000E+02   4.214899E-01   4.214899E-01   5.210529E-01   4.214899E-01  -3.323998E+00   3.836454E+00  -1.808368E+00        11
   1.050612E+04   6.300000E+02   4.214899E-01   4.214899E-01   5.210529E-01   4.214899E-01  -3.353285E+00   3.829133E+00  -1.808368E+00        11
   1.050712E+04   6.660000E+02   4.214899E-01   4.214899E-01   5.210529E-01   4.214899E-01  -3.381758E+00   3.822014E+00  -1.808368E+00        11
   1.050812E+04   7.030000E+02   4.214899E-01   4.214899E-01   5.210529E-01   4.214899E-01  -3.409462E+00   3.815088E+00  -1.808368E+00        11
   1.050912E+04   7.410000E+02   4.214899E-01   4.214899E-01   5.210529E-01   4.214899E-01  -3.436436E+00   3.808345E+00  -1.808368E+00        11
   1.051012E+04   7.800000E+02   4.214899E-01   4.214899E-01   5.210529E-01   4.214899E-01  -3.462719E+00   3.801774E+00  -1.808368E+00        11
   1.051112E+04   8.200000E+02   4.214899E-01   4.214899E-01   5.210529E-01   4.214899E-01  -3.488345E+00   3.795368E+00  -1.808368E+00        11
   1.051212E+04   8.610000E+02   4.214899E-01   4.214899E-01   5.210529E-01   4.214899E-01  -3.513345E+00   3.789118E+00  -1.808368E+00        11
   1.051312E+04   9.030000E+02   4.214899E-01   4.214899E-01   5.210529E-01   4.214899E-01  -3.537750E+00   3.783016E+00  -1.808368E+00        11
   1.051412E+04   9.460000E+02   4.214899E-01   4.214899E-01   5.210529E-01   4.214899E-01  -3.561588E+00   3.777057E+00  -1.808368E+00        11
   1.051512E+04   9.900000E+02   4.214899E-01   4.214899E-01   5.210529E-01   4.214899E-01  -3.584883E+00   3.771233E+00  -1.808368E+00        11
   1.051612E+04   1.035000E+03   4.214899E-01   4.214899E-01   5.210529E-01   4.214899E-01  -3.607661E+00   3.765539E+00  -1.808368E+00        11
   1.051712E+04   1.081000E+03   4.214899E-01   4.214899E-01   5.210529E-01   4.214899E-01  -3.629944E+00   3.759968E+00  -1.808368E+00        11
   1.051812E+04   1.128000E+03   4.214899E-01   4.214899E-01   5.210529E-01   4.214899E-01  -3.651752E+00   3.754516E+00  -1.808368E+00        11
   1.051912E+04   1.176000E+03   4.214899E-01   4.214899E-01   5.210529E-01   4.214899E-01  -3.673106E+00   3.749177E+00  -1.808368E+00        11
   1.052012E+04   1.225000E+03   4.214899E-01   4.214899E-01   5.210529E-01   4.214899E-01  -3.694024E+00   3.743948E+00  -1.808368E+00        11
   1.052112E+04   1.275000E+03   4.214899E-01   4.214899E-01   5.210529E-01   4.214899E-01  -3.714524E+00   3.738823E+00  -1.808368E+00        11
   1.052212E+04   1.326000E+03   4.214899E-01   4.214899E-01   5.210529E-01   4.214899E-01  -3.734622E+00   3.733798E+00  -1.808368E+00        11
   1.052312E+04   1.378000E+03   4.214899E-01   4.214899E-01   5.210529E-01   4.214899E-01  -3.754333E+00   3.728871E+00  -1.808368E+00        11
   1.052412E+04   1.431000E+03   4.214899E-01   4.214899E-01   5.210529E-01   4.214899E-01  -3.773672E+00   3.724036E+00  -1.808368E+00        11
   1.052512E+04   1.485000E+03   4.214899E-01   4.214899E-01   5.210529E-01   4.214899E-01  -3.792654E+00   3.719290E+00  -1.808368E+00        11
   1.052612E+04   1.540000E+03   4.214899E-01   4.214899E-01   5.210529E-01   4.214899E-01  -3.811290E+00   3.714631E+00  -1.808368E+00        11
   1.052712E+04   1.596000E+03   4.214899E-01   4.214899E-01   5.210529E-01   4.214899E-01  -3.829593E+00   3.710056E+00  -1.808368E+00        11
   1.052812E+04   1.653000E+03   4.214899E-01   4.214899E-01   5.210529E-01   4.214899E-01  -3.847575E+00   3.705560E+00  -1.808368E+00        11
   1.052912E+04   1.711000E+03   4.214899E-01   4.214899E-01   5.210529E-01   4.214899E-01  -3.865247E+00   3.701142E+00  -1.808368E+00        11
   1.053012E+04   1.770000E+03   4.214899E-01   4.214899E-01   5.210529E-01   4.214899E-01  -3.882619E+00   3.696799E+00  -1.808368E+00        11
   1.053112E+04   1.830000E+03   4.214899E-01   4.214899E-01   5.210529E-01   4.214899E-01  -3.899702E+00   3.692528E+00  -1.808368E+00        11
   1.053212E+04   1.891000E+03   4.214899E-01   4.214899E-01   5.210529E-01   4.214899E-01  -3.916505E+00   3.688328E+00  -1.808368E+00        11
   1.053312E+04   1.953000E+03   4.214899E-01   4.214899E-01   5.210529E-01   4.214899E-01  -3.933037E+00   3.684195E+00  -1.808368E+00        11
   1.053412E+04   2.016000E+03   4.214899E-01   4.214899E-01   5.210529E-01   4.214899E-01  -3.949306E+00   3.680127E+00  -1.808368E+00        11
   1.053512E+04   2.080000E+03   4.214899E-01   4.214899E-01   5.210529E-01   4.214899E-01  -3.965321E+00   3.676123E+00  -1.808368E+00        11
   1.053612E+04   2.145000E+03   4.214899E-01   4.214899E-01   5.210529E-01   4.214899E-01  -3.981090E+00   3.672181E+00  -1.808368E+00        11
   1.053712E+04   2.211000E+03   4.214899E-01   4.214899E-01   5.210529E-01   4.214899E-01  -3.996620E+00   3.668299E+00  -1.808368E+00        11
   1.053812E+04   2.278000E+03   4.214899E-01   4.214899E-01   5.210529E-01   4.214899E-01  -4.011918E+00   3.664474E+00  -1.808368E+00        11
   1.053912E+04   2.346000E+03   4.214899E-01   4.214899E-01   5.210529E-01   4.214899E-01  -4.026991E+00   3.660706E+00  -1.808368E+00        11
   1.054012E+04   2.415000E+03   4.214899E-01   4.214899E-01   5.210529E-01   4.214899E-01  -4.041845E+00   3.656992E+00  -1.808368E+00        11
   1.054112E+04   2.485000E+03   4.214899E-01   4.214899E-01   5.210529E-01   4.214899E-01  -4.056488E+00   3.653332E+00  -1.808368E+00        11
   1.054212E+04   2.556000E+03   4.214899E-01   4.214899E-01   5.210529E-01   4.214899E-01  -4.070924E+00   3.649723E+00  -1.808368E+00        11
   1.054312E+04   2.628000E+03   4.214899E-01   4.214899E-01   5.210529E-01   4.214899E-01  -4.085159E+00   3.646164E+00  -1.808368E+00        11
   1.054412E+04   2.701000E+03   4.214899E-01   4.214899E-01   5.210529E-01   4.214899E-01  -4.099200E+00   3.642654E+00  -1.808368E+00        11
   1.054512E+04   2.775000E+03   4.214899E-01   4.214899E-01   5.210529E-01   4.214899E-01  -4.113051E+00   3.639191E+00  -1.808368E+00        11
   1.054612E+04   2.850000E+03   4.214899E-01   4.214899E-01   5.210529E-01   4.214899E-01  -4.126717E+00   3.635775E+00  -1.808368E+00        11
   1.054712E+04   2.926000E+03   4.214899E-01   4.214899E-01   5.210529E-01   4.214899E-01  -4.140203E+00   3.632403E+00  -1.808368E+00        11
   1.054812E+04   3.003000E+03   4.214899E-01   4.214899E-01   5.210529E-01   4.214899E-01  -4.153514E+00   3.629075E+00  -1.808368E+00        11
   1.054912E+04   3.081000E+03   4.214899E-01   4.214899E-01   5.210529E-01   4.214899E-01  -4.166655E+00   3.625790E+00  -1.808368E+00        11
   1.055012E+04   3.160000E+03   4.214899E-01   4.214899E-01   5.210529E-01   4.214899E-01  -4.179629E+00   3.622547E+00  -1.808368E+00        11
   1.055112E+04   3.240000E+03   4.214899E-01   4.214899E-01   5.210529E-01   4.214899E-01  -4.192441E+00   3.619344E+00  -1.808368E+00        11
   1.055212E+04   3.321000E+03   4.214899E-01   4.214899E-01   5.210529E-01   4.214899E-01  -4.205094E+00   3.616180E+00  -1.808368E+00        11
   1.055312E+04   3.403000E+03   4.214899E-01   4.214899E-01   5.210529E-01   4.214899E-01  -4.217594E+00   3.613055E+00  -1.808368E+00        11
   1.055412E+04   3.486000E+03   4.214899E-01   4.214899E-01   5.210529E-01   4.214899E-01  -4.229943E+00   3.609968E+00  -1.808368E+00        11
   1.055512E+04   3.570000E+03   4.214899E-01   4.214899E-01   5.210529E-01   4.214899E-01  -4.242145E+00   3.606918E+00  -1.808368E+00        11
   1.055612E+04   3.655000E+03   4.214899E-01   4.214899E-01   5.210529E-01   4.214899E-01  -4.254203E+00   3.603903E+00  -1.808368E+00        11
   1.055712E+04   3.741000E+03   4.214899E-01   4.214899E-01   5.210529E-01   4.214899E-01  -4.266121E+00   3.600924E+00  -1.808368E+00        11
   1.055812E+04   3.828000E+03   4.214899E-01   4.214899E-01   5.210529E-01   4.214899E-01  -4.277902E+00   3.597978E+00  -1.808368E+00        11
   1.055912E+04   3.916000E+03   4.214899E-01   4.214899E-01   5.210529E-01   4.214899E-01  -4.289549E+00   3.595066E+00  -1.808368E+00        11
   1.056012E+04   4.005000E+03   4.214899E-01   4.214899E-01   5.210529E-01   4.214899E-01  -4.301066E+00   3.592187E+00  -1.808368E+00        11
   1.056112E+04   4.095000E+03   4.214899E-01   4.214899E-01   5.210529E-01   4.214899E-01  -4.312454E+00   3.589340E+00  -1.808368E+00        11
   1.056212E+04   4.186000E+03   4.214899E-01   4.214899E-01   5.210529E-01   4.214899E-01  -4.323717E+00   3.586524E+00  -1.808368E+00        11
   1.056312E+04   4.278000E+03   4.214899E-01   4.214899E-01   5.210529E-01   4.214899E-01  -4.334858E+00   3.583739E+00  -1.808368E+00        11
   1.056412E+04   4.371000E+03   4.214899E-01   4.214899E-01   5.210529E-01   4.214899E-01  -4.345879E+00   3.580984E+00  -1.808368E+00        11
   1.056512E+04   4.465000E+03   4.214899E-01   4.214899E-01   5.210529E-01   4.214899E-01  -4.356783E+00   3.578258E+00  -1.808368E+00        11
   1.056612E+04   4.560000E+03   4.214899E-01   4.214899E-01   5.210529E-01   4.214899E-01  -4.367572E+00   3.575561E+00  -1.808368E+00        11
   1.056712E+04   4.656000E+03   4.214899E-01   4.214899E-01   5.210529E-01   4.214899E-01  -4.378248E+00   3.572892E+00  -1.808368E+00        11
   1.056812E+04   4.753000E+03   4.214899E-01   4.214899E-01   5.210529E-01   4.214899E-01  -4.388815E+00   3.570250E+00  -1.808368E+00        11
   1.056912E+04   4.851000E+03   4.214899E-01   4.214899E-01   5.210529E-01   4.214899E-01  -4.399273E+00   3.567635E+00  -1.808368E+00        11
   1.057012E+04   4.950000E+03   4.214899E-01   4.214899E-01   5.210529E-01   4.214899E-01  -4.409626E+00   3.565047E+00  -1.808368E+00        11
   1.057112E+04   5.050000E+03   4.214899E-01   4.214899E-01   5.210529E-01   4.214899E-01  -4.419876E+00   3.562485E+00  -1.808368E+00        11
   1.057212E+04   5.151000E+03   4.214899E-01   4.214899E-01   5.210529E-01   4.214899E-01  -4.430024E+00   3.559948E+00  -1.808368E+00        11
   1.057312E+04   5.253000E+03   4.214899E-01   4.214899E-01   5.210529E-01   4.214899E-01  -4.440072E+00   3.557436E+00  -1.808368E+00        11
   1.057412E+04   5.356000E+03   4.214899E-01   4.214899E-01   5.210529E-01   4.214899E-01  -4.450023E+00   3.554948E+00  -1.808368E+00        11
   1.057512E+04   5.460000E+03   4.214899E-01   4.214899E-01   5.210529E-01   4.214899E-01  -4.459878E+00   3.552484E+00  -1.808368E+00        11
   1.057612E+04   5.565000E+03   4.214899E-01   4.214899E-01   5.210529E-01   4.214899E-01  -4.469640E+00   3.550044E+00  -1.808368E+00        11
   1.057712E+04   5.671000E+03   4.214899E-01   4.214899E-01   5.210529E-01   4.214899E-01  -4.479309E+00   3.547626E+00  -1.808368E+00        11
   1.057812E+04   5.778000E+03   4.214899E-01   4.214899E-01   5.210529E-01   4.214899E-01  -4.488888E+00   3.545232E+00  -1.808368E+00        11
   1.057912E+04   5.886000E+03   4.214899E-01   4.214899E-01   5.210529E-01   4.214899E-01  -4.498378E+00   3.542859E+00  -1.808368E+00        11
   1.058012E+04   5.995000E+03   4.214899E-01   4.214899E-01   5.210529E-01   4.214899E-01  -4.507782E+00   3.540508E+00  -1.808368E+00        11
   1.058112E+04   6.105000E+03   4.214899E-01   4.214899E-01   5.210529E-01   4.214899E-01  -4.517099E+00   3.538179E+00  -1.808368E+00        11
   1.058212E+04   6.216000E+03   4.214899E-01   4.214899E-01   5.210529E-01   4.214899E-01  -4.526333E+00   3.535871E+00  -1.808368E+00        11
   1.058312E+04   6.328000E+03   4.214899E-01   4.214899E-01   5.210529E-01   4.214899E-01  -4.535484E+00   3.533583E+00  -1.808368E+00        11
   1.058412E+04   6.441000E+03   4.214899E-01   4.214899E-01   5.210529E-01   4.214899E-01  -4.544555E+00   3.531315E+00  -1.808368E+00        11
   1.058512E+04   6.555000E+03   4.214899E-01   4.214899E-01   5.210529E-01   4.214899E-01  -4.553545E+00   3.529067E+00  -1.808368E+00        11
   1.058612E+04   6.670000E+03   4.214899E-01   4.214899E-01   5.210529E-01   4.214899E-01  -4.562458E+00   3.526839E+00  -1.808368E+00        11
   1.058712E+04   6.786000E+03   4.214899E-01   4.214899E-01   5.210529E-01   4.214899E-01  -4.571294E+00   3.524630E+00  -1.808368E+00        11
   1.058812E+04   6.903000E+03   4.214899E-01   4.214899E-01   5.210529E-01   4.214899E-01  -4.580054E+00   3.522440E+00  -1.808368E+00        11
   1.058912E+04   7.021000E+03   4.214899E-01   4.214899E-01   5.210529E-01   4.214899E-01  -4.588740E+00   3.520269E+00  -1.808368E+00        11
   1.059012E+04   7.140000E+03   4.214899E-01   4.214899E-01   5.210529E-01   4.214899E-01  -4.597353E+00   3.518116E+00  -1.808368E+00        11
   1.059112E+04   7.260000E+03   4.214899E-01   4.214899E-01   5.210529E-01   4.214899E-01  -4.605894E+00   3.515980E+00  -1.808368E+00        11
   1.059212E+04   7.381000E+03   4.214899E-01   4.214899E-01   5.210529E-01   4.214899E-01  -4.614365E+00   3.513863E+00  -1.808368E+00        11
   1.059312E+04   7.503000E+03   4.214899E-01   4.214899E-01   5.210529E-01   4.214899E-01  -4.622766E+00   3.511762E+00  -1.808368E+00        11
   1.059412E+04   7.626000E+03   4.214899E-01   4.214899E-01   5.210529E-01   4.214899E-01  -4.631099E+00   3.509679E+00  -1.808368E+00        11
   1.059512E+04   7.750000E+03   4.214899E-01   4.214899E-01   5.210529E-01   4.214899E-01  -4.639364E+00   3.507613E+00  -1.808368E+00        11
   1.059612E+04   7.875000E+03   4.214899E-01   4.214899E-01   5.210529E-01   4.214899E-01  -4.647564E+00   3.505563E+00  -1.808368E+00        11
   1.059712E+04   8.001000E+03   4.214899E-01   4.214899E-01   5.210529E-01   4.214899E-01  -4.655698E+00   3.503529E+00  -1.808368E+00        11
   1.059812E+04   8.128000E+03   4.214899E-01   4.214899E-01   5.210529E-01   4.214899E-01  -4.663769E+00   3.501512E+00  -1.808368E+00        11
   1.059912E+04   8.256000E+03   4.214899E-01   4.214899E-01   5.210529E-01   4.214899E-01  -4.671776E+00   3.499510E+00  -1.808368E+00        11
   1.060012E+04   8.385000E+03   4.214899E-01   4.214899E-01   5.210529E-01   4.214899E-01  -4.679721E+00   3.497523E+00  -1.808368E+00        11
   1.060112E+04   8.515000E+03   4.214899E-01   4.214899E-01   5.210529E-01   4.214899E-01  -4.687606E+00   3.495552E+00  -1.808368E+00        11
   1.060212E+04   8.646000E+03   4.214899E-01   4.214899E-01   5.210529E-01   4.214899E-01  -4.695430E+00   3.493596E+00  -1.808368E+00        11
   1.060312E+04   8.778000E+03   4.214899E-01   4.214899E-01   5.210529E-01   4.214899E-01  -4.703194E+00   3.491655E+00  -1.808368E+00        11
   1.060412E+04   8.911000E+03   4.214899E-01   4.214899E-01   5.210529E-01   4.214899E-01  -4.710901E+00   3.489729E+00  -1.808368E+00        11
   1.060512E+04   9.045000E+03   4.214899E-01   4.214899E-01   5.210529E-01   4.214899E-01  -4.730029E+00   3.484947E+00  -1.808368E+00        11
   1.060612E+04   9.180000E+03   4.214899E-01   4.214899E-01   5.210529E-01   4.214899E-01  -4.771722E+00   3.474523E+00  -1.808368E+00        11
   1.060712E+04   9.316000E+03   4.214899E-01   4.214899E-01   5.210529E-01   4.214899E-01  -4.813108E+00   3.464177E+00  -1.808368E+00        11
   1.060812E+04   9.453000E+03   4.214899E-01   4.214899E-01   5.210529E-01   4.214899E-01  -4.854192E+00   3.453906E+00  -1.808368E+00        11
   1.060912E+04   9.591000E+03   4.214899E-01   4.214899E-01   5.210529E-01   4.214899E-01  -4.894978E+00   3.443709E+00  -1.808368E+00        11
   1.061012E+04   9.730000E+03   4.214899E-01   4.214899E-01   5.210529E-01   4.214899E-01  -4.935471E+00   3.433586E+00  -1.808368E+00        11
   1.061112E+04   9.870000E+03   4.214899E-01   4.214899E-01   5.210529E-01   4.214899E-01  -4.975674E+00   3.423535E+00  -1.808368E+00        11
   1.061212E+04   1.001100E+04   4.214899E-01   4.214899E-01   5.210529E-01   4.214899E-01  -5.015592E+00   3.413556E+00  -1.808368E+00        11
   1.061312E+04   1.015300E+04   4.214899E-01   4.214899E-01   5.210529E-01   4.214899E-01  -5.055230E+00   3.403646E+00  -1.808368E+00        11
   1.061412E+04   1.029600E+04   4.214899E-01   4.214899E-01   5.210529E-01   4.214899E-01  -5.094590E+00   3.393806E+00  -1.808368E+00        11
   1.061512E+04   1.044000E+04   4.214899E-01   4.214899E-01   5.210529E-01   4.214899E-01  -5.133677E+00   3.384035E+00  -1.808368E+00        11
   1.061612E+04   1.058500E+04   4.214899E-01   4.214899E-01   5.210529E-01   4.214899E-01  -5.172494E+00   3.374330E+00  -1.808368E+00        11
   1.061712E+04   1.073100E+04   4.214899E-01   4.214899E-01   5.210529E-01   4.214899E-01  -5.211045E+00   3.364693E+00  -1.808368E+00        11
   1.061812E+04   1.087800E+04   4.214899E-01   4.214899E-01   5.210529E-01   4.214899E-01  -5.249334E+00   3.355120E+00  -1.808368E+00        11
   1.061912E+04   1.102600E+04   4.214899E-01   4.214899E-01   5.210529E-01   4.214899E-01  -5.287364E+00   3.345613E+00  -1.808368E+00        11
   1.062012E+04   1.117500E+04   4.214899E-01   4.214899E-01   5.210529E-01   4.214899E-01  -5.325140E+00   3.336169E+00  -1.808368E+00        11
   1.062112E+04   1.132500E+04   4.214899E-01   4.214899E-01   5.210529E-01   4.214899E-01  -5.362663E+00   3.326788E+00  -1.808368E+00        11
   1.062212E+04   1.147600E+04   4.214899E-01   4.214899E-01   5.210529E-01   4.214899E-01  -5.399938E+00   3.317469E+00  -1.808368E+00        11
   1.062312E+04   1.162800E+04   4.214899E-01   4.214899E-01   5.210529E-01   4.214899E-01  -5.436967E+00   3.308212E+00  -1.808368E+00        11
   1.062412E+04   1.178100E+04   4.214899E-01   4.214899E-01   5.210529E-01   4.214899E-01  -5.473755E+00   3.299015E+00  -1.808368E+00        11
   1.062512E+04   1.193500E+04   4.214899E-01   4.214899E-01   5.210529E-01   4.214899E-01  -5.510303E+00   3.289878E+00  -1.808368E+00        11
   1.062612E+04   1.209000E+04   4.214899E-01   4.214899E-01   5.210529E-01   4.214899E-01  -5.546616E+00   3.280800E+00  -1.808368E+00        11
   1.062712E+04   1.224600E+04   4.214899E-01   4.214899E-01   5.210529E-01   4.214899E-01  -5.582696E+00   3.271780E+00  -1.808368E+00        11
   1.062812E+04   1.240300E+04   4.214899E-01   4.214899E-01   5.210529E-01   4.214899E-01  -5.618546E+00   3.262817E+00  -1.808368E+00        11
   1.062912E+04   1.256100E+04   4.214899E-01   4.214899E-01   5.210529E-01   4.214899E-01  -5.654170E+00   3.253911E+00  -1.808368E+00        11
   1.063012E+04   1.272000E+04   4.214899E-01   4.214899E-01   5.210529E-01   4.214899E-01  -5.689569E+00   3.245062E+00  -1.808368E+00        11
   1.063112E+04   1.288000E+04   4.214899E-01   4.214899E-01   5.210529E-01   4.214899E-01  -5.724747E+00   3.236267E+00  -1.808368E+00        11
   1.063212E+04   1.304100E+04   4.214899E-01   4.214899E-01   5.210529E-01   4.214899E-01  -5.759707E+00   3.227527E+00  -1.808368E+00        11
   1.063312E+04   1.320300E+04   4.214899E-01   4.214899E-01   5.210529E-01   4.214899E-01  -5.794450E+00   3.218841E+00  -1.808368E+00        11
   1.063412E+04   1.336600E+04   4.214899E-01   4.214899E-01   5.210529E-01   4.214899E-01  -5.828981E+00   3.210209E+00  -1.808368E+00        11
   1.063512E+04   1.353000E+04   4.214899E-01   4.214899E-01   5.210529E-01   4.214899E-01  -5.863301E+00   3.201629E+00  -1.808368E+00        11
   1.063612E+04   1.369500E+04   4.214899E-01   4.214899E-01   5.210529E-01   4.214899E-01  -5.897413E+00   3.193101E+00  -1.808368E+00        11
   1.063712E+04   1.386100E+04   4.214899E-01   4.214899E-01   5.210529E-01   4.214899E-01  -5.931319E+00   3.184624E+00  -1.808368E+00        11
   1.063812E+04   1.402800E+04   4.214899E-01   4.214899E-01   5.210529E-01   4.214899E-01  -5.965023E+00   3.176198E+00  -1.808368E+00        11
   1.063912E+04   1.419600E+04   4.214899E-01   4.214899E-01   5.210529E-01   4.214899E-01  -5.998526E+00   3.167822E+00  -1.808368E+00        11
   1.064012E+04   1.436500E+04   4.214899E-01   4.214899E-01   5.210529E-01   4.214899E-01  -6.031830E+00   3.159496E+00  -1.808368E+00        11
   1.064112E+04   1.453500E+04   4.214899E-01   4.214899E-01   5.210529E-01   4.214899E-01  -6.064939E+00   3.151219E+00  -1.808368E+00        11
   1.064212E+04   1.470600E+04   4.214899E-01   4.214899E-01   5.210529E-01   4.214899E-01  -6.097854E+00   3.142990E+00  -1.808368E+00        11
   1.064312E+04   1.487800E+04   4.214899E-01   4.214899E-01   5.210529E-01   4.214899E-01  -6.130578E+00   3.134809E+00  -1.808368E+00        11
   1.064412E+04   1.505100E+04   4.214899E-01   4.214899E-01   5.210529E-01   4.214899E-01  -6.163113E+00   3.126676E+00  -1.808368E+00        11
   1.064512E+04   1.522500E+04   4.214899E-01   4.214899E-01   5.210529E-01   4.214899E-01  -6.195460E+00   3.118589E+00  -1.808368E+00        11
   1.064612E+04   1.540000E+04   4.214899E-01   4.214899E-01   5.210529E-01   4.214899E-01  -6.227623E+00   3.110548E+00  -1.808368E+00        11
   1.064712E+04   1.557600E+04   4.214899E-01   4.214899E-01   5.210529E-01   4.214899E-01  -6.259603E+00   3.102553E+00  -1.808368E+00        11
   1.064812E+04   1.575300E+04   4.214899E-01   4.214899E-01   5.210529E-01   4.214899E-01  -6.291402E+00   3.094603E+00  -1.808368E+00        11
   1.064912E+04   1.593100E+04   4.214899E-01   4.214899E-01   5.210529E-01   4.214899E-01  -6.323023E+00   3.086698E+00  -1.808368E+00        11
   1.065012E+04   1.611000E+04   4.214899E-01   4.214899E-01   5.210529E-01   4.214899E-01  -6.354467E+00   3.078837E+00  -1.808368E+00        11
   1.065112E+04   1.629000E+04   4.214899E-01   4.214899E-01   5.210529E-01   4.214899E-01  -6.385736E+00   3.071020E+00  -1.808368E+00        11
   1.065212E+04   1.647100E+04   4.214899E-01   4.214899E-01   5.210529E-01   4.214899E-01  -6.416833E+00   3.063246E+00  -1.808368E+00        11
   1.065312E+04   1.665300E+04   4.214899E-01   4.214899E-01   5.210529E-01   4.214899E-01  -6.447759E+00   3.055514E+00  -1.808368E+00        11
   1.065412E+04   1.683600E+04   4.214899E-01   4.214899E-01   5.210529E-01   4.214899E-01  -6.478515E+00   3.047825E+00  -1.808368E+00        11
   1.065512E+04   1.702000E+04   4.214899E-01   4.214899E-01   5.210529E-01   4.214899E-01  -6.509105E+00   3.040178E+00  -1.808368E+00        11
   1.065612E+04   1.720500E+04   4.214899E-01   4.214899E-01   5.210529E-01   4.214899E-01  -6.539529E+00   3.032572E+00  -1.808368E+00        11
   1.065712E+04   1.739100E+04   4.214899E-01   4.214899E-01   5.210529E-01   4.214899E-01  -6.569790E+00   3.025006E+00  -1.808368E+00        11
   1.065812E+04   1.757800E+04   4.214899E-01   4.214899E-01   5.210529E-01   4.214899E-01  -6.599888E+00   3.017482E+00  -1.808368E+00        11
   1.065912E+04   1.776600E+04   4.214899E-01   4.214899E-01   5.210529E-01   4.214899E-01  -6.629827E+00   3.009997E+00  -1.808368E+00        11
   1.066012E+04   1.795500E+04   4.214899E-01   4.214899E-01   5.210529E-01   4.214899E-01  -6.659608E+00   3.002552E+00  -1.808368E+00        11
   1.066112E+04   1.814500E+04   4.214899E-01   4.214899E-01   5.210529E-01   4.214899E-01  -6.689231E+00   2.995146E+00  -1.808368E+00        11
   1.066212E+04   1.833600E+04   4.214899E-01   4.214899E-01   5.210529E-01   4.214899E-01  -6.718700E+00   2.987779E+00  -1.808368E+00        11
   1.066312E+04   1.852800E+04   4.214899E-01   4.214899E-01   5.210529E-01   4.214899E-01  -6.748015E+00   2.980450E+00  -1.808368E+00        11
   1.066412E+04   1.872100E+04   4.214899E-01   4.214899E-01   5.210529E-01   4.214899E-01  -6.777178E+00   2.973159E+00  -1.808368E+00        11
   1.066512E+04   1.891500E+04   4.214899E-01   4.214899E-01   5.210529E-01   4.214899E-01  -6.806190E+00   2.965906E+00  -1.808368E+00        11
   1.066612E+04   1.911000E+04   4.214899E-01   4.214899E-01   5.210529E-01   4.214899E-01  -6.835054E+00   2.958690E+00  -1.808368E+00        11
   1.066712E+04   1.930600E+04   4.214899E-01   4.214899E-01   5.210529E-01   4.214899E-01  -6.863771E+00   2.951511E+00  -1.808368E+00        11
   1.066812E+04   1.950300E+04   4.214899E-01   4.214899E-01   5.210529E-01   4.214899E-01  -6.892342E+00   2.944368E+00  -1.808368E+00        11
   1.066912E+04   1.970100E+04   4.214899E-01   4.214899E-01   5.210529E-01   4.214899E-01  -6.920769E+00   2.937262E+00  -1.808368E+00        11
   1.067012E+04   1.990000E+04   4.214899E-01   4.214899E-01   5.210529E-01   4.214899E-01  -6.949052E+00   2.930191E+00  -1.808368E+00        11
   1.067112E+04   2.010000E+04   4.214899E-01   4.214899E-01   5.210529E-01   4.214899E-01  -6.977195E+00   2.923155E+00  -1.808368E+00        11
   1.067212E+04   2.030100E+04   4.214899E-01   4.214899E-01   5.210529E-01   4.214899E-01  -7.005197E+00   2.916154E+00  -1.808368E+00        11
   1.067312E+04   2.050300E+04   4.214899E-01   4.214899E-01   5.210529E-01   4.214899E-01  -7.033061E+00   2.909189E+00  -1.808368E+00        11
   1.067412E+04   2.070600E+04   4.214899E-01   4.214899E-01   5.210529E-01   4.214899E-01  -7.060787E+00   2.902257E+00  -1.808368E+00        11
   1.067512E+04   2.091000E+04   4.214899E-01   4.214899E-01   5.210529E-01   4.214899E-01  -7.088378E+00   2.895359E+00  -1.808368E+00        11
   1.067612E+04   2.111500E+04   4.214899E-01   4.214899E-01   5.210529E-01   4.214899E-01  -7.115834E+00   2.888495E+00  -1.808368E+00        11
   1.067712E+04   2.132100E+04   4.214899E-01   4.214899E-01   5.210529E-01   4.214899E-01  -7.143157E+00   2.881665E+00  -1.808368E+00        11
   1.067812E+04   2.152800E+04   4.214899E-01   4.214899E-01   5.210529E-01   4.214899E-01  -7.170347E+00   2.874867E+00  -1.808368E+00        11
   1.067912E+04   2.173600E+04   4.214899E-01   4.214899E-01   5.210529E-01   4.214899E-01  -7.197407E+00   2.868102E+00  -1.808368E+00        11
   1.068012E+04   2.194500E+04   4.214899E-01   4.214899E-01   5.210529E-01   4.214899E-01  -7.224338E+00   2.861369E+00  -1.808368E+00        11
   1.068112E+04   2.215500E+04   4.214899E-01   4.214899E-01   5.210529E-01   4.214899E-01  -7.251140E+00   2.854669E+00  -1.808368E+00        11
   1.068212E+04   2.236600E+04   4.214899E-01   4.214899E-01   5.210529E-01   4.214899E-01  -7.277815E+00   2.848000E+00  -1.808368E+00        11
   1.068312E+04   2.257800E+04   4.214899E-01   4.214899E-01   5.210529E-01   4.214899E-01  -7.304365E+00   2.841363E+00  -1.808368E+00        11
   1.068412E+04   2.279100E+04   4.214899E-01   4.214899E-01   5.210529E-01   4.214899E-01  -7.330789E+00   2.834756E+00  -1.808368E+00        11
   1.068512E+04   2.300500E+04   4.214899E-01   4.214899E-01   5.210529E-01   4.214899E-01  -7.357091E+00   2.828181E+00  -1.808368E+00        11
   1.068612E+04   2.322000E+04   4.214899E-01   4.214899E-01   5.210529E-01   4.214899E-01  -7.383270E+00   2.821636E+00  -1.808368E+00        11
   1.068712E+04   2.343600E+04   4.214899E-01   4.214899E-01   5.210529E-01   4.214899E-01  -7.409327E+00   2.815122E+00  -1.808368E+00        11
   1.068812E+04   2.365300E+04   4.214899E-01   4.214899E-01   5.210529E-01   4.214899E-01  -7.435265E+00   2.808638E+00  -1.808368E+00        11
   1.068912E+04   2.387100E+04   4.214899E-01   4.214899E-01   5.210529E-01   4.214899E-01  -7.461084E+00   2.802183E+00  -1.808368E+00        11
   1.069012E+04   2.409000E+04   4.214899E-01   4.214899E-01   5.210529E-01   4.214899E-01  -7.486785E+00   2.795758E+00  -1.808368E+00        11
   1.069112E+04   2.431000E+04   4.214899E-01   4.214899E-01   5.210529E-01   4.214899E-01  -7.512368E+00   2.789362E+00  -1.808368E+00        11
   1.069212E+04   2.453100E+04   4.214899E-01   4.214899E-01   5.210529E-01   4.214899E-01  -7.537837E+00   2.782995E+00  -1.808368E+00        11
   1.069312E+04   2.475300E+04   4.214899E-01   4.214899E-01   5.210529E-01   4.214899E-01  -7.563190E+00   2.776656E+00  -1.808368E+00        11
   1.069412E+04   2.497600E+04   4.214899E-01   4.214899E-01   5.210529E-01   4.214899E-01  -7.588430E+00   2.770346E+00  -1.808368E+00        11
   1.069512E+04   2.520000E+04   4.214899E-01   4.214899E-01   5.210529E-01   4.214899E-01  -7.613557E+00   2.764065E+00  -1.808368E+00        11
   1.069612E+04   2.542500E+04   4.214899E-01   4.214899E-01   5.210529E-01   4.214899E-01  -7.638572E+00   2.757811E+00  -1.808368E+00        11
   1.069712E+04   2.565100E+04   4.214899E-01   4.214899E-01   5.210529E-01   4.214899E-01  -7.663477E+00   2.751584E+00  -1.808368E+00        11
   1.069812E+04   2.587800E+04   4.214899E-01   4.214899E-01   5.210529E-01   4.214899E-01  -7.688272E+00   2.745386E+00  -1.808368E+00        11
   1.069912E+04   2.610600E+04   4.214899E-01   4.214899E-01   5.210529E-01   4.214899E-01  -7.712959E+00   2.739214E+00  -1.808368E+00        11
   1.070012E+04   2.633500E+04   4.214899E-01   4.214899E-01   5.210529E-01   4.214899E-01  -7.737537E+00   2.733070E+00  -1.808368E+00        11
   1.070112E+04   2.656500E+04   4.214899E-01   4.214899E-01   5.210529E-01   4.214899E-01  -7.762009E+00   2.726952E+00  -1.808368E+00        11
   1.070212E+04   2.679600E+04   4.214899E-01   4.214899E-01   5.210529E-01   4.214899E-01  -7.786374E+00   2.720860E+00  -1.808368E+00        11
   1.070312E+04   2.702800E+04   4.214899E-01   4.214899E-01   5.210529E-01   4.214899E-01  -7.810635E+00   2.714795E+00  -1.808368E+00        11
   1.070412E+04   2.726100E+04   4.214899E-01   4.214899E-01   5.210529E-01   4.214899E-01  -7.834791E+00   2.708756E+00  -1.808368E+00        11
   1.070512E+04   2.749500E+04   4.214899E-01   4.214899E-01   5.210529E-01   4.214899E-01  -7.858845E+00   2.702743E+00  -1.808368E+00        11
   1.070612E+04   2.773000E+04   4.214899E-01   4.214899E-01   5.210529E-01   4.214899E-01  -7.882796E+00   2.696755E+00  -1.808368E+00        11
   1.070712E+04   2.796600E+04   4.214899E-01   4.214899E-01   5.210529E-01   4.214899E-01  -7.906645E+00   2.690792E+00  -1.808368E+00        11
   1.070812E+04   2.820300E+04   4.214899E-01   4.214899E-01   5.210529E-01   4.214899E-01  -7.930394E+00   2.684855E+00  -1.808368E+00        11
   1.070912E+04   2.844100E+04   4.214899E-01   4.214899E-01   5.210529E-01   4.214899E-01  -7.954043E+00   2.678943E+00  -1.808368E+00        11
   1.071012E+04   2.868000E+04   4.214899E-01   4.214899E-01   5.210529E-01   4.214899E-01  -7.977593E+00   2.673056E+00  -1.808368E+00        11
   1.071112E+04   2.892000E+04   4.214899E-01   4.214899E-01   5.210529E-01   4.214899E-01  -8.001045E+00   2.667193E+00  -1.808368E+00        11
   1.071212E+04   2.916100E+04   4.214899E-01   4.214899E-01   5.210529E-01   4.214899E-01  -8.024400E+00   2.661354E+00  -1.808368E+00        11
   1.071312E+04   2.940300E+04   4.214899E-01   4.214899E-01   5.210529E-01   4.214899E-01  -8.047658E+00   2.655539E+00  -1.808368E+00        11
   1.071412E+04   2.964600E+04   4.214899E-01   4.214899E-01   5.210529E-01   4.214899E-01  -8.070820E+00   2.649749E+00  -1.808368E+00        11
   1.071512E+04   2.989000E+04   4.214899E-01   4.214899E-01   5.210529E-01   4.214899E-01  -8.093888E+00   2.643982E+00  -1.808368E+00        11
   1.071612E+04   3.013500E+04   4.214899E-01   4.214899E-01   5.210529E-01   4.214899E-01  -8.116861E+00   2.638239E+00  -1.808368E+00        11
   1.071712E+04   3.038100E+04   4.214899E-01   4.214899E-01   5.210529E-01   4.214899E-01  -8.139741E+00   2.632519E+00  -1.808368E+00        11
   1.071812E+04   3.062800E+04   4.214899E-01   4.214899E-01   5.210529E-01   4.214899E-01  -8.162528E+00   2.626822E+00  -1.808368E+00        11
   1.071912E+04   3.087600E+04   4.214899E-01   4.214899E-01   5.210529E-01   4.214899E-01  -8.185224E+00   2.621148E+00  -1.808368E+00        11
   1.072012E+04   3.112500E+04   4.214899E-01   4.214899E-01   5.210529E-01   4.214899E-01  -8.207828E+00   2.615497E+00  -1.808368E+00        11
   1.072112E+04   3.137500E+04   4.214899E-01   4.214899E-01   5.210529E-01   4.214899E-01  -8.230342E+00   2.609868E+00  -1.808368E+00        11
   1.072212E+04   3.162600E+04   4.214899E-01   4.214899E-01   5.210529E-01   4.214899E-01  -8.252766E+00   2.604262E+00  -1.808368E+00        11
   1.072312E+04   3.187800E+04   4.214899E-01   4.214899E-01   5.210529E-01   4.214899E-01  -8.275101E+00   2.598678E+00  -1.808368E+00        11
   1.072412E+04   3.213100E+04   4.214899E-01   4.214899E-01   5.210529E-01   4.214899E-01  -8.297348E+00   2.593117E+00  -1.808368E+00        11
   1.072512E+04   3.238500E+04   4.214899E-01   4.214899E-01   5.210529E-01   4.214899E-01  -8.319508E+00   2.587577E+00  -1.808368E+00        11
   1.072612E+04   3.264000E+04   4.214899E-01   4.214899E-01   5.210529E-01   4.214899E-01  -8.341580E+00   2.582059E+00  -1.808368E+00        11
   1.072712E+04   3.289600E+04   4.214899E-01   4.214899E-01   5.210529E-01   4.214899E-01  -8.363566E+00   2.576562E+00  -1.808368E+00        11
   1.072812E+04   3.315300E+04   4.214899E-01   4.214899E-01   5.210529E-01   4.214899E-01  -8.385467E+00   2.571087E+00  -1.808368E+00        11
   1.072912E+04   3.341100E+04   4.214899E-01   4.214899E-01   5.210529E-01   4.214899E-01  -8.407283E+00   2.565633E+00  -1.808368E+00        11
   1.073012E+04   3.367000E+04   4.214899E-01   4.214899E-01   5.210529E-01   4.214899E-01  -8.429014E+00   2.560200E+00  -1.808368E+00        11
   1.073112E+04   3.393000E+04   4.214899E-01   4.214899E-01   5.210529E-01   4.214899E-01  -8.450662E+00   2.554788E+00  -1.808368E+00        11
   1.073212E+04   3.419100E+04   4.214899E-01   4.214899E-01   5.210529E-01   4.214899E-01  -8.472227E+00   2.549397E+00  -1.808368E+00        11
   1.073312E+04   3.445300E+04   4.214899E-01   4.214899E-01   5.210529E-01   4.214899E-01  -8.493710E+00   2.544026E+00  -1.808368E+00        11
   1.073412E+04   3.471600E+04   4.214899E-01   4.214899E-01   5.210529E-01   4.214899E-01  -8.515111E+00   2.538676E+00  -1.808368E+00        11
   1.073512E+04   3.498000E+04   4.214899E-01   4.214899E-01   5.210529E-01   4.214899E-01  -8.536431E+00   2.533346E+00  -1.808368E+00        11
   1.073612E+04   3.524500E+04   4.214899E-01   4.214899E-01   5.210529E-01   4.214899E-01  -8.557670E+00   2.528036E+00  -1.808368E+00        11
   1.073712E+04   3.551100E+04   4.214899E-01   4.214899E-01   5.210529E-01   4.214899E-01  -8.578830E+00   2.522746E+00  -1.808368E+00        11
   1.073812E+04   3.577800E+04   4.214899E-01   4.214899E-01   5.210529E-01   4.214899E-01  -8.599910E+00   2.517476E+00  -1.808368E+00        11
   1.073912E+04   3.604600E+04   4.214899E-01   4.214899E-01   5.210529E-01   4.214899E-01  -8.620912E+00   2.512226E+00  -1.808368E+00        11
   1.074012E+04   3.631500E+04   4.214899E-01   4.214899E-01   5.210529E-01   4.214899E-01  -8.641836E+00   2.506995E+00  -1.808368E+00        11
   1.074112E+04   3.658500E+04   4.214899E-01   4.214899E-01   5.210529E-01   4.214899E-01  -8.662682E+00   2.501783E+00  -1.808368E+00        11
   1.074212E+04   3.685600E+04   4.214899E-01   4.214899E-01   5.210529E-01   4.214899E-01  -8.683451E+00   2.496591E+00  -1.808368E+00        11
   1.074312E+04   3.712800E+04   4.214899E-01   4.214899E-01   5.210529E-01   4.214899E-01  -8.704144E+00   2.491418E+00  -1.808368E+00        11
   1.074412E+04   3.740100E+04   4.214899E-01   4.214899E-01   5.210529E-01   4.214899E-01  -8.724761E+00   2.486263E+00  -1.808368E+00        11
   1.074512E+04   3.767500E+04   4.214899E-01   4.214899E-01   5.210529E-01   4.214899E-01  -8.745303E+00   2.481128E+00  -1.808368E+00        11
   1.074612E+04   3.795000E+04   4.214899E-01   4.214899E-01   5.210529E-01   4.214899E-01  -8.765770E+00   2.476011E+00  -1.808368E+00        11
   1.074712E+04   3.822600E+04   4.214899E-01   4.214899E-01   5.210529E-01   4.214899E-01  -8.786163E+00   2.470913E+00  -1.808368E+00        11
   1.074812E+04   3.850300E+04   4.214899E-01   4.214899E-01   5.210529E-01   4.214899E-01  -8.806483E+00   2.465833E+00  -1.808368E+00        11
   1.074912E+04   3.878100E+04   4.214899E-01   4.214899E-01   5.210529E-01   4.214899E-01  -8.826729E+00   2.460772E+00  -1.808368E+00        11
   1.075012E+04   3.906000E+04   4.214899E-01   4.214899E-01   5.210529E-01   4.214899E-01  -8.846902E+00   2.455728E+00  -1.808368E+00        11
   1.075112E+04   3.934000E+04   4.214899E-01   4.214899E-01   5.210529E-01   4.214899E-01  -8.867004E+00   2.450703E+00  -1.808368E+00        11
   1.075212E+04   3.962100E+04   4.214899E-01   4.214899E-01   5.210529E-01   4.214899E-01  -8.887034E+00   2.445695E+00  -1.808368E+00        11
   1.075312E+04   3.990300E+04   4.214899E-01   4.214899E-01   5.210529E-01   4.214899E-01  -8.906993E+00   2.440705E+00  -1.808368E+00        11
   1.075412E+04   4.018600E+04   4.214899E-01   4.214899E-01   5.210529E-01   4.214899E-01  -8.926882E+00   2.435733E+00  -1.808368E+00        11
   1.075512E+04   4.047000E+04   4.214899E-01   4.214899E-01   5.210529E-01   4.214899E-01  -8.946701E+00   2.430779E+00  -1.808368E+00        11
   1.075612E+04   4.075500E+04   4.214899E-01   4.214899E-01   5.210529E-01   4.214899E-01  -8.966450E+00   2.425841E+00  -1.808368E+00        11
   1.075712E+04   4.104100E+04   4.214899E-01   4.214899E-01   5.210529E-01   4.214899E-01  -8.986129E+00   2.420921E+00  -1.808368E+00        11
   1.075812E+04   4.132800E+04   4.214899E-01   4.214899E-01   5.210529E-01   4.214899E-01  -9.005741E+00   2.416019E+00  -1.808368E+00        11
   1.075912E+04   4.161600E+04   4.214899E-01   4.214899E-01   5.210529E-01   4.214899E-01  -9.025284E+00   2.411133E+00  -1.808368E+00        11
   1.076012E+04   4.190500E+04   4.214899E-01   4.214899E-01   5.210529E-01   4.214899E-01  -9.044760E+00   2.406264E+00  -1.808368E+00        11
   1.076112E+04   4.219500E+04   4.214899E-01   4.214899E-01   5.210529E-01   4.214899E-01  -9.064168E+00   2.401412E+00  -1.808368E+00        11
   1.076212E+04   4.248600E+04   4.214899E-01   4.214899E-01   5.210529E-01   4.214899E-01  -9.083510E+00   2.396576E+00  -1.808368E+00        11
   1.076312E+04   4.277800E+04   4.214899E-01   4.214899E-01   5.210529E-01   4.214899E-01  -9.102786E+00   2.391757E+00  -1.808368E+00        11
   1.076412E+04   4.307100E+04   4.214899E-01   4.214899E-01   5.210529E-01   4.214899E-01  -9.121995E+00   2.386955E+00  -1.808368E+00        11
   1.076512E+04   4.336500E+04   4.214899E-01   4.214899E-01   5.210529E-01   4.214899E-01  -9.141140E+00   2.382169E+00  -1.808368E+00        11
   1.076612E+04   4.366000E+04   4.214899E-01   4.214899E-01   5.210529E-01   4.214899E-01  -9.160219E+00   2.377399E+00  -1.808368E+00        11
   1.076712E+04   4.395600E+04   4.214899E-01   4.214899E-01   5.210529E-01   4.214899E-01  -9.179234E+00   2.372645E+00  -1.808368E+00        11
   1.076812E+04   4.425300E+04   4.214899E-01   4.214899E-01   5.210529E-01   4.214899E-01  -9.198186E+00   2.367907E+00  -1.808368E+00        11
   1.076912E+04   4.455100E+04   4.214899E-01   4.214899E-01   5.210529E-01   4.214899E-01  -9.217073E+00   2.363186E+00  -1.808368E+00        11
   1.077012E+04   4.485000E+04   4.214899E-01   4.214899E-01   5.210529E-01   4.214899E-01  -9.235897E+00   2.358479E+00  -1.808368E+00        11
   1.077112E+04   4.515000E+04   4.214899E-01   4.214899E-01   5.210529E-01   4.214899E-01  -9.254659E+00   2.353789E+00  -1.808368E+00        11
   1.077212E+04   4.545100E+04   4.214899E-01   4.214899E-01   5.210529E-01   4.214899E-01  -9.273358E+00   2.349114E+00  -1.808368E+00        11
   1.077312E+04   4.575300E+04   4.214899E-01   4.214899E-01   5.210529E-01   4.214899E-01  -9.291995E+00   2.344455E+00  -1.808368E+00        11
   1.077412E+04   4.605600E+04   4.214899E-01   4.214899E-01   5.210529E-01   4.214899E-01  -9.310571E+00   2.339811E+00  -1.808368E+00        11
   1.077512E+04   4.636000E+04   4.214899E-01   4.214899E-01   5.210529E-01   4.214899E-01  -9.329086E+00   2.335182E+00  -1.808368E+00        11
   1.077612E+04   4.666500E+04   4.214899E-01   4.214899E-01   5.210529E-01   4.214899E-01  -9.347540E+00   2.330569E+00  -1.808368E+00        11
   1.077712E+04   4.697100E+04   4.214899E-01   4.214899E-01   5.210529E-01   4.214899E-01  -9.365934E+00   2.325970E+00  -1.808368E+00        11
   1.077812E+04   4.727800E+04   4.214899E-01   4.214899E-01   5.210529E-01   4.214899E-01  -9.384267E+00   2.321387E+00  -1.808368E+00        11
   1.077912E+04   4.758600E+04   4.214899E-01   4.214899E-01   5.210529E-01   4.214899E-01  -9.402542E+00   2.316818E+00  -1.808368E+00        11
   1.078012E+04   4.789500E+04   4.214899E-01   4.214899E-01   5.210529E-01   4.214899E-01  -9.420757E+00   2.312265E+00  -1.808368E+00        11
   1.078112E+04   4.820500E+04   4.214899E-01   4.214899E-01   5.210529E-01   4.214899E-01  -9.438913E+00   2.307726E+00  -1.808368E+00        11
   1.078212E+04   4.851600E+04   4.214899E-01   4.214899E-01   5.210529E-01   4.214899E-01  -9.457011E+00   2.303201E+00  -1.808368E+00        11
   1.078312E+04   4.882800E+04   4.214899E-01   4.214899E-01   5.210529E-01   4.214899E-01  -9.475051E+00   2.298691E+00  -1.808368E+00        11
   1.078412E+04   4.914100E+04   4.214899E-01   4.214899E-01   5.210529E-01   4.214899E-01  -9.493033E+00   2.294195E+00  -1.808368E+00        11
   1.078512E+04   4.945500E+04   4.214899E-01   4.214899E-01   5.210529E-01   4.214899E-01  -9.510958E+00   2.289714E+00  -1.808368E+00        11
   1.078612E+04   4.977000E+04   4.214899E-01   4.214899E-01   5.210529E-01   4.214899E-01  -9.528826E+00   2.285247E+00  -1.808368E+00        11
   1.078712E+04   5.008600E+04   4.214899E-01   4.214899E-01   5.210529E-01   4.214899E-01  -9.546638E+00   2.280794E+00  -1.808368E+00        11
   1.078812E+04   5.040300E+04   4.214899E-01   4.214899E-01   5.210529E-01   4.214899E-01  -9.564393E+00   2.276355E+00  -1.808368E+00        11
   1.078912E+04   5.072100E+04   4.214899E-01   4.214899E-01   5.210529E-01   4.214899E-01  -9.582093E+00   2.271931E+00  -1.808368E+00        11
   1.079012E+04   5.104000E+04   4.214899E-01   4.214899E-01   5.210529E-01   4.214899E-01  -9.599737E+00   2.267520E+00  -1.808368E+00        11
   1.079112E+04   5.136000E+04   4.214899E-01   4.214899E-01   5.210529E-01   4.214899E-01  -9.617326E+00   2.263122E+00  -1.808368E+00        11
   1.079212E+04   5.168100E+04   4.214899E-01   4.214899E-01   5.210529E-01   4.214899E-01  -9.634860E+00   2.258739E+00  -1.808368E+00        11
   1.079312E+04   5.200300E+04   4.214899E-01   4.214899E-01   5.210529E-01   4.214899E-01  -9.652340E+00   2.254369E+00  -1.808368E+00        11
   1.079412E+04   5.232600E+04   4.214899E-01   4.214899E-01   5.210529E-01   4.214899E-01  -9.669765E+00   2.250012E+00  -1.808368E+00        11
   1.079512E+04   5.265000E+04   4.214899E-01   4.214899E-01   5.210529E-01   4.214899E-01  -9.687137E+00   2.245669E+00  -1.808368E+00        11
   1.079612E+04   5.297500E+04   4.214899E-01   4.214899E-01   5.210529E-01   4.214899E-01  -9.704456E+00   2.241340E+00  -1.808368E+00        11
   1.079712E+04   5.330100E+04   4.214899E-01   4.214899E-01   5.210529E-01   4.214899E-01  -9.721721E+00   2.237024E+00  -1.808368E+00        11
   1.079812E+04   5.362800E+04   4.214899E-01   4.214899E-01   5.210529E-01   4.214899E-01  -9.738933E+00   2.232720E+00  -1.808368E+00        11
   1.079912E+04   5.395600E+04   4.214899E-01   4.214899E-01   5.210529E-01   4.214899E-01  -9.756093E+00   2.228430E+00  -1.808368E+00        11
   1.080012E+04   5.428500E+04   4.214899E-01   4.214899E-01   5.210529E-01   4.214899E-01  -9.773201E+00   2.224154E+00  -1.808368E+00        11
   1.080112E+04   5.461500E+04   4.214899E-01   4.214899E-01   5.210529E-01   4.214899E-01  -9.790257E+00   2.219890E+00  -1.808368E+00        11
   1.080212E+04   5.494600E+04   4.214899E-01   4.214899E-01   5.210529E-01   4.214899E-01  -9.807261E+00   2.215638E+00  -1.808368E+00        11
   1.080312E+04   5.527800E+04   4.214899E-01   4.214899E-01   5.210529E-01   4.214899E-01  -9.824215E+00   2.211400E+00  -1.808368E+00        11
   1.080412E+04   5.561100E+04   4.214899E-01   4.214899E-01   5.210529E-01   4.214899E-01  -9.841117E+00   2.207175E+00  -1.808368E+00        11
   1.080512E+04   5.594500E+04   4.214899E-01   4.214899E-01   5.210529E-01   4.214899E-01  -9.857969E+00   2.202962E+00  -1.808368E+00        11
   1.080612E+04   5.628000E+04   4.214899E-01   4.214899E-01   5.210529E-01   4.214899E-01  -9.874770E+00   2.198761E+00  -1.808368E+00        11
   1.080712E+04   5.661600E+04   4.214899E-01   4.214899E-01   5.210529E-01   4.214899E-01  -9.891521E+00   2.194573E+00  -1.808368E+00        11
   1.080812E+04   5.695300E+04   4.214899E-01   4.214899E-01   5.210529E-01   4.214899E-01  -9.908223E+00   2.190398E+00  -1.808368E+00        11
   1.080912E+04   5.729100E+04   4.214899E-01   4.214899E-01   5.210529E-01   4.214899E-01  -9.924875E+00   2.186235E+00  -1.808368E+00        11
   1.081012E+04   5.763000E+04   4.214899E-01   4.214899E-01   5.210529E-01   4.214899E-01  -9.941478E+00   2.182084E+00  -1.808368E+00        11
   1.081112E+04   5.797000E+04   4.214899E-01   4.214899E-01   5.210529E-01   4.214899E-01  -9.958033E+00   2.177946E+00  -1.808368E+00        11
   1.081212E+04   5.831100E+04   4.214899E-01   4.214899E-01   5.210529E-01   4.214899E-01  -9.974538E+00   2.173819E+00  -1.808368E+00        11
   1.081312E+04   5.865300E+04   4.214899E-01   4.214899E-01   5.210529E-01   4.214899E-01  -9.990996E+00   2.169705E+00  -1.808368E+00        11
   1.081412E+04   5.899600E+04   4.214899E-01   4.214899E-01   5.210529E-01   4.214899E-01  -1.000741E+01   2.165602E+00  -1.808368E+00        11
   1.081512E+04   5.934000E+04   4.214899E-01   4.214899E-01   5.210529E-01   4.214899E-01  -1.002377E+01   2.161512E+00  -1.808368E+00        11
   1.081612E+04   5.968500E+04   4.214899E-01   4.214899E-01   5.210529E-01   4.214899E-01  -1.004008E+01   2.157433E+00  -1.808368E+00        11
   1.081712E+04   6.003100E+04   4.214899E-01   4.214899E-01   5.210529E-01   4.214899E-01  -1.005635E+01   2.153367E+00  -1.808368E+00        11
   1.081812E+04   6.037800E+04   4.214899E-01   4.214899E-01   5.210529E-01   4.214899E-01  -1.007257E+01   2.149311E+00  -1.808368E+00        11
   1.081912E+04   6.072600E+04   4.214899E-01   4.214899E-01   5.210529E-01   4.214899E-01  -1.008874E+01   2.145268E+00  -1.808368E+00        11
   1.082012E+04   6.107500E+04   4.214899E-01   4.214899E-01   5.210529E-01   4.214899E-01  -1.010487E+01   2.141236E+00  -1.808368E+00        11
   1.082112E+04   6.142500E+04   4.214899E-01   4.214899E-01   5.210529E-01   4.214899E-01  -1.012095E+01   2.137216E+00  -1.808368E+00        11
   1.082212E+04   6.177600E+04   4.214899E-01   4.214899E-01   5.210529E-01   4.214899E-01  -1.013699E+01   2.133207E+00  -1.808368E+00        11
   1.082312E+04   6.212800E+04   4.214899E-01   4.214899E-01   5.210529E-01   4.214899E-01  -1.015298E+01   2.129209E+00  -1.808368E+00        11
   1.082412E+04   6.248100E+04   4.214899E-01   4.214899E-01   5.210529E-01   4.214899E-01  -1.016892E+01   2.125223E+00  -1.808368E+00        11
   1.082512E+04   6.283500E+04   4.214899E-01   4.214899E-01   5.210529E-01   4.214899E-01  -1.018482E+01   2.121248E+00  -1.808368E+00        11
   1.082612E+04   6.319000E+04   4.214899E-01   4.214899E-01   5.210529E-01   4.214899E-01  -1.020068E+01   2.117285E+00  -1.808368E+00        11
   1.082712E+04   6.354600E+04   4.214899E-01   4.214899E-01   5.210529E-01   4.214899E-01  -1.021649E+01   2.113332E+00  -1.808368E+00        11
   1.082812E+04   6.390300E+04   4.214899E-01   4.214899E-01   5.210529E-01   4.214899E-01  -1.023225E+01   2.109391E+00  -1.808368E+00        11
   1.082912E+04   6.426100E+04   4.214899E-01   4.214899E-01   5.210529E-01   4.214899E-01  -1.024797E+01   2.105460E+00  -1.808368E+00        11
   1.083012E+04   6.462000E+04   4.214899E-01   4.214899E-01   5.210529E-01   4.214899E-01  -1.026365E+01   2.101541E+00  -1.808368E+00        11
   1.083112E+04   6.498000E+04   4.214899E-01   4.214899E-01   5.210529E-01   4.214899E-01  -1.027929E+01   2.097632E+00  -1.808368E+00        11
   1.083212E+04   6.534100E+04   4.214899E-01   4.214899E-01   5.210529E-01   4.214899E-01  -1.029488E+01   2.093734E+00  -1.808368E+00        11
   1.083312E+04   6.570300E+04   4.214899E-01   4.214899E-01   5.210529E-01   4.214899E-01  -1.031043E+01   2.089847E+00  -1.808368E+00        11
   1.083412E+04   6.606600E+04   4.214899E-01   4.214899E-01   5.210529E-01   4.214899E-01  -1.032593E+01   2.085971E+00  -1.808368E+00        11
   1.083512E+04   6.643000E+04   4.214899E-01   4.214899E-01   5.210529E-01   4.214899E-01  -1.034139E+01   2.082105E+00  -1.808368E+00        11
   1.083612E+04   6.679500E+04   4.214899E-01   4.214899E-01   5.210529E-01   4.214899E-01  -1.035682E+01   2.078250E+00  -1.808368E+00        11
   1.083712E+04   6.716100E+04   4.214899E-01   4.214899E-01   5.210529E-01   4.214899E-01  -1.037219E+01   2.074405E+00  -1.808368E+00        11
   1.083812E+04   6.752800E+04   4.214899E-01   4.214899E-01   5.210529E-01   4.214899E-01  -1.038753E+01   2.070571E+00  -1.808368E+00        11
   1.083912E+04   6.789600E+04   4.214899E-01   4.214899E-01   5.210529E-01   4.214899E-01  -1.040282E+01   2.066748E+00  -1.808368E+00        11
   1.084012E+04   6.826500E+04   4.214899E-01   4.214899E-01   5.210529E-01   4.214899E-01  -1.041808E+01   2.062934E+00  -1.808368E+00        11
   1.084112E+04   6.863500E+04   4.214899E-01   4.214899E-01   5.210529E-01   4.214899E-01  -1.043329E+01   2.059131E+00  -1.808368E+00        11
   1.084212E+04   6.900600E+04   4.214899E-01   4.214899E-01   5.210529E-01   4.214899E-01  -1.044846E+01   2.055338E+00  -1.808368E+00        11
   1.084312E+04   6.937800E+04   4.214899E-01   4.214899E-01   5.210529E-01   4.214899E-01  -1.046359E+01   2.051556E+00  -1.808368E+00        11
   1.084412E+04   6.975100E+04   4.214899E-01   4.214899E-01   5.210529E-01   4.214899E-01  -1.047868E+01   2.047783E+00  -1.808368E+00        11
   1.084512E+04   7.012500E+04   4.214899E-01   4.214899E-01   5.210529E-01   4.214899E-01  -1.049373E+01   2.044021E+00  -1.808368E+00        11
   1.084612E+04   7.050000E+04   4.214899E-01   4.214899E-01   5.210529E-01   4.214899E-01  -1.050874E+01   2.040269E+00  -1.808368E+00        11
   1.084712E+04   7.087600E+04   4.214899E-01   4.214899E-01   5.210529E-01   4.214899E-01  -1.052371E+01   2.036526E+00  -1.808368E+00        11
   1.084812E+04   7.125300E+04   4.214899E-01   4.214899E-01   5.210529E-01   4.214899E-01  -1.053864E+01   2.032794E+00  -1.808368E+00        11
   1.084912E+04   7.163100E+04   4.214899E-01   4.214899E-01   5.210529E-01   4.214899E-01  -1.055353E+01   2.029072E+00  -1.808368E+00        11
   1.085012E+04   7.201000E+04   4.214899E-01   4.214899E-01   5.210529E-01   4.214899E-01  -1.056838E+01   2.025359E+00  -1.808368E+00        11
   1.085112E+04   7.239000E+04   4.214899E-01   4.214899E-01   5.210529E-01   4.214899E-01  -1.058319E+01   2.021656E+00  -1.808368E+00        11
   1.085212E+04   7.277100E+04   4.214899E-01   4.214899E-01   5.210529E-01   4.214899E-01  -1.059796E+01   2.017963E+00  -1.808368E+00        11
   1.085312E+04   7.315300E+04   4.214899E-01   4.214899E-01   5.210529E-01   4.214899E-01  -1.061270E+01   2.014279E+00  -1.808368E+00        11
   1.085412E+04   7.353600E+04   4.214899E-01   4.214899E-01   5.210529E-01   4.214899E-01  -1.062739E+01   2.010605E+00  -1.808368E+00        11
   1.085512E+04   7.392000E+04   4.214899E-01   4.214899E-01   5.210529E-01   4.214899E-01  -1.064205E+01   2.006941E+00  -1.808368E+00        11
   1.085612E+04   7.430500E+04   4.214899E-01   4.214899E-01   5.210529E-01   4.214899E-01  -1.065667E+01   2.003286E+00  -1.808368E+00        11
   1.085712E+04   7.469100E+04   4.214899E-01   4.214899E-01   5.210529E-01   4.214899E-01  -1.067125E+01   1.999641E+00  -1.808368E+00        11
   1.085812E+04   7.507800E+04   4.214899E-01   4.214899E-01   5.210529E-01   4.214899E-01  -1.068580E+01   1.996005E+00  -1.808368E+00        11
   1.085912E+04   7.546600E+04   4.214899E-01   4.214899E-01   5.210529E-01   4.214899E-01  -1.070030E+01   1.992378E+00  -1.808368E+00        11
   1.086012E+04   7.585500E+04   4.214899E-01   4.214899E-01   5.210529E-01   4.214899E-01  -1.071477E+01   1.988761E+00  -1.808368E+00        11
   1.086112E+04   7.624500E+04   4.214899E-01   4.214899E-01   5.210529E-01   4.214899E-01  -1.072920E+01   1.985153E+00  -1.808368E+00        11
   1.086212E+04   7.663600E+04   4.214899E-01   4.214899E-01   5.210529E-01   4.214899E-01  -1.074360E+01   1.981554E+00  -1.808368E+00        11
   1.086312E+04   7.702800E+04   4.214899E-01   4.214899E-01   5.210529E-01   4.214899E-01  -1.075796E+01   1.977964E+00  -1.808368E+00        11
   1.086412E+04   7.742100E+04   4.214899E-01   4.214899E-01   5.210529E-01   4.214899E-01  -1.077228E+01   1.974384E+00  -1.808368E+00        11
   1.086512E+04   7.781500E+04   4.214899E-01   4.214899E-01   5.210529E-01   4.214899E-01  -1.078656E+01   1.970813E+00  -1.808368E+00        11
   1.086612E+04   7.821000E+04   4.214899E-01   4.214899E-01   5.210529E-01   4.214899E-01  -1.080081E+01   1.967250E+00  -1.808368E+00        11
   1.086712E+04   7.860600E+04   4.214899E-01   4.214899E-01   5.210529E-01   4.214899E-01  -1.081503E+01   1.963697E+00  -1.808368E+00        11
   1.086812E+04   7.900300E+04   4.214899E-01   4.214899E-01   5.210529E-01   4.214899E-01  -1.082920E+01   1.960153E+00  -1.808368E+00        11
   1.086912E+04   7.940100E+04   4.214899E-01   4.214899E-01   5.210529E-01   4.214899E-01  -1.084335E+01   1.956617E+00  -1.808368E+00        11
   1.087012E+04   7.980000E+04   4.214899E-01   4.214899E-01   5.210529E-01   4.214899E-01  -1.085745E+01   1.953091E+00  -1.808368E+00        11
   1.087112E+04   8.020000E+04   4.214899E-01   4.214899E-01   5.210529E-01   4.214899E-01  -1.087152E+01   1.949573E+00  -1.808368E+00        11
   1.087212E+04   8.060100E+04   4.214899E-01   4.214899E-01   5.210529E-01   4.214899E-01  -1.088556E+01   1.946064E+00  -1.808368E+00        11
   1.087312E+04   8.100300E+04   4.214899E-01   4.214899E-01   5.210529E-01   4.214899E-01  -1.089956E+01   1.942564E+00  -1.808368E+00        11
   1.087412E+04   8.140600E+04   4.214899E-01   4.214899E-01   5.210529E-01   4.214899E-01  -1.091353E+01   1.939072E+00  -1.808368E+00        11
   1.087512E+04   8.181000E+04   4.214899E-01   4.214899E-01   5.210529E-01   4.214899E-01  -1.092746E+01   1.935589E+00  -1.808368E+00        11
   1.087612E+04   8.221500E+04   4.214899E-01   4.214899E-01   5.210529E-01   4.214899E-01  -1.094136E+01   1.932115E+00  -1.808368E+00        11
   1.087712E+04   8.262100E+04   4.214899E-01   4.214899E-01   5.210529E-01   4.214899E-01  -1.095522E+01   1.928649E+00  -1.808368E+00        11
   1.087812E+04   8.302800E+04   4.214899E-01   4.214899E-01   5.210529E-01   4.214899E-01  -1.096905E+01   1.925192E+00  -1.808368E+00        11
   1.087912E+04   8.343600E+04   4.214899E-01   4.214899E-01   5.210529E-01   4.214899E-01  -1.098284E+01   1.921743E+00  -1.808368E+00        11
   1.088012E+04   8.384500E+04   4.214899E-01   4.214899E-01   5.210529E-01   4.214899E-01  -1.099661E+01   1.918302E+00  -1.808368E+00        11
   1.088112E+04   8.425500E+04   4.214899E-01   4.214899E-01   5.210529E-01   4.214899E-01  -1.101033E+01   1.914870E+00  -1.808368E+00        11
   1.088212E+04   8.466600E+04   4.214899E-01   4.214899E-01   5.210529E-01   4.214899E-01  -1.102403E+01   1.911447E+00  -1.808368E+00        11
   1.088312E+04   8.507800E+04   4.214899E-01   4.214899E-01   5.210529E-01   4.214899E-01  -1.103769E+01   1.908031E+00  -1.808368E+00        11
   1.088412E+04   8.549100E+04   4.214899E-01   4.214899E-01   5.210529E-01   4.214899E-01  -1.105132E+01   1.904624E+00  -1.808368E+00        11
   1.088512E+04   8.590500E+04   4.214899E-01   4.214899E-01   5.210529E-01   4.214899E-01  -1.106491E+01   1.901225E+00  -1.808368E+00        11
   1.088612E+04   8.632000E+04   4.214899E-01   4.214899E-01   5.210529E-01   4.214899E-01  -1.107848E+01   1.897835E+00  -1.808368E+00        11
   1.088712E+04   8.673600E+04   4.214899E-01   4.214899E-01   5.210529E-01   4.214899E-01  -1.109201E+01   1.894452E+00  -1.808368E+00        11
   1.088812E+04   8.715300E+04   4.214899E-01   4.214899E-01   5.210529E-01   4.214899E-01  -1.110550E+01   1.891078E+00  -1.808368E+00        11
   1.088912E+04   8.757100E+04   4.214899E-01   4.214899E-01   5.210529E-01   4.214899E-01  -1.111897E+01   1.887712E+00  -1.808368E+00        11
   1.089012E+04   8.799000E+04   4.214899E-01   4.214899E-01   5.210529E-01   4.214899E-01  -1.113240E+01   1.884353E+00  -1.808368E+00        11
   1.089112E+04   8.841000E+04   4.214899E-01   4.214899E-01   5.210529E-01   4.214899E-01  -1.114580E+01   1.881003E+00  -1.808368E+00        11
   1.089212E+04   8.883100E+04   4.214899E-01   4.214899E-01   5.210529E-01   4.214899E-01  -1.115917E+01   1.877661E+00  -1.808368E+00        11
   1.089312E+04   8.925300E+04   4.214899E-01   4.214899E-01   5.210529E-01   4.214899E-01  -1.117251E+01   1.874326E+00  -1.808368E+00        11
   1.089412E+04   8.967600E+04   4.214899E-01   4.214899E-01   5.210529E-01   4.214899E-01  -1.118582E+01   1.871000E+00  -1.808368E+00        11
   1.089512E+04   9.010000E+04   4.214899E-01   4.214899E-01   5.210529E-01   4.214899E-01  -1.119909E+01   1.867681E+00  -1.808368E+00        11
   1.089612E+04   9.052500E+04   4.214899E-01   4.214899E-01   5.210529E-01   4.214899E-01  -1.121233E+01   1.864370E+00  -1.808368E+00        11
   1.089712E+04   9.095100E+04   4.214899E-01   4.214899E-01   5.210529E-01   4.214899E-01  -1.122555E+01   1.861067E+00  -1.808368E+00        11
   1.089812E+04   9.137800E+04   4.214899E-01   4.214899E-01   5.210529E-01   4.214899E-01  -1.123873E+01   1.857772E+00  -1.808368E+00        11
   1.089912E+04   9.180600E+04   4.214899E-01   4.214899E-01   5.210529E-01   4.214899E-01  -1.125188E+01   1.854484E+00  -1.808368E+00        11
   1.090012E+04   9.223500E+04   4.214899E-01   4.214899E-01   5.210529E-01   4.214899E-01  -1.126500E+01   1.851204E+00  -1.808368E+00        11
   1.090112E+04   9.266500E+04   4.214899E-01   4.214899E-01   5.210529E-01   4.214899E-01  -1.127809E+01   1.847932E+00  -1.808368E+00        11
   1.090212E+04   9.309600E+04   4.214899E-01   4.214899E-01   5.210529E-01   4.214899E-01  -1.129115E+01   1.844667E+00  -1.808368E+00        11
   1.090312E+04   9.352800E+04   4.214899E-01   4.214899E-01   5.210529E-01   4.214899E-01  -1.130418E+01   1.841410E+00  -1.808368E+00        11
   1.090412E+04   9.396100E+04   4.214899E-01   4.214899E-01   5.210529E-01   4.214899E-01  -1.131717E+01   1.838160E+00  -1.808368E+00        11
   1.090512E+04   9.439500E+04   4.214899E-01   4.214899E-01   5.210529E-01   4.214899E-01  -1.133014E+01   1.834918E+00  -1.808368E+00        11
   1.090612E+04   9.483000E+04   4.214899E-01   4.214899E-01   5.210529E-01   4.214899E-01  -1.134308E+01   1.831683E+00  -1.808368E+00        11
   1.090712E+04   9.526600E+04   4.214899E-01   4.214899E-01   5.210529E-01   4.214899E-01  -1.135599E+01   1.828456E+00  -1.808368E+00        11
   1.090812E+04   9.570300E+04   4.214899E-01   4.214899E-01   5.210529E-01   4.214899E-01  -1.136887E+01   1.825236E+00  -1.808368E+00        11
   1.090912E+04   9.614100E+04   4.214899E-01   4.214899E-01   5.210529E-01   4.214899E-01  -1.138172E+01   1.822023E+00  -1.808368E+00        11
   1.091012E+04   9.658000E+04   4.214899E-01   4.214899E-01   5.210529E-01   4.214899E-01  -1.139454E+01   1.818818E+00  -1.808368E+00        11
   1.091112E+04   9.702000E+04   4.214899E-01   4.214899E-01   5.210529E-01   4.214899E-01  -1.140733E+01   1.815620E+00  -1.808368E+00        11
   1.091212E+04   9.746100E+04   4.214899E-01   4.214899E-01   5.210529E-01   4.214899E-01  -1.142010E+01   1.812429E+00  -1.808368E+00        11
   1.091312E+04   9.790300E+04   4.214899E-01   4.214899E-01   5.210529E-01   4.214899E-01  -1.143283E+01   1.809246E+00  -1.808368E+00        11
   1.091412E+04   9.834600E+04   4.214899E-01   4.214899E-01   5.210529E-01   4.214899E-01  -1.144554E+01   1.806070E+00  -1.808368E+00        11
   1.091512E+04   9.879000E+04   4.214899E-01   4.214899E-01   5.210529E-01   4.214899E-01  -1.145821E+01   1.802900E+00  -1.808368E+00        11
   1.091612E+04   9.923500E+04   4.214899E-01   4.214899E-01   5.210529E-01   4.214899E-01  -1.147086E+01   1.799738E+00  -1.808368E+00        11
   1.091712E+04   9.968100E+04   4.214899E-01   4.214899E-01   5.210529E-01   4.214899E-01  -1.148348E+01   1.796583E+00  -1.808368E+00        11
   1.091812E+04   1.001280E+05   4.214899E-01   4.214899E-01   5.210529E-01   4.214899E-01  -1.149607E+01   1.793435E+00  -1.808368E+00        11
   1.091912E+04   1.005760E+05   4.214899E-01   4.214899E-01   5.210529E-01   4.214899E-01  -1.150864E+01   1.790295E+00  -1.808368E+00        11
   1.092012E+04   1.010250E+05   4.214899E-01   4.214899E-01   5.210529E-01   4.214899E-01  -1.152117E+01   1.787161E+00  -1.808368E+00        11
   1.092112E+04   1.014750E+05   4.214899E-01   4.214899E-01   5.210529E-01   4.214899E-01  -1.153368E+01   1.784034E+00  -1.808368E+00        11
   1.092212E+04   1.019260E+05   4.214899E-01   4.214899E-01   5.210529E-01   4.214899E-01  -1.154616E+01   1.780914E+00  -1.808368E+00        11
   1.092312E+04   1.023780E+05   4.214899E-01   4.214899E-01   5.210529E-01   4.214899E-01  -1.155861E+01   1.777801E+00  -1.808368E+00        11
   1.092412E+04   1.028310E+05   4.214899E-01   4.214899E-01   5.210529E-01   4.214899E-01  -1.157104E+01   1.774695E+00  -1.808368E+00        11
   1.092512E+04   1.032850E+05   4.214899E-01   4.214899E-01   5.210529E-01   4.214899E-01  -1.158343E+01   1.771595E+00  -1.808368E+00        11
   1.092612E+04   1.037400E+05   4.214899E-01   4.214899E-01   5.210529E-01   4.214899E-01  -1.159580E+01   1.768503E+00  -1.808368E+00        11
   1.092712E+04   1.041960E+05   4.214899E-01   4.214899E-01   5.210529E-01   4.214899E-01  -1.160815E+01   1.765417E+00  -1.808368E+00        11
   1.092812E+04   1.046530E+05   4.214899E-01   4.214899E-01   5.210529E-01   4.214899E-01  -1.162046E+01   1.762338E+00  -1.808368E+00        11
   1.092912E+04   1.051110E+05   4.214899E-01   4.214899E-01   5.210529E-01   4.214899E-01  -1.163275E+01   1.759265E+00  -1.808368E+00        11
   1.093012E+04   1.055700E+05   4.214899E-01   4.214899E-01   5.210529E-01   4.214899E-01  -1.164502E+01   1.756200E+00  -1.808368E+00        11
   1.093112E+04   1.060300E+05   4.214899E-01   4.214899E-01   5.210529E-01   4.214899E-01  -1.165725E+01   1.753141E+00  -1.808368E+00        11
   1.093212E+04   1.064910E+05   4.214899E-01   4.214899E-01   5.210529E-01   4.214899E-01  -1.166946E+01   1.750089E+00  -1.808368E+00        11
   1.093312E+04   1.069530E+05   4.214899E-01   4.214899E-01   5.210529E-01   4.214899E-01  -1.168164E+01   1.747043E+00  -1.808368E+00        11
   1.093412E+04   1.074160E+05   4.214899E-01   4.214899E-01   5.210529E-01   4.214899E-01  -1.169380E+01   1.744004E+00  -1.808368E+00        11
   1.093512E+04   1.078800E+05   4.214899E-01   4.214899E-01   5.210529E-01   4.214899E-01  -1.170593E+01   1.740971E+00  -1.808368E+00        11
   1.093612E+04   1.083450E+05   4.214899E-01   4.214899E-01   5.210529E-01   4.214899E-01  -1.171803E+01   1.737945E+00  -1.808368E+00        11
   1.093712E+04   1.088110E+05   4.214899E-01   4.214899E-01   5.210529E-01   4.214899E-01  -1.173011E+01   1.734926E+00  -1.808368E+00        11
   1.093812E+04   1.092780E+05   4.214899E-01   4.214899E-01   5.210529E-01   4.214899E-01  -1.174217E+01   1.731912E+00  -1.808368E+00        11
   1.093912E+04   1.097460E+05   4.214899E-01   4.214899E-01   5.210529E-01   4.214899E-01  -1.175419E+01   1.728906E+00  -1.808368E+00        11
   1.094012E+04   1.102150E+05   4.214899E-01   4.214899E-01   5.210529E-01   4.214899E-01  -1.176619E+01   1.725906E+00  -1.808368E+00        11
   1.094112E+04   1.106850E+05   4.214899E-01   4.214899E-01   5.210529E-01   4.214899E-01  -1.177817E+01   1.722912E+00  -1.808368E+00        11
   1.094212E+04   1.111560E+05   4.214899E-01   4.214899E-01   5.210529E-01   4.214899E-01  -1.179012E+01   1.719924E+00  -1.808368E+00        11
   1.094312E+04   1.116280E+05   4.214899E-01   4.214899E-01   5.210529E-01   4.214899E-01  -1.180204E+01   1.716943E+00  -1.808368E+00        11
   1.094412E+04   1.121010E+05   4.214899E-01   4.214899E-01   5.210529E-01   4.214899E-01  -1.181394E+01   1.713968E+00  -1.808368E+00        11
   1.094512E+04   1.125750E+05   4.214899E-01   4.214899E-01   5.210529E-01   4.214899E-01  -1.182582E+01   1.711000E+00  -1.808368E+00        11
   1.094612E+04   1.130500E+05   4.214899E-01   4.214899E-01   5.210529E-01   4.214899E-01  -1.183767E+01   1.708037E+00  -1.808368E+00        11
   1.094712E+04   1.135260E+05   4.214899E-01   4.214899E-01   5.210529E-01   4.214899E-01  -1.184949E+01   1.705081E+00  -1.808368E+00        11
   1.094812E+04   1.140030E+05   4.214899E-01   4.214899E-01   5.210529E-01   4.214899E-01  -1.186129E+01   1.702131E+00  -1.808368E+00        11
   1.094912E+04   1.144810E+05   4.214899E-01   4.214899E-01   5.210529E-01   4.214899E-01  -1.187307E+01   1.699187E+00  -1.808368E+00        11
   1.095012E+04   1.149600E+05   4.214899E-01   4.214899E-01   5.210529E-01   4.214899E-01  -1.188482E+01   1.696250E+00  -1.808368E+00        11
   1.095112E+04   1.154400E+05   4.214899E-01   4.214899E-01   5.210529E-01   4.214899E-01  -1.189654E+01   1.693318E+00  -1.808368E+00        11
   1.095212E+04   1.159210E+05   4.214899E-01   4.214899E-01   5.210529E-01   4.214899E-01  -1.190824E+01   1.690393E+00  -1.808368E+00        11
   1.095312E+04   1.164030E+05   4.214899E-01   4.214899E-01   5.210529E-01   4.214899E-01  -1.191992E+01   1.687474E+00  -1.808368E+00        11
   1.095412E+04   1.168860E+05   4.214899E-01   4.214899E-01   5.210529E-01   4.214899E-01  -1.193157E+01   1.684560E+00  -1.808368E+00        11
   1.095512E+04   1.173700E+05   4.214899E-01   4.214899E-01   5.210529E-01   4.214899E-01  -1.194320E+01   1.681653E+00  -1.808368E+00        11
   1.095612E+04   1.178550E+05   4.214899E-01   4.214899E-01   5.210529E-01   4.214899E-01  -1.195481E+01   1.678752E+00  -1.808368E+00        11
   1.095712E+04   1.183410E+05   4.214899E-01   4.214899E-01   5.210529E-01   4.214899E-01  -1.196639E+01   1.675856E+00  -1.808368E+00        11
   1.095812E+04   1.188280E+05   4.214899E-01   4.214899E-01   5.210529E-01   4.214899E-01  -1.197795E+01   1.672967E+00  -1.808368E+00        11
   1.095912E+04   1.193160E+05   4.214899E-01   4.214899E-01   5.210529E-01   4.214899E-01  -1.198948E+01   1.670084E+00  -1.808368E+00        11
   1.096012E+04   1.198050E+05   4.214899E-01   4.214899E-01   5.210529E-01   4.214899E-01  -1.200099E+01   1.667206E+00  -1.808368E+00        11
   1.096112E+04   1.202950E+05   4.214899E-01   4.214899E-01   5.210529E-01   4.214899E-01  -1.201248E+01   1.664335E+00  -1.808368E+00        11
   1.096212E+04   1.207860E+05   4.214899E-01   4.214899E-01   5.210529E-01   4.214899E-01  -1.202394E+01   1.661469E+00  -1.808368E+00        11
   1.096312E+04   1.212780E+05   4.214899E-01   4.214899E-01   5.210529E-01   4.214899E-01  -1.203538E+01   1.658609E+00  -1.808368E+00        11
   1.096412E+04   1.217710E+05   4.214899E-01   4.214899E-01   5.210529E-01   4.214899E-01  -1.204680E+01   1.655755E+00  -1.808368E+00        11
   1.096512E+04   1.222650E+05   4.214899E-01   4.214899E-01   5.210529E-01   4.214899E-01  -1.205819E+01   1.652906E+00  -1.808368E+00        11
   1.096612E+04   1.227600E+05   4.214899E-01   4.214899E-01   5.210529E-01   4.214899E-01  -1.206956E+01   1.650063E+00  -1.808368E+00        11
   1.096712E+04   1.232560E+05   4.214899E-01   4.214899E-01   5.210529E-01   4.214899E-01  -1.208091E+01   1.647227E+00  -1.808368E+00        11
   1.096812E+04   1.237530E+05   4.214899E-01   4.214899E-01   5.210529E-01   4.214899E-01  -1.209223E+01   1.644395E+00  -1.808368E+00        11
   1.096912E+04   1.242510E+05   4.214899E-01   4.214899E-01   5.210529E-01   4.214899E-01  -1.210354E+01   1.641570E+00  -1.808368E+00        11
   1.097012E+04   1.247500E+05   4.214899E-01   4.214899E-01   5.210529E-01   4.214899E-01  -1.211482E+01   1.638750E+00  -1.808368E+00        11
   1.097112E+04   1.252500E+05   4.214899E-01   4.214899E-01   5.210529E-01   4.214899E-01  -1.212607E+01   1.635936E+00  -1.808368E+00        11
   1.097212E+04   1.257510E+05   4.214899E-01   4.214899E-01   5.210529E-01   4.214899E-01  -1.213731E+01   1.633127E+00  -1.808368E+00        11
   1.097312E+04   1.262530E+05   4.214899E-01   4.214899E-01   5.210529E-01   4.214899E-01  -1.214852E+01   1.630324E+00  -1.808368E+00        11
   1.097412E+04   1.267560E+05   4.214899E-01   4.214899E-01   5.210529E-01   4.214899E-01  -1.215971E+01   1.627527E+00  -1.808368E+00        11
   1.097512E+04   1.272600E+05   4.214899E-01   4.214899E-01   5.210529E-01   4.214899E-01  -1.217088E+01   1.624735E+00  -1.808368E+00        11
   1.097612E+04   1.277650E+05   4.214899E-01   4.214899E-01   5.210529E-01   4.214899E-01  -1.218202E+01   1.621948E+00  -1.808368E+00        11
   1.097712E+04   1.282710E+05   4.214899E-01   4.214899E-01   5.210529E-01   4.214899E-01  -1.219315E+01   1.619167E+00  -1.808368E+00        11
   1.097812E+04   1.287780E+05   4.214899E-01   4.214899E-01   5.210529E-01   4.214899E-01  -1.220425E+01   1.616392E+00  -1.808368E+00        11
   1.097912E+04   1.292860E+05   4.214899E-01   4.214899E-01   5.210529E-01   4.214899E-01  -1.221533E+01   1.613622E+00  -1.808368E+00        11
   1.098012E+04   1.297950E+05   4.214899E-01   4.214899E-01   5.210529E-01   4.214899E-01  -1.222638E+01   1.610858E+00  -1.808368E+00        11
   1.098112E+04   1.303050E+05   4.214899E-01   4.214899E-01   5.210529E-01   4.214899E-01  -1.223742E+01   1.608099E+00  -1.808368E+00        11
   1.098212E+04   1.308160E+05   4.214899E-01   4.214899E-01   5.210529E-01   4.214899E-01  -1.224843E+01   1.605345E+00  -1.808368E+00        11
   1.098312E+04   1.313280E+05   4.214899E-01   4.214899E-01   5.210529E-01   4.214899E-01  -1.225943E+01   1.602597E+00  -1.808368E+00        11
   1.098412E+04   1.318410E+05   4.214899E-01   4.214899E-01   5.210529E-01   4.214899E-01  -1.227040E+01   1.599854E+00  -1.808368E+00        11
   1.098512E+04   1.323550E+05   4.214899E-01   4.214899E-01   5.210529E-01   4.214899E-01  -1.228135E+01   1.597116E+00  -1.808368E+00        11
   1.098612E+04   1.328700E+05   4.214899E-01   4.214899E-01   5.210529E-01   4.214899E-01  -1.229228E+01   1.594384E+00  -1.808368E+00        11
   1.098712E+04   1.333860E+05   4.214899E-01   4.214899E-01   5.210529E-01   4.214899E-01  -1.230319E+01   1.591657E+00  -1.808368E+00        11
   1.098812E+04   1.339030E+05   4.214899E-01   4.214899E-01   5.210529E-01   4.214899E-01  -1.231407E+01   1.588935E+00  -1.808368E+00        11
   1.098912E+04   1.344210E+05   4.214899E-01   4.214899E-01   5.210529E-01   4.214899E-01  -1.232494E+01   1.586219E+00  -1.808368E+00        11
   1.099012E+04   1.349400E+05   4.214899E-01   4.214899E-01   5.210529E-01   4.214899E-01  -1.233578E+01   1.583508E+00  -1.808368E+00        11
   1.099112E+04   1.354600E+05   4.214899E-01   4.214899E-01   5.210529E-01   4.214899E-01  -1.234661E+01   1.580802E+00  -1.808368E+00        11
   1.099212E+04   1.359810E+05   4.214899E-01   4.214899E-01   5.210529E-01   4.214899E-01  -1.235741E+01   1.578101E+00  -1.808368E+00        11
   1.099312E+04   1.365030E+05   4.214899E-01   4.214899E-01   5.210529E-01   4.214899E-01  -1.236819E+01   1.575405E+00  -1.808368E+00        11
   1.099412E+04   1.370260E+05   4.214899E-01   4.214899E-01   5.210529E-01   4.214899E-01  -1.237896E+01   1.572715E+00  -1.808368E+00        11
   1.099512E+04   1.375500E+05   4.214899E-01   4.214899E-01   5.210529E-01   4.214899E-01  -1.238970E+01   1.570029E+00  -1.808368E+00        11
   1.099612E+04   1.380750E+05   4.214899E-01   4.214899E-01   5.210529E-01   4.214899E-01  -1.240042E+01   1.567349E+00  -1.808368E+00        11
   1.099712E+04   1.386010E+05   4.214899E-01   4.214899E-01   5.210529E-01   4.214899E-01  -1.241112E+01   1.564674E+00  -1.808368E+00        11
   1.099812E+04   1.391280E+05   4.214899E-01   4.214899E-01   5.210529E-01   4.214899E-01  -1.242180E+01   1.562004E+00  -1.808368E+00        11
   1.099912E+04   1.396560E+05   4.214899E-01   4.214899E-01   5.210529E-01   4.214899E-01  -1.243246E+01   1.559339E+00  -1.808368E+00        11
   1.100012E+04   1.401850E+05   4.214899E-01   4.214899E-01   5.210529E-01   4.214899E-01  -1.244310E+01   1.556679E+00  -1.808368E+00        11
   1.100112E+04   1.407150E+05   4.214899E-01   4.214899E-01   5.210529E-01   4.214899E-01  -1.245372E+01   1.554024E+00  -1.808368E+00        11
   1.100212E+04   1.412460E+05   4.214899E-01   4.214899E-01   5.210529E-01   4.214899E-01  -1.246432E+01   1.551374E+00  -1.808368E+00        11
   1.100312E+04   1.417780E+05   4.214899E-01   4.214899E-01   5.210529E-01   4.214899E-01  -1.247490E+01   1.548729E+00  -1.808368E+00        11
   1.100412E+04   1.423110E+05   4.214899E-01   4.214899E-01   5.210529E-01   4.214899E-01  -1.248546E+01   1.546089E+00  -1.808368E+00        11
   1.100512E+04   1.428450E+05   4.214899E-01   4.214899E-01   5.210529E-01   4.214899E-01  -1.249600E+01   1.543454E+00  -1.808368E+00        11
   1.100612E+04   1.433800E+05   4.214899E-01   4.214899E-01   5.210529E-01   4.214899E-01  -1.250652E+01   1.540824E+00  -1.808368E+00        11
   1.100712E+04   1.439160E+05   4.214899E-01   4.214899E-01   5.210529E-01   4.214899E-01  -1.251702E+01   1.538199E+00  -1.808368E+00        11
   1.100812E+04   1.444530E+05   4.214899E-01   4.214899E-01   5.210529E-01   4.214899E-01  -1.252750E+01   1.535579E+00  -1.808368E+00        11
   1.100912E+04   1.449910E+05   4.214899E-01   4.214899E-01   5.210529E-01   4.214899E-01  -1.253796E+01   1.532963E+00  -1.808368E+00        11
   1.101012E+04   1.455300E+05   4.214899E-01   4.214899E-01   5.210529E-01   4.214899E-01  -1.254840E+01   1.530353E+00  -1.808368E+00        11
   1.101112E+04   1.460700E+05   4.214899E-01   4.214899E-01   5.210529E-01   4.214899E-01  -1.255883E+01   1.527747E+00  -1.808368E+00        11
   1.101212E+04   1.466110E+05   4.214899E-01   4.214899E-01   5.210529E-01   4.214899E-01  -1.256923E+01   1.525146E+00  -1.808368E+00        11
   1.101312E+04   1.471530E+05   4.214899E-01   4.214899E-01   5.210529E-01   4.214899E-01  -1.257962E+01   1.522550E+00  -1.808368E+00        11
   1.101412E+04   1.476960E+05   4.214899E-01   4.214899E-01   5.210529E-01   4.214899E-01  -1.258998E+01   1.519958E+00  -1.808368E+00        11
   1.101512E+04   1.482400E+05   4.214899E-01   4.214899E-01   5.210529E-01   4.214899E-01  -1.260033E+01   1.517372E+00  -1.808368E+00        11
   1.101612E+04   1.487850E+05   4.214899E-01   4.214899E-01   5.210529E-01   4.214899E-01  -1.261066E+01   1.514790E+00  -1.808368E+00        11
   1.101712E+04   1.493310E+05   4.214899E-01   4.214899E-01   5.210529E-01   4.214899E-01  -1.262096E+01   1.512213E+00  -1.808368E+00        11
   1.101812E+04   1.498780E+05   4.214899E-01   4.214899E-01   5.210529E-01   4.214899E-01  -1.263125E+01   1.509640E+00  -1.808368E+00        11
   1.101912E+04   1.504260E+05   4.214899E-01   4.214899E-01   5.210529E-01   4.214899E-01  -1.264152E+01   1.507073E+00  -1.808368E+00        11
   1.102012E+04   1.509750E+05   4.214899E-01   4.214899E-01   5.210529E-01   4.214899E-01  -1.265178E+01   1.504510E+00  -1.808368E+00        11
   1.102112E+04   1.515250E+05   4.214899E-01   4.214899E-01   5.210529E-01   4.214899E-01  -1.266201E+01   1.501951E+00  -1.808368E+00        11
   1.102212E+04   1.520760E+05   4.214899E-01   4.214899E-01   5.210529E-01   4.214899E-01  -1.267223E+01   1.499397E+00  -1.808368E+00        11
   1.102312E+04   1.526280E+05   4.214899E-01   4.214899E-01   5.210529E-01   4.214899E-01  -1.268242E+01   1.496848E+00  -1.808368E+00        11
   1.102412E+04   1.531810E+05   4.214899E-01   4.214899E-01   5.210529E-01   4.214899E-01  -1.269260E+01   1.494304E+00  -1.808368E+00        11
   1.102512E+04   1.537350E+05   4.214899E-01   4.214899E-01   5.210529E-01   4.214899E-01  -1.270276E+01   1.491764E+00  -1.808368E+00        11
   1.102612E+04   1.542900E+05   4.214899E-01   4.214899E-01   5.210529E-01   4.214899E-01  -1.271290E+01   1.489229E+00  -1.808368E+00        11
   1.102712E+04   1.548460E+05   4.214899E-01   4.214899E-01   5.210529E-01   4.214899E-01  -1.272302E+01   1.486698E+00  -1.808368E+00        11
   1.102812E+04   1.554030E+05   4.214899E-01   4.214899E-01   5.210529E-01   4.214899E-01  -1.273313E+01   1.484171E+00  -1.808368E+00        11
   1.102912E+04   1.559610E+05   4.214899E-01   4.214899E-01   5.210529E-01   4.214899E-01  -1.274322E+01   1.481650E+00  -1.808368E+00        11
   1.103012E+04   1.565200E+05   4.214899E-01   4.214899E-01   5.210529E-01   4.214899E-01  -1.275328E+01   1.479133E+00  -1.808368E+00        11
   1.103112E+04   1.570800E+05   4.214899E-01   4.214899E-01   5.210529E-01   4.214899E-01  -1.276334E+01   1.476620E+00  -1.808368E+00        11
   1.103212E+04   1.576410E+05   4.214899E-01   4.214899E-01   5.210529E-01   4.214899E-01  -1.277337E+01   1.474112E+00  -1.808368E+00        11
   1.103312E+04   1.582030E+05   4.214899E-01   4.214899E-01   5.210529E-01   4.214899E-01  -1.278338E+01   1.471608E+00  -1.808368E+00        11
   1.103412E+04   1.587660E+05   4.214899E-01   4.214899E-01   5.210529E-01   4.214899E-01  -1.279338E+01   1.469109E+00  -1.808368E+00        11
   1.103512E+04   1.593300E+05   4.214899E-01   4.214899E-01   5.210529E-01   4.214899E-01  -1.280336E+01   1.466614E+00  -1.808368E+00        11
   1.103612E+04   1.598950E+05   4.214899E-01   4.214899E-01   5.210529E-01   4.214899E-01  -1.281332E+01   1.464123E+00  -1.808368E+00        11
   1.103712E+04   1.604610E+05   4.214899E-01   4.214899E-01   5.210529E-01   4.214899E-01  -1.282327E+01   1.461637E+00  -1.808368E+00        11
   1.103812E+04   1.610280E+05   4.214899E-01   4.214899E-01   5.210529E-01   4.214899E-01  -1.283319E+01   1.459155E+00  -1.808368E+00        11
   1.103912E+04   1.615960E+05   4.214899E-01   4.214899E-01   5.210529E-01   4.214899E-01  -1.284310E+01   1.456678E+00  -1.808368E+00        11
   1.104012E+04   1.621650E+05   4.214899E-01   4.214899E-01   5.210529E-01   4.214899E-01  -1.285299E+01   1.454205E+00  -1.808368E+00        11
   1.104112E+04   1.627350E+05   4.214899E-01   4.214899E-01   5.210529E-01   4.214899E-01  -1.286287E+01   1.451737E+00  -1.808368E+00        11
   1.104212E+04   1.633060E+05   4.214899E-01   4.214899E-01   5.210529E-01   4.214899E-01  -1.287273E+01   1.449272E+00  -1.808368E+00        11
   1.104312E+04   1.638780E+05   4.214899E-01   4.214899E-01   5.210529E-01   4.214899E-01  -1.288257E+01   1.446812E+00  -1.808368E+00        11
   1.104412E+04   1.644510E+05   4.214899E-01   4.214899E-01   5.210529E-01   4.214899E-01  -1.289239E+01   1.444357E+00  -1.808368E+00        11
   1.104512E+04   1.650250E+05   4.214899E-01   4.214899E-01   5.210529E-01   4.214899E-01  -1.290219E+01   1.441905E+00  -1.808368E+00        11
   1.104612E+04   1.656000E+05   4.214899E-01   4.214899E-01   5.210529E-01   4.214899E-01  -1.291198E+01   1.439458E+00  -1.808368E+00        11
   1.104712E+04   1.661760E+05   4.214899E-01   4.214899E-01   5.210529E-01   4.214899E-01  -1.292175E+01   1.437015E+00  -1.808368E+00        11
   1.104812E+04   1.667530E+05   4.214899E-01   4.214899E-01   5.210529E-01   4.214899E-01  -1.293151E+01   1.434576E+00  -1.808368E+00        11
   1.104912E+04   1.673310E+05   4.214899E-01   4.214899E-01   5.210529E-01   4.214899E-01  -1.294125E+01   1.432142E+00  -1.808368E+00        11
   1.105012E+04   1.679100E+05   4.214899E-01   4.214899E-01   5.210529E-01   4.214899E-01  -1.295097E+01   1.429712E+00  -1.808368E+00        11
   1.105112E+04   1.684900E+05   4.214899E-01   4.214899E-01   5.210529E-01   4.214899E-01  -1.296067E+01   1.427286E+00  -1.808368E+00        11
   1.105212E+04   1.690710E+05   4.214899E-01   4.214899E-01   5.210529E-01   4.214899E-01  -1.297036E+01   1.424864E+00  -1.808368E+00        11
   1.105312E+04   1.696530E+05   4.214899E-01   4.214899E-01   5.210529E-01   4.214899E-01  -1.298003E+01   1.422446E+00  -1.808368E+00        11
   1.105412E+04   1.702360E+05   4.214899E-01   4.214899E-01   5.210529E-01   4.214899E-01  -1.298969E+01   1.420032E+00  -1.808368E+00        11
   1.105512E+04   1.708200E+05   4.214899E-01   4.214899E-01   5.210529E-01   4.214899E-01  -1.299932E+01   1.417623E+00  -1.808368E+00        11
   1.105612E+04   1.714050E+05   4.214899E-01   4.214899E-01   5.210529E-01   4.214899E-01  -1.300894E+01   1.415218E+00  -1.808368E+00        11
   1.105712E+04   1.719910E+05   4.214899E-01   4.214899E-01   5.210529E-01   4.214899E-01  -1.301855E+01   1.412816E+00  -1.808368E+00        11
   1.105812E+04   1.725780E+05   4.214899E-01   4.214899E-01   5.210529E-01   4.214899E-01  -1.302814E+01   1.410419E+00  -1.808368E+00        11
   1.105912E+04   1.731660E+05   4.214899E-01   4.214899E-01   5.210529E-01   4.214899E-01  -1.303771E+01   1.408026E+00  -1.808368E+00        11
   1.106012E+04   1.737550E+05   4.214899E-01   4.214899E-01   5.210529E-01   4.214899E-01  -1.304727E+01   1.405637E+00  -1.808368E+00        11
   1.106112E+04   1.743450E+05   4.214899E-01   4.214899E-01   5.210529E-01   4.214899E-01  -1.305681E+01   1.403252E+00  -1.808368E+00        11
   1.106212E+04   1.749360E+05   4.214899E-01   4.214899E-01   5.210529E-01   4.214899E-01  -1.306633E+01   1.400871E+00  -1.808368E+00        11
   1.106312E+04   1.755280E+05   4.214899E-01   4.214899E-01   5.210529E-01   4.214899E-01  -1.307584E+01   1.398495E+00  -1.808368E+00        11
   1.106412E+04   1.761210E+05   4.214899E-01   4.214899E-01   5.210529E-01   4.214899E-01  -1.308533E+01   1.396122E+00  -1.808368E+00        11
   1.106512E+04   1.767150E+05   4.214899E-01   4.214899E-01   5.210529E-01   4.214899E-01  -1.309480E+01   1.393753E+00  -1.808368E+00        11
   1.106612E+04   1.773100E+05   4.214899E-01   4.214899E-01   5.210529E-01   4.214899E-01  -1.310426E+01   1.391388E+00  -1.808368E+00        11
   1.106712E+04   1.779060E+05   4.214899E-01   4.214899E-01   5.210529E-01   4.214899E-01  -1.311371E+01   1.389027E+00  -1.808368E+00        11
   1.106812E+04   1.785030E+05   4.214899E-01   4.214899E-01   5.210529E-01   4.214899E-01  -1.312313E+01   1.386670E+00  -1.808368E+00        11
   1.106912E+04   1.791010E+05   4.214899E-01   4.214899E-01   5.210529E-01   4.214899E-01  -1.313255E+01   1.384317E+00  -1.808368E+00        11
   1.107012E+04   1.797000E+05   4.214899E-01   4.214899E-01   5.210529E-01   4.214899E-01  -1.314194E+01   1.381968E+00  -1.808368E+00        11
   1.107112E+04   1.803000E+05   4.214899E-01   4.214899E-01   5.210529E-01   4.214899E-01  -1.315132E+01   1.379623E+00  -1.808368E+00        11
   1.107212E+04   1.809010E+05   4.214899E-01   4.214899E-01   5.210529E-01   4.214899E-01  -1.316069E+01   1.377281E+00  -1.808368E+00        11
   1.107312E+04   1.815030E+05   4.214899E-01   4.214899E-01   5.210529E-01   4.214899E-01  -1.317004E+01   1.374944E+00  -1.808368E+00        11
   1.107412E+04   1.821060E+05   4.214899E-01   4.214899E-01   5.210529E-01   4.214899E-01  -1.317937E+01   1.372610E+00  -1.808368E+00        11
   1.107512E+04   1.827100E+05   4.214899E-01   4.214899E-01   5.210529E-01   4.214899E-01  -1.318869E+01   1.370281E+00  -1.808368E+00        11
   1.107612E+04   1.833150E+05   4.214899E-01   4.214899E-01   5.210529E-01   4.214899E-01  -1.319799E+01   1.367955E+00  -1.808368E+00        11
   1.107712E+04   1.839210E+05   4.214899E-01   4.214899E-01   5.210529E-01   4.214899E-01  -1.320728E+01   1.365633E+00  -1.808368E+00        11
   1.107812E+04   1.845280E+05   4.214899E-01   4.214899E-01   5.210529E-01   4.214899E-01  -1.321656E+01   1.363315E+00  -1.808368E+00        11
   1.107912E+04   1.851360E+05   4.214899E-01   4.214899E-01   5.210529E-01   4.214899E-01  -1.322581E+01   1.361001E+00  -1.808368E+00        11
   1.108012E+04   1.857450E+05   4.214899E-01   4.214899E-01   5.210529E-01   4.214899E-01  -1.323505E+01   1.358690E+00  -1.808368E+00        11
   1.108112E+04   1.863550E+05   4.214899E-01   4.214899E-01   5.210529E-01   4.214899E-01  -1.324428E+01   1.356383E+00  -1.808368E+00        11
   1.108212E+04   1.869660E+05   4.214899E-01   4.214899E-01   5.210529E-01   4.214899E-01  -1.325349E+01   1.354080E+00  -1.808368E+00        11
   1.108312E+04   1.875780E+05   4.214899E-01   4.214899E-01   5.210529E-01   4.214899E-01  -1.326269E+01   1.351781E+00  -1.808368E+00        11
   1.108412E+04   1.881910E+05   4.214899E-01   4.214899E-01   5.210529E-01   4.214899E-01  -1.327187E+01   1.349486E+00  -1.808368E+00        11
   1.108512E+04   1.888050E+05   4.214899E-01   4.214899E-01   5.210529E-01   4.214899E-01  -1.328104E+01   1.347194E+00  -1.808368E+00        11
   1.108612E+04   1.894200E+05   4.214899E-01   4.214899E-01   5.210529E-01   4.214899E-01  -1.329019E+01   1.344906E+00  -1.808368E+00        11
   1.108712E+04   1.900360E+05   4.214899E-01   4.214899E-01   5.210529E-01   4.214899E-01  -1.329933E+01   1.342622E+00  -1.808368E+00        11
   1.108812E+04   1.906530E+05   4.214899E-01   4.214899E-01   5.210529E-01   4.214899E-01  -1.330845E+01   1.340341E+00  -1.808368E+00        11
   1.108912E+04   1.912710E+05   4.214899E-01   4.214899E-01   5.210529E-01   4.214899E-01  -1.331756E+01   1.338064E+00  -1.808368E+00        11
   1.109012E+04   1.918900E+05   4.214899E-01   4.214899E-01   5.210529E-01   4.214899E-01  -1.332665E+01   1.335791E+00  -1.808368E+00        11
   1.109112E+04   1.925100E+05   4.214899E-01   4.214899E-01   5.210529E-01   4.214899E-01  -1.333573E+01   1.333521E+00  -1.808368E+00        11
   1.109212E+04   1.931310E+05   4.214899E-01   4.214899E-01   5.210529E-01   4.214899E-01  -1.334479E+01   1.331256E+00  -1.808368E+00        11
   1.109312E+04   1.937530E+05   4.214899E-01   4.214899E-01   5.210529E-01   4.214899E-01  -1.335384E+01   1.328993E+00  -1.808368E+00        11
   1.109412E+04   1.943760E+05   4.214899E-01   4.214899E-01   5.210529E-01   4.214899E-01  -1.336288E+01   1.326735E+00  -1.808368E+00        11
   1.109512E+04   1.950000E+05   4.214899E-01   4.214899E-01   5.210529E-01   4.214899E-01  -1.337190E+01   1.324480E+00  -1.808368E+00        11
   1.109612E+04   1.956250E+05   4.214899E-01   4.214899E-01   5.210529E-01   4.214899E-01  -1.338090E+01   1.322228E+00  -1.808368E+00        11
   1.109712E+04   1.962510E+05   4.214899E-01   4.214899E-01   5.210529E-01   4.214899E-01  -1.338989E+01   1.319981E+00  -1.808368E+00        11
   1.109812E+04   1.968780E+05   4.214899E-01   4.214899E-01   5.210529E-01   4.214899E-01  -1.339887E+01   1.317736E+00  -1.808368E+00        11
   1.109912E+04   1.975060E+05   4.214899E-01   4.214899E-01   5.210529E-01   4.214899E-01  -1.340783E+01   1.315496E+00  -1.808368E+00        11
   1.110012E+04   1.981350E+05   4.214899E-01   4.214899E-01   5.210529E-01   4.214899E-01  -1.341678E+01   1.313259E+00  -1.808368E+00        11
   1.110112E+04   1.987650E+05   4.214899E-01   4.214899E-01   5.210529E-01   4.214899E-01  -1.342571E+01   1.311025E+00  -1.808368E+00        11
   1.110212E+04   1.993960E+05   4.214899E-01   4.214899E-01   5.210529E-01   4.214899E-01  -1.343463E+01   1.308795E+00  -1.808368E+00        11
   1.110312E+04   2.000280E+05   4.214899E-01   4.214899E-01   5.210529E-01   4.214899E-01  -1.344354E+01   1.306569E+00  -1.808368E+00        11
   1.110412E+04   2.006610E+05   4.214899E-01   4.214899E-01   5.210529E-01   4.214899E-01  -1.345243E+01   1.304346E+00  -1.808368E+00        11
   1.110512E+04   2.012950E+05   4.214899E-01   4.214899E-01   5.210529E-01   4.214899E-01  -1.346131E+01   1.302126E+00  -1.808368E+00        11
   1.110612E+04   2.019300E+05   4.214899E-01   4.214899E-01   5.210529E-01   4.214899E-01  -1.347017E+01   1.299910E+00  -1.808368E+00        11
   1.110712E+04   2.025660E+05   4.214899E-01   4.214899E-01   5.210529E-01   4.214899E-01  -1.347902E+01   1.297698E+00  -1.808368E+00        11
   1.110812E+04   2.032030E+05   4.214899E-01   4.214899E-01   5.210529E-01   4.214899E-01  -1.348786E+01   1.295489E+00  -1.808368E+00        11
   1.110912E+04   2.038410E+05   4.214899E-01   4.214899E-01   5.210529E-01   4.214899E-01  -1.349668E+01   1.293284E+00  -1.808368E+00        11
   1.111012E+04   2.044800E+05   4.214899E-01   4.214899E-01   5.210529E-01   4.214899E-01  -1.350549E+01   1.291081E+00  -1.808368E+00        11
   1.111112E+04   2.051200E+05   4.214899E-01   4.214899E-01   5.210529E-01   4.214899E-01  -1.351428E+01   1.288883E+00  -1.808368E+00        11
   1.111212E+04   2.057610E+05   4.214899E-01   4.214899E-01   5.210529E-01   4.214899E-01  -1.352306E+01   1.286688E+00  -1.808368E+00        11
   1.111312E+04   2.064030E+05   4.214899E-01   4.214899E-01   5.210529E-01   4.214899E-01  -1.353183E+01   1.284496E+00  -1.808368E+00        11
   1.111412E+04   2.070460E+05   4.214899E-01   4.214899E-01   5.210529E-01   4.214899E-01  -1.354058E+01   1.282308E+00  -1.808368E+00        11
   1.111512E+04   2.076900E+05   4.214899E-01   4.214899E-01   5.210529E-01   4.214899E-01  -1.354932E+01   1.280123E+00  -1.808368E+00        11
   1.111612E+04   2.083350E+05   4.214899E-01   4.214899E-01   5.210529E-01   4.214899E-01  -1.355805E+01   1.277941E+00  -1.808368E+00        11
   1.111712E+04   2.089810E+05   4.214899E-01   4.214899E-01   5.210529E-01   4.214899E-01  -1.356676E+01   1.275763E+00  -1.808368E+00        11
   1.111812E+04   2.096280E+05   4.214899E-01   4.214899E-01   5.210529E-01   4.214899E-01  -1.357546E+01   1.273588E+00  -1.808368E+00        11
   1.111912E+04   2.102760E+05   4.214899E-01   4.214899E-01   5.210529E-01   4.214899E-01  -1.358415E+01   1.271417E+00  -1.808368E+00        11
   1.112012E+04   2.109250E+05   4.214899E-01   4.214899E-01   5.210529E-01   4.214899E-01  -1.359282E+01   1.269248E+00  -1.808368E+00        11
   1.112112E+04   2.115750E+05   4.214899E-01   4.214899E-01   5.210529E-01   4.214899E-01  -1.360148E+01   1.267084E+00  -1.808368E+00        11
   1.112212E+04   2.122260E+05   4.214899E-01   4.214899E-01   5.210529E-01   4.214899E-01  -1.361013E+01   1.264922E+00  -1.808368E+00        11
   1.112312E+04   2.128780E+05   4.214899E-01   4.214899E-01   5.210529E-01   4.214899E-01  -1.361876E+01   1.262764E+00  -1.808368E+00        11
   1.112412E+04   2.135310E+05   4.214899E-01   4.214899E-01   5.210529E-01   4.214899E-01  -1.362738E+01   1.260609E+00  -1.808368E+00        11
   1.112512E+04   2.141850E+05   4.214899E-01   4.214899E-01   5.210529E-01   4.214899E-01  -1.363598E+01   1.258458E+00  -1.808368E+00        11
   1.112612E+04   2.148400E+05   4.214899E-01   4.214899E-01   5.210529E-01   4.214899E-01  -1.364458E+01   1.256309E+00  -1.808368E+00        11
   1.112712E+04   2.154960E+05   4.214899E-01   4.214899E-01   5.210529E-01   4.214899E-01  -1.365316E+01   1.254164E+00  -1.808368E+00        11
   1.112812E+04   2.161530E+05   4.214899E-01   4.214899E-01   5.210529E-01   4.214899E-01  -1.366172E+01   1.252023E+00  -1.808368E+00        11
   1.112912E+04   2.168110E+05   4.214899E-01   4.214899E-01   5.210529E-01   4.214899E-01  -1.367028E+01   1.249884E+00  -1.808368E+00        11
   1.113012E+04   2.174700E+05   4.214899E-01   4.214899E-01   5.210529E-01   4.214899E-01  -1.367882E+01   1.247749E+00  -1.808368E+00        11
   1.113112E+04   2.181300E+05   4.214899E-01   4.214899E-01   5.210529E-01   4.214899E-01  -1.368735E+01   1.245617E+00  -1.808368E+00        11
   1.113212E+04   2.187910E+05   4.214899E-01   4.214899E-01   5.210529E-01   4.214899E-01  -1.369586E+01   1.243488E+00  -1.808368E+00        11
   1.113312E+04   2.194530E+05   4.214899E-01   4.214899E-01   5.210529E-01   4.214899E-01  -1.370436E+01   1.241363E+00  -1.808368E+00        11
   1.113412E+04   2.201160E+05   4.214899E-01   4.214899E-01   5.210529E-01   4.214899E-01  -1.371285E+01   1.239240E+00  -1.808368E+00        11
   1.113512E+04   2.207800E+05   4.214899E-01   4.214899E-01   5.210529E-01   4.214899E-01  -1.372133E+01   1.237121E+00  -1.808368E+00        11
   1.113612E+04   2.214450E+05   4.214899E-01   4.214899E-01   5.210529E-01   4.214899E-01  -1.372979E+01   1.235005E+00  -1.808368E+00        11
   1.113712E+04   2.221110E+05   4.214899E-01   4.214899E-01   5.210529E-01   4.214899E-01  -1.373825E+01   1.232892E+00  -1.808368E+00        11
   1.113812E+04   2.227780E+05   4.214899E-01   4.214899E-01   5.210529E-01   4.214899E-01  -1.374668E+01   1.230783E+00  -1.808368E+00        11
   1.113912E+04   2.234460E+05   4.214899E-01   4.214899E-01   5.210529E-01   4.214899E-01  -1.375511E+01   1.228676E+00  -1.808368E+00        11
   1.114012E+04   2.241150E+05   4.214899E-01   4.214899E-01   5.210529E-01   4.214899E-01  -1.376352E+01   1.226573E+00  -1.808368E+00        11
   1.114112E+04   2.247850E+05   4.214899E-01   4.214899E-01   5.210529E-01   4.214899E-01  -1.377192E+01   1.224473E+00  -1.808368E+00        11
   1.114212E+04   2.254560E+05   4.214899E-01   4.214899E-01   5.210529E-01   4.214899E-01  -1.378031E+01   1.222376E+00  -1.808368E+00        11
   1.114312E+04   2.261280E+05   4.214899E-01   4.214899E-01   5.210529E-01   4.214899E-01  -1.378869E+01   1.220282E+00  -1.808368E+00        11
   1.114412E+04   2.268010E+05   4.214899E-01   4.214899E-01   5.210529E-01   4.214899E-01  -1.379705E+01   1.218191E+00  -1.808368E+00        11
   1.114512E+04   2.274750E+05   4.214899E-01   4.214899E-01   5.210529E-01   4.214899E-01  -1.380540E+01   1.216103E+00  -1.808368E+00        11
   1.114612E+04   2.281500E+05   4.214899E-01   4.214899E-01   5.210529E-01   4.214899E-01  -1.381374E+01   1.214019E+00  -1.808368E+00        11
   1.114712E+04   2.288260E+05   4.214899E-01   4.214899E-01   5.210529E-01   4.214899E-01  -1.382207E+01   1.211937E+00  -1.808368E+00        11
   1.114812E+04   2.295030E+05   4.214899E-01   4.214899E-01   5.210529E-01   4.214899E-01  -1.383038E+01   1.209859E+00  -1.808368E+00        11
   1.114912E+04   2.301810E+05   4.214899E-01   4.214899E-01   5.210529E-01   4.214899E-01  -1.383868E+01   1.207783E+00  -1.808368E+00        11
   1.115012E+04   2.308600E+05   4.214899E-01   4.214899E-01   5.210529E-01   4.214899E-01  -1.384697E+01   1.205711E+00  -1.808368E+00        11
   1.115112E+04   2.315400E+05   4.214899E-01   4.214899E-01   5.210529E-01   4.214899E-01  -1.385525E+01   1.203642E+00  -1.808368E+00        11
   1.115212E+04   2.322210E+05   4.214899E-01   4.214899E-01   5.210529E-01   4.214899E-01  -1.386351E+01   1.201575E+00  -1.808368E+00        11
   1.115312E+04   2.329030E+05   4.214899E-01   4.214899E-01   5.210529E-01   4.214899E-01  -1.387177E+01   1.199512E+00  -1.808368E+00        11
   1.115412E+04   2.335860E+05   4.214899E-01   4.214899E-01   5.210529E-01   4.214899E-01  -1.388001E+01   1.197452E+00  -1.808368E+00        11
   1.115512E+04   2.342700E+05   4.214899E-01   4.214899E-01   5.210529E-01   4.214899E-01  -1.388824E+01   1.195395E+00  -1.808368E+00        11
   1.115612E+04   2.349550E+05   4.214899E-01   4.214899E-01   5.210529E-01   4.214899E-01  -1.389645E+01   1.193341E+00  -1.808368E+00        11
   1.115712E+04   2.356410E+05   4.214899E-01   4.214899E-01   5.210529E-01   4.214899E-01  -1.390466E+01   1.191289E+00  -1.808368E+00        11
   1.115812E+04   2.363280E+05   4.214899E-01   4.214899E-01   5.210529E-01   4.214899E-01  -1.391285E+01   1.189241E+00  -1.808368E+00        11
   1.115912E+04   2.370160E+05   4.214899E-01   4.214899E-01   5.210529E-01   4.214899E-01  -1.392103E+01   1.187196E+00  -1.808368E+00        11
   1.116012E+04   2.377050E+05   4.214899E-01   4.214899E-01   5.210529E-01   4.214899E-01  -1.392920E+01   1.185154E+00  -1.808368E+00        11
   1.116112E+04   2.383950E+05   4.214899E-01   4.214899E-01   5.210529E-01   4.214899E-01  -1.393736E+01   1.183115E+00  -1.808368E+00        11
   1.116212E+04   2.390860E+05   4.214899E-01   4.214899E-01   5.210529E-01   4.214899E-01  -1.394550E+01   1.181078E+00  -1.808368E+00        11
   1.116312E+04   2.397780E+05   4.214899E-01   4.214899E-01   5.210529E-01   4.214899E-01  -1.395364E+01   1.179045E+00  -1.808368E+00        11
   1.116412E+04   2.404710E+05   4.214899E-01   4.214899E-01   5.210529E-01   4.214899E-01  -1.396176E+01   1.177014E+00  -1.808368E+00        11
   1.116512E+04   2.411650E+05   4.214899E-01   4.214899E-01   5.210529E-01   4.214899E-01  -1.396987E+01   1.174987E+00  -1.808368E+00        11
   1.116612E+04   2.418600E+05   4.214899E-01   4.214899E-01   5.210529E-01   4.214899E-01  -1.397797E+01   1.172962E+00  -1.808368E+00        11
   1.116712E+04   2.425560E+05   4.214899E-01   4.214899E-01   5.210529E-01   4.214899E-01  -1.398605E+01   1.170940E+00  -1.808368E+00        11
   1.116812E+04   2.432530E+05   4.214899E-01   4.214899E-01   5.210529E-01   4.214899E-01  -1.399413E+01   1.168922E+00  -1.808368E+00        11
   1.116912E+04   2.439510E+05   4.214899E-01   4.214899E-01   5.210529E-01   4.214899E-01  -1.400219E+01   1.166906E+00  -1.808368E+00        11
   1.117012E+04   2.446500E+05   4.214899E-01   4.214899E-01   5.210529E-01   4.214899E-01  -1.401024E+01   1.164893E+00  -1.808368E+00        11
   1.117112E+04   2.453500E+05   4.214899E-01   4.214899E-01   5.210529E-01   4.214899E-01  -1.401829E+01   1.162882E+00  -1.808368E+00        11
   1.117212E+04   2.460510E+05   4.214899E-01   4.214899E-01   5.210529E-01   4.214899E-01  -1.402631E+01   1.160875E+00  -1.808368E+00        11
   1.117312E+04   2.467530E+05   4.214899E-01   4.214899E-01   5.210529E-01   4.214899E-01  -1.403433E+01   1.158871E+00  -1.808368E+00        11
   1.117412E+04   2.474560E+05   4.214899E-01   4.214899E-01   5.210529E-01   4.214899E-01  -1.404234E+01   1.156869E+00  -1.808368E+00        11
   1.117512E+04   2.481600E+05   4.214899E-01   4.214899E-01   5.210529E-01   4.214899E-01  -1.405033E+01   1.154870E+00  -1.808368E+00        11
   1.117612E+04   2.488650E+05   4.214899E-01   4.214899E-01   5.210529E-01   4.214899E-01  -1.405832E+01   1.152874E+00  -1.808368E+00        11
   1.117712E+04   2.495710E+05   4.214899E-01   4.214899E-01   5.210529E-01   4.214899E-01  -1.406629E+01   1.150881E+00  -1.808368E+00        11
   1.117812E+04   2.502780E+05   4.214899E-01   4.214899E-01   5.210529E-01   4.214899E-01  -1.407425E+01   1.148891E+00  -1.808368E+00        11
   1.117912E+04   2.509860E+05   4.214899E-01   4.214899E-01   5.210529E-01   4.214899E-01  -1.408220E+01   1.146904E+00  -1.808368E+00        11
   1.118012E+04   2.516950E+05   4.214899E-01   4.214899E-01   5.210529E-01   4.214899E-01  -1.409014E+01   1.144919E+00  -1.808368E+00        11
   1.118112E+04   2.524050E+05   4.214899E-01   4.214899E-01   5.210529E-01   4.214899E-01  -1.409807E+01   1.142937E+00  -1.808368E+00        11
   1.118212E+04   2.531160E+05   4.214899E-01   4.214899E-01   5.210529E-01   4.214899E-01  -1.410598E+01   1.140958E+00  -1.808368E+00        11
   1.118312E+04   2.538280E+05   4.214899E-01   4.214899E-01   5.210529E-01   4.214899E-01  -1.411389E+01   1.138982E+00  -1.808368E+00        11
   1.118412E+04   2.545410E+05   4.214899E-01   4.214899E-01   5.210529E-01   4.214899E-01  -1.412178E+01   1.137008E+00  -1.808368E+00        11
   1.118512E+04   2.552550E+05   4.214899E-01   4.214899E-01   5.210529E-01   4.214899E-01  -1.412966E+01   1.135038E+00  -1.808368E+00        11
   1.118612E+04   2.559700E+05   4.214899E-01   4.214899E-01   5.210529E-01   4.214899E-01  -1.413754E+01   1.133070E+00  -1.808368E+00        11
   1.118712E+04   2.566860E+05   4.214899E-01   4.214899E-01   5.210529E-01   4.214899E-01  -1.414540E+01   1.131104E+00  -1.808368E+00        11
   1.118812E+04   2.574030E+05   4.214899E-01   4.214899E-01   5.210529E-01   4.214899E-01  -1.415325E+01   1.129142E+00  -1.808368E+00        11
   1.118912E+04   2.581210E+05   4.214899E-01   4.214899E-01   5.210529E-01   4.214899E-01  -1.416109E+01   1.127182E+00  -1.808368E+00        11
   1.119012E+04   2.588400E+05   4.214899E-01   4.214899E-01   5.210529E-01   4.214899E-01  -1.416891E+01   1.125225E+00  -1.808368E+00        11
   1.119112E+04   2.595600E+05   4.214899E-01   4.214899E-01   5.210529E-01   4.214899E-01  -1.417673E+01   1.123271E+00  -1.808368E+00        11
   1.119212E+04   2.602810E+05   4.214899E-01   4.214899E-01   5.210529E-01   4.214899E-01  -1.418454E+01   1.121319E+00  -1.808368E+00        11
   1.119312E+04   2.610030E+05   4.214899E-01   4.214899E-01   5.210529E-01   4.214899E-01  -1.419233E+01   1.119370E+00  -1.808368E+00        11
   1.119412E+04   2.617260E+05   4.214899E-01   4.214899E-01   5.210529E-01   4.214899E-01  -1.420012E+01   1.117424E+00  -1.808368E+00        11
   1.119512E+04   2.624500E+05   4.214899E-01   4.214899E-01   5.210529E-01   4.214899E-01  -1.420789E+01   1.115480E+00  -1.808368E+00        11
   1.119612E+04   2.631750E+05   4.214899E-01   4.214899E-01   5.210529E-01   4.214899E-01  -1.421566E+01   1.113540E+00  -1.808368E+00        11
   1.119712E+04   2.639010E+05   4.214899E-01   4.214899E-01   5.210529E-01   4.214899E-01  -1.422341E+01   1.111601E+00  -1.808368E+00        11
   1.119812E+04   2.646280E+05   4.214899E-01   4.214899E-01   5.210529E-01   4.214899E-01  -1.423115E+01   1.109666E+00  -1.808368E+00        11
   1.119912E+04   2.653560E+05   4.214899E-01   4.214899E-01   5.210529E-01   4.214899E-01  -1.423888E+01   1.107733E+00  -1.808368E+00        11
   1.120012E+04   2.660850E+05   4.214899E-01   4.214899E-01   5.210529E-01   4.214899E-01  -1.424660E+01   1.105803E+00  -1.808368E+00        11
   1.120112E+04   2.668150E+05   4.214899E-01   4.214899E-01   5.210529E-01   4.214899E-01  -1.425431E+01   1.103875E+00  -1.808368E+00        11
   1.120212E+04   2.675460E+05   4.214899E-01   4.214899E-01   5.210529E-01   4.214899E-01  -1.426201E+01   1.101950E+00  -1.808368E+00        11
   1.120312E+04   2.682780E+05   4.214899E-01   4.214899E-01   5.210529E-01   4.214899E-01  -1.426970E+01   1.100028E+00  -1.808368E+00        11
   1.120412E+04   2.690110E+05   4.214899E-01   4.214899E-01   5.210529E-01   4.214899E-01  -1.427738E+01   1.098108E+00  -1.808368E+00        11
   1.120512E+04   2.697450E+05   4.214899E-01   4.214899E-01   5.210529E-01   4.214899E-01  -1.428505E+01   1.096191E+00  -1.808368E+00        11
   1.120612E+04   2.704800E+05   4.214899E-01   4.214899E-01   5.210529E-01   4.214899E-01  -1.429271E+01   1.094277E+00  -1.808368E+00        11
   1.120712E+04   2.712160E+05   4.214899E-01   4.214899E-01   5.210529E-01   4.214899E-01  -1.430035E+01   1.092365E+00  -1.808368E+00        11
   1.120812E+04   2.719530E+05   4.214899E-01   4.214899E-01   5.210529E-01   4.214899E-01  -1.430799E+01   1.090456E+00  -1.808368E+00        11
   1.120912E+04   2.726910E+05   4.214899E-01   4.214899E-01   5.210529E-01   4.214899E-01  -1.431562E+01   1.088549E+00  -1.808368E+00        11
   1.121012E+04   2.734300E+05   4.214899E-01   4.214899E-01   5.210529E-01   4.214899E-01  -1.432323E+01   1.086645E+00  -1.808368E+00        11
   1.121112E+04   2.741700E+05   4.214899E-01   4.214899E-01   5.210529E-01   4.214899E-01  -1.433084E+01   1.084744E+00  -1.808368E+00        11
   1.121212E+04   2.749110E+05   4.214899E-01   4.214899E-01   5.210529E-01   4.214899E-01  -1.433844E+01   1.082845E+00  -1.808368E+00        11
   1.121312E+04   2.756530E+05   4.214899E-01   4.214899E-01   5.210529E-01   4.214899E-01  -1.434602E+01   1.080948E+00  -1.808368E+00        11
   1.121412E+04   2.763960E+05   4.214899E-01   4.214899E-01   5.210529E-01   4.214899E-01  -1.435360E+01   1.079054E+00  -1.808368E+00        11
   1.121512E+04   2.771400E+05   4.214899E-01   4.214899E-01   5.210529E-01   4.214899E-01  -1.436116E+01   1.077163E+00  -1.808368E+00        11
   1.121612E+04   2.778850E+05   4.214899E-01   4.214899E-01   5.210529E-01   4.214899E-01  -1.436872E+01   1.075274E+00  -1.808368E+00        11
   1.121712E+04   2.786310E+05   4.214899E-01   4.214899E-01   5.210529E-01   4.214899E-01  -1.437626E+01   1.073388E+00  -1.808368E+00        11
   1.121812E+04   2.793780E+05   4.214899E-01   4.214899E-01   5.210529E-01   4.214899E-01  -1.438380E+01   1.071505E+00  -1.808368E+00        11
   1.121912E+04   2.801260E+05   4.214899E-01   4.214899E-01   5.210529E-01   4.214899E-01  -1.439132E+01   1.069623E+00  -1.808368E+00        11
   1.122012E+04   2.808750E+05   4.214899E-01   4.214899E-01   5.210529E-01   4.214899E-01  -1.439884E+01   1.067745E+00  -1.808368E+00        11
   1.122112E+04   2.816250E+05   4.214899E-01   4.214899E-01   5.210529E-01   4.214899E-01  -1.440634E+01   1.065869E+00  -1.808368E+00        11
   1.122212E+04   2.823760E+05   4.214899E-01   4.214899E-01   5.210529E-01   4.214899E-01  -1.441384E+01   1.063995E+00  -1.808368E+00        11
   1.122312E+04   2.831280E+05   4.214899E-01   4.214899E-01   5.210529E-01   4.214899E-01  -1.442132E+01   1.062124E+00  -1.808368E+00        11
   1.122412E+04   2.838810E+05   4.214899E-01   4.214899E-01   5.210529E-01   4.214899E-01  -1.442879E+01   1.060255E+00  -1.808368E+00        11
   1.122512E+04   2.846350E+05   4.214899E-01   4.214899E-01   5.210529E-01   4.214899E-01  -1.443626E+01   1.058389E+00  -1.808368E+00        11
   1.122612E+04   2.853900E+05   4.214899E-01   4.214899E-01   5.210529E-01   4.214899E-01  -1.444371E+01   1.056525E+00  -1.808368E+00        11
   1.122712E+04   2.861460E+05   4.214899E-01   4.214899E-01   5.210529E-01   4.214899E-01  -1.445116E+01   1.054664E+00  -1.808368E+00        11
   1.122812E+04   2.869030E+05   4.214899E-01   4.214899E-01   5.210529E-01   4.214899E-01  -1.445859E+01   1.052805E+00  -1.808368E+00        11
   1.122912E+04   2.876610E+05   4.214899E-01   4.214899E-01   5.210529E-01   4.214899E-01  -1.446602E+01   1.050949E+00  -1.808368E+00        11
   1.123012E+04   2.884200E+05   4.214899E-01   4.214899E-01   5.210529E-01   4.214899E-01  -1.447344E+01   1.049095E+00  -1.808368E+00        11
   1.123112E+04   2.891800E+05   4.214899E-01   4.214899E-01   5.210529E-01   4.214899E-01  -1.448084E+01   1.047243E+00  -1.808368E+00        11
   1.123212E+04   2.899410E+05   4.214899E-01   4.214899E-01   5.210529E-01   4.214899E-01  -1.448824E+01   1.045394E+00  -1.808368E+00        11
   1.123312E+04   2.907030E+05   4.214899E-01   4.214899E-01   5.210529E-01   4.214899E-01  -1.449562E+01   1.043548E+00  -1.808368E+00        11
   1.123412E+04   2.914660E+05   4.214899E-01   4.214899E-01   5.210529E-01   4.214899E-01  -1.450300E+01   1.041704E+00  -1.808368E+00        11
   1.123512E+04   2.922300E+05   4.214899E-01   4.214899E-01   5.210529E-01   4.214899E-01  -1.451037E+01   1.039862E+00  -1.808368E+00        11
   1.123612E+04   2.929950E+05   4.214899E-01   4.214899E-01   5.210529E-01   4.214899E-01  -1.451773E+01   1.038022E+00  -1.808368E+00        11
   1.123712E+04   2.937610E+05   4.214899E-01   4.214899E-01   5.210529E-01   4.214899E-01  -1.452507E+01   1.036185E+00  -1.808368E+00        11
   1.123812E+04   2.945280E+05   4.214899E-01   4.214899E-01   5.210529E-01   4.214899E-01  -1.453241E+01   1.034351E+00  -1.808368E+00        11
   1.123912E+04   2.952960E+05   4.214899E-01   4.214899E-01   5.210529E-01   4.214899E-01  -1.453974E+01   1.032519E+00  -1.808368E+00        11
   1.124012E+04   2.960650E+05   4.214899E-01   4.214899E-01   5.210529E-01   4.214899E-01  -1.454706E+01   1.030689E+00  -1.808368E+00        11
   1.124112E+04   2.968350E+05   4.214899E-01   4.214899E-01   5.210529E-01   4.214899E-01  -1.455437E+01   1.028861E+00  -1.808368E+00        11
   1.124212E+04   2.976060E+05   4.214899E-01   4.214899E-01   5.210529E-01   4.214899E-01  -1.456167E+01   1.027036E+00  -1.808368E+00        11
   1.124312E+04   2.983780E+05   4.214899E-01   4.214899E-01   5.210529E-01   4.214899E-01  -1.456896E+01   1.025214E+00  -1.808368E+00        11
   1.124412E+04   2.991510E+05   4.214899E-01   4.214899E-01   5.210529E-01   4.214899E-01  -1.457624E+01   1.023393E+00  -1.808368E+00        11
   1.124512E+04   2.999250E+05   4.214899E-01   4.214899E-01   5.210529E-01   4.214899E-01  -1.458351E+01   1.021575E+00  -1.808368E+00        11
   1.124612E+04   3.007000E+05   4.214899E-01   4.214899E-01   5.210529E-01   4.214899E-01  -1.459078E+01   1.019760E+00  -1.808368E+00        11
   1.124712E+04   3.014760E+05   4.214899E-01   4.214899E-01   5.210529E-01   4.214899E-01  -1.459803E+01   1.017946E+00  -1.808368E+00        11
   1.124812E+04   3.022530E+05   4.214899E-01   4.214899E-01   5.210529E-01   4.214899E-01  -1.460527E+01   1.016136E+00  -1.808368E+00        11
   1.124912E+04   3.030310E+05   4.214899E-01   4.214899E-01   5.210529E-01   4.214899E-01  -1.461251E+01   1.014327E+00  -1.808368E+00        11
   1.125012E+04   3.038100E+05   4.214899E-01   4.214899E-01   5.210529E-01   4.214899E-01  -1.461973E+01   1.012521E+00  -1.808368E+00        11
   1.125112E+04   3.045900E+05   4.214899E-01   4.214899E-01   5.210529E-01   4.214899E-01  -1.462695E+01   1.010717E+00  -1.808368E+00        11
   1.125212E+04   3.053710E+05   4.214899E-01   4.214899E-01   5.210529E-01   4.214899E-01  -1.463416E+01   1.008915E+00  -1.808368E+00        11
   1.125312E+04   3.061530E+05   4.214899E-01   4.214899E-01   5.210529E-01   4.214899E-01  -1.464135E+01   1.007116E+00  -1.808368E+00        11
   1.125412E+04   3.069360E+05   4.214899E-01   4.214899E-01   5.210529E-01   4.214899E-01  -1.464854E+01   1.005318E+00  -1.808368E+00        11
   1.125512E+04   3.077200E+05   4.214899E-01   4.214899E-01   5.210529E-01   4.214899E-01  -1.465572E+01   1.003524E+00  -1.808368E+00        11
   1.125612E+04   3.085050E+05   4.214899E-01   4.214899E-01   5.210529E-01   4.214899E-01  -1.466289E+01   1.001731E+00  -1.808368E+00        11
   1.125712E+04   3.092910E+05   4.214899E-01   4.214899E-01   5.210529E-01   4.214899E-01  -1.467005E+01   9.999409E-01  -1.808368E+00        11
   1.125812E+04   3.100780E+05   4.214899E-01   4.214899E-01   5.210529E-01   4.214899E-01  -1.467720E+01   9.981530E-01  -1.808368E+00        11
   1.125912E+04   3.108660E+05   4.214899E-01   4.214899E-01   5.210529E-01   4.214899E-01  -1.468435E+01   9.963673E-01  -1.808368E+00        11
   1.126012E+04   3.116550E+05   4.214899E-01   4.214899E-01   5.210529E-01   4.214899E-01  -1.469148E+01   9.945839E-01  -1.808368E+00        11
   1.126112E+04   3.124450E+05   4.214899E-01   4.214899E-01   5.210529E-01   4.214899E-01  -1.469860E+01   9.928027E-01  -1.808368E+00        11
   1.126212E+04   3.132360E+05   4.214899E-01   4.214899E-01   5.210529E-01   4.214899E-01  -1.470572E+01   9.910238E-01  -1.808368E+00        11
   1.126312E+04   3.140280E+05   4.214899E-01   4.214899E-01   5.210529E-01   4.214899E-01  -1.471283E+01   9.892472E-01  -1.808368E+00        11
   1.126412E+04   3.148210E+05   4.214899E-01   4.214899E-01   5.210529E-01   4.214899E-01  -1.471992E+01   9.874728E-01  -1.808368E+00        11
   1.126512E+04   3.156150E+05   4.214899E-01   4.214899E-01   5.210529E-01   4.214899E-01  -1.472701E+01   9.857006E-01  -1.808368E+00        11
   1.126612E+04   3.164100E+05   4.214899E-01   4.214899E-01   5.210529E-01   4.214899E-01  -1.473409E+01   9.839306E-01  -1.808368E+00        11
   1.126712E+04   3.172060E+05   4.214899E-01   4.214899E-01   5.210529E-01   4.214899E-01  -1.474116E+01   9.821629E-01  -1.808368E+00        11
   1.126812E+04   3.180030E+05   4.214899E-01   4.214899E-01   5.210529E-01   4.214899E-01  -1.474823E+01   9.803974E-01  -1.808368E+00        11
   1.126912E+04   3.188010E+05   4.214899E-01   4.214899E-01   5.210529E-01   4.214899E-01  -1.475528E+01   9.786341E-01  -1.808368E+00        11
   1.127012E+04   3.196000E+05   4.214899E-01   4.214899E-01   5.210529E-01   4.214899E-01  -1.476232E+01   9.768730E-01  -1.808368E+00        11
   1.127112E+04   3.204000E+05   4.214899E-01   4.214899E-01   5.210529E-01   4.214899E-01  -1.476936E+01   9.751141E-01  -1.808368E+00        11
   1.127212E+04   3.212010E+05   4.214899E-01   4.214899E-01   5.210529E-01   4.214899E-01  -1.477639E+01   9.733574E-01  -1.808368E+00        11
   1.127312E+04   3.220030E+05   4.214899E-01   4.214899E-01   5.210529E-01   4.214899E-01  -1.478340E+01   9.716029E-01  -1.808368E+00        11
   1.127412E+04   3.228060E+05   4.214899E-01   4.214899E-01   5.210529E-01   4.214899E-01  -1.479041E+01   9.698506E-01  -1.808368E+00        11
   1.127512E+04   3.236100E+05   4.214899E-01   4.214899E-01   5.210529E-01   4.214899E-01  -1.479741E+01   9.681004E-01  -1.808368E+00        11
   1.127612E+04   3.244150E+05   4.214899E-01   4.214899E-01   5.210529E-01   4.214899E-01  -1.480441E+01   9.663524E-01  -1.808368E+00        11
   1.127712E+04   3.252210E+05   4.214899E-01   4.214899E-01   5.210529E-01   4.214899E-01  -1.481139E+01   9.646067E-01  -1.808368E+00        11
   1.127812E+04   3.260280E+05   4.214899E-01   4.214899E-01   5.210529E-01   4.214899E-01  -1.481836E+01   9.628630E-01  -1.808368E+00        11
   1.127912E+04   3.268360E+05   4.214899E-01   4.214899E-01   5.210529E-01   4.214899E-01  -1.482533E+01   9.611215E-01  -1.808368E+00        11
   1.128012E+04   3.276450E+05   4.214899E-01   4.214899E-01   5.210529E-01   4.214899E-01  -1.483229E+01   9.593822E-01  -1.808368E+00        11
   1.128112E+04   3.284550E+05   4.214899E-01   4.214899E-01   5.210529E-01   4.214899E-01  -1.483923E+01   9.576450E-01  -1.808368E+00        11
   1.128212E+04   3.292660E+05   4.214899E-01   4.214899E-01   5.210529E-01   4.214899E-01  -1.484618E+01   9.559100E-01  -1.808368E+00        11
   1.128312E+04   3.300780E+05   4.214899E-01   4.214899E-01   5.210529E-01   4.214899E-01  -1.485311E+01   9.541771E-01  -1.808368E+00        11
   1.128412E+04   3.308910E+05   4.214899E-01   4.214899E-01   5.210529E-01   4.214899E-01  -1.486003E+01   9.524463E-01  -1.808368E+00        11
   1.128512E+04   3.317050E+05   4.214899E-01   4.214899E-01   5.210529E-01   4.214899E-01  -1.486694E+01   9.507177E-01  -1.808368E+00        11
   1.128612E+04   3.325200E+05   4.214899E-01   4.214899E-01   5.210529E-01   4.214899E-01  -1.487385E+01   9.489912E-01  -1.808368E+00        11
   1.128712E+04   3.333360E+05   4.214899E-01   4.214899E-01   5.210529E-01   4.214899E-01  -1.488075E+01   9.472668E-01  -1.808368E+00        11
   1.128812E+04   3.341530E+05   4.214899E-01   4.214899E-01   5.210529E-01   4.214899E-01  -1.488764E+01   9.455445E-01  -1.808368E+00        11
   1.128912E+04   3.349710E+05   4.214899E-01   4.214899E-01   5.210529E-01   4.214899E-01  -1.489452E+01   9.438243E-01  -1.808368E+00        11
   1.129012E+04   3.357900E+05   4.214899E-01   4.214899E-01   5.210529E-01   4.214899E-01  -1.490139E+01   9.421062E-01  -1.808368E+00        11
   1.129112E+04   3.366100E+05   4.214899E-01   4.214899E-01   5.210529E-01   4.214899E-01  -1.490825E+01   9.403902E-01  -1.808368E+00        11
   1.129212E+04   3.374310E+05   4.214899E-01   4.214899E-01   5.210529E-01   4.214899E-01  -1.491511E+01   9.386763E-01  -1.808368E+00        11
   1.129312E+04   3.382530E+05   4.214899E-01   4.214899E-01   5.210529E-01   4.214899E-01  -1.492196E+01   9.369645E-01  -1.808368E+00        11
   1.129412E+04   3.390760E+05   4.214899E-01   4.214899E-01   5.210529E-01   4.214899E-01  -1.492880E+01   9.352547E-01  -1.808368E+00        11
   1.129512E+04   3.399000E+05   4.214899E-01   4.214899E-01   5.210529E-01   4.214899E-01  -1.493563E+01   9.335471E-01  -1.808368E+00        11
   1.129612E+04   3.407250E+05   4.214899E-01   4.214899E-01   5.210529E-01   4.214899E-01  -1.494245E+01   9.318415E-01  -1.808368E+00        11
   1.129712E+04   3.415510E+05   4.214899E-01   4.214899E-01   5.210529E-01   4.214899E-01  -1.494926E+01   9.301380E-01  -1.808368E+00        11
   1.129812E+04   3.423780E+05   4.214899E-01   4.214899E-01   5.210529E-01   4.214899E-01  -1.495607E+01   9.284365E-01  -1.808368E+00        11
   1.129912E+04   3.432060E+05   4.214899E-01   4.214899E-01   5.210529E-01   4.214899E-01  -1.496287E+01   9.267371E-01  -1.808368E+00        11
   1.130012E+04   3.440350E+05   4.214899E-01   4.214899E-01   5.210529E-01   4.214899E-01  -1.496966E+01   9.250397E-01  -1.808368E+00        11
   1.130112E+04   3.448650E+05   4.214899E-01   4.214899E-01   5.210529E-01   4.214899E-01  -1.497644E+01   9.233444E-01  -1.808368E+00        11
   1.130212E+04   3.456960E+05   4.214899E-01   4.214899E-01   5.210529E-01   4.214899E-01  -1.498321E+01   9.216511E-01  -1.808368E+00        11
   1.130312E+04   3.465280E+05   4.214899E-01   4.214899E-01   5.210529E-01   4.214899E-01  -1.498998E+01   9.199599E-01  -1.808368E+00        11
   1.130412E+04   3.473610E+05   4.214899E-01   4.214899E-01   5.210529E-01   4.214899E-01  -1.499673E+01   9.182707E-01  -1.808368E+00        11
   1.130512E+04   3.481950E+05   4.214899E-01   4.214899E-01   5.210529E-01   4.214899E-01  -1.500348E+01   9.165835E-01  -1.808368E+00        11
   1.130612E+04   3.490300E+05   4.214899E-01   4.214899E-01   5.210529E-01   4.214899E-01  -1.501022E+01   9.148983E-01  -1.808368E+00        11
   1.130712E+04   3.498660E+05   4.214899E-01   4.214899E-01   5.210529E-01   4.214899E-01  -1.501695E+01   9.132151E-01  -1.808368E+00        11
   1.130812E+04   3.507030E+05   4.214899E-01   4.214899E-01   5.210529E-01   4.214899E-01  -1.502368E+01   9.115340E-01  -1.808368E+00        11
   1.130912E+04   3.515410E+05   4.214899E-01   4.214899E-01   5.210529E-01   4.214899E-01  -1.503040E+01   9.098549E-01  -1.808368E+00        11
   1.131012E+04   3.523800E+05   4.214899E-01   4.214899E-01   5.210529E-01   4.214899E-01  -1.503710E+01   9.081777E-01  -1.808368E+00        11
   1.131112E+04   3.532200E+05   4.214899E-01   4.214899E-01   5.210529E-01   4.214899E-01  -1.504380E+01   9.065026E-01  -1.808368E+00        11
   1.131212E+04   3.540610E+05   4.214899E-01   4.214899E-01   5.210529E-01   4.214899E-01  -1.505050E+01   9.048295E-01  -1.808368E+00        11
   1.131312E+04   3.549030E+05   4.214899E-01   4.214899E-01   5.210529E-01   4.214899E-01  -1.505718E+01   9.031583E-01  -1.808368E+00        11
   1.131412E+04   3.557460E+05   4.214899E-01   4.214899E-01   5.210529E-01   4.214899E-01  -1.506386E+01   9.014891E-01  -1.808368E+00        11
   1.131512E+04   3.565900E+05   4.214899E-01   4.214899E-01   5.210529E-01   4.214899E-01  -1.507053E+01   8.998219E-01  -1.808368E+00        11
   1.131612E+04   3.574350E+05   4.214899E-01   4.214899E-01   5.210529E-01   4.214899E-01  -1.507719E+01   8.981567E-01  -1.808368E+00        11
   1.131712E+04   3.582810E+05   4.214899E-01   4.214899E-01   5.210529E-01   4.214899E-01  -1.508384E+01   8.964935E-01  -1.808368E+00        11
   1.131812E+04   3.591280E+05   4.214899E-01   4.214899E-01   5.210529E-01   4.214899E-01  -1.509049E+01   8.948322E-01  -1.808368E+00        11
   1.131912E+04   3.599760E+05   4.214899E-01   4.214899E-01   5.210529E-01   4.214899E-01  -1.509712E+01   8.931728E-01  -1.808368E+00        11
   1.132012E+04   3.608250E+05   4.214899E-01   4.214899E-01   5.210529E-01   4.214899E-01  -1.510375E+01   8.915154E-01  -1.808368E+00        11
   1.132112E+04   3.616750E+05   4.214899E-01   4.214899E-01   5.210529E-01   4.214899E-01  -1.511037E+01   8.898600E-01  -1.808368E+00        11
   1.132212E+04   3.625260E+05   4.214899E-01   4.214899E-01   5.210529E-01   4.214899E-01  -1.511699E+01   8.882065E-01  -1.808368E+00        11
   1.132312E+04   3.633780E+05   4.214899E-01   4.214899E-01   5.210529E-01   4.214899E-01  -1.512360E+01   8.865550E-01  -1.808368E+00        11
   1.132412E+04   3.642310E+05   4.214899E-01   4.214899E-01   5.210529E-01   4.214899E-01  -1.513019E+01   8.849054E-01  -1.808368E+00        11
   1.132512E+04   3.650850E+05   4.214899E-01   4.214899E-01   5.210529E-01   4.214899E-01  -1.513678E+01   8.832577E-01  -1.808368E+00        11
   1.132612E+04   3.659400E+05   4.214899E-01   4.214899E-01   5.210529E-01   4.214899E-01  -1.514337E+01   8.816120E-01  -1.808368E+00        11
   1.132712E+04   3.667960E+05   4.214899E-01   4.214899E-01   5.210529E-01   4.214899E-01  -1.514994E+01   8.799681E-01  -1.808368E+00        11
   1.132812E+04   3.676530E+05   4.214899E-01   4.214899E-01   5.210529E-01   4.214899E-01  -1.515651E+01   8.783262E-01  -1.808368E+00        11
   1.132912E+04   3.685110E+05   4.214899E-01   4.214899E-01   5.210529E-01   4.214899E-01  -1.516307E+01   8.766862E-01  -1.808368E+00        11
   1.133012E+04   3.693700E+05   4.214899E-01   4.214899E-01   5.210529E-01   4.214899E-01  -1.516962E+01   8.750482E-01  -1.808368E+00        11
   1.133112E+04   3.702300E+05   4.214899E-01   4.214899E-01   5.210529E-01   4.214899E-01  -1.517617E+01   8.734120E-01  -1.808368E+00        11
   1.133212E+04   3.710910E+05   4.214899E-01   4.214899E-01   5.210529E-01   4.214899E-01  -1.518270E+01   8.717777E-01  -1.808368E+00        11
   1.133312E+04   3.719530E+05   4.214899E-01   4.214899E-01   5.210529E-01   4.214899E-01  -1.518923E+01   8.701453E-01  -1.808368E+00        11
   1.133412E+04   3.728160E+05   4.214899E-01   4.214899E-01   5.210529E-01   4.214899E-01  -1.519576E+01   8.685148E-01  -1.808368E+00        11
   1.133512E+04   3.736800E+05   4.214899E-01   4.214899E-01   5.210529E-01   4.214899E-01  -1.520227E+01   8.668862E-01  -1.808368E+00        11
   1.133612E+04   3.745450E+05   4.214899E-01   4.214899E-01   5.210529E-01   4.214899E-01  -1.520878E+01   8.652595E-01  -1.808368E+00        11
   1.133712E+04   3.754110E+05   4.214899E-01   4.214899E-01   5.210529E-01   4.214899E-01  -1.521528E+01   8.636346E-01  -1.808368E+00        11
   1.133812E+04   3.762780E+05   4.214899E-01   4.214899E-01   5.210529E-01   4.214899E-01  -1.522177E+01   8.620117E-01  -1.808368E+00        11
   1.133912E+04   3.771460E+05   4.214899E-01   4.214899E-01   5.210529E-01   4.214899E-01  -1.522825E+01   8.603906E-01  -1.808368E+00        11
   1.134012E+04   3.780150E+05   4.214899E-01   4.214899E-01   5.210529E-01   4.214899E-01  -1.523473E+01   8.587713E-01  -1.808368E+00        11
   1.134112E+04   3.788850E+05   4.214899E-01   4.214899E-01   5.210529E-01   4.214899E-01  -1.524120E+01   8.571540E-01  -1.808368E+00        11
   1.134212E+04   3.797560E+05   4.214899E-01   4.214899E-01   5.210529E-01   4.214899E-01  -1.524766E+01   8.555385E-01  -1.808368E+00        11
   1.134312E+04   3.806280E+05   4.214899E-01   4.214899E-01   5.210529E-01   4.214899E-01  -1.525412E+01   8.539248E-01  -1.808368E+00        11
   1.134412E+04   3.815010E+05   4.214899E-01   4.214899E-01   5.210529E-01   4.214899E-01  -1.526056E+01   8.523130E-01  -1.808368E+00        11
   1.134512E+04   3.823750E+05   4.214899E-01   4.214899E-01   5.210529E-01   4.214899E-01  -1.526700E+01   8.507030E-01  -1.808368E+00        11
   1.134612E+04   3.832500E+05   4.214899E-01   4.214899E-01   5.210529E-01   4.214899E-01  -1.527344E+01   8.490949E-01  -1.808368E+00        11
   1.134712E+04   3.841260E+05   4.214899E-01   4.214899E-01   5.210529E-01   4.214899E-01  -1.527986E+01   8.474886E-01  -1.808368E+00        11
   1.134812E+04   3.850030E+05   4.214899E-01   4.214899E-01   5.210529E-01   4.214899E-01  -1.528628E+01   8.458841E-01  -1.808368E+00        11
   1.134912E+04   3.858810E+05   4.214899E-01   4.214899E-01   5.210529E-01   4.214899E-01  -1.529269E+01   8.442815E-01  -1.808368E+00        11
   1.135012E+04   3.867600E+05   4.214899E-01   4.214899E-01   5.210529E-01   4.214899E-01  -1.529909E+01   8.426807E-01  -1.808368E+00        11
   1.135112E+04   3.876400E+05   4.214899E-01   4.214899E-01   5.210529E-01   4.214899E-01  -1.530549E+01   8.410817E-01  -1.808368E+00        11
   1.135212E+04   3.885210E+05   4.214899E-01   4.214899E-01   5.210529E-01   4.214899E-01  -1.531188E+01   8.394845E-01  -1.808368E+00        11
   1.135312E+04   3.894030E+05   4.214899E-01   4.214899E-01   5.210529E-01   4.214899E-01  -1.531826E+01   8.378891E-01  -1.808368E+00        11
   1.135412E+04   3.902860E+05   4.214899E-01   4.214899E-01   5.210529E-01   4.214899E-01  -1.532463E+01   8.362956E-01  -1.808368E+00        11
   1.135512E+04   3.911700E+05   4.214899E-01   4.214899E-01   5.210529E-01   4.214899E-01  -1.533100E+01   8.347038E-01  -1.808368E+00        11
   1.135612E+04   3.920550E+05   4.214899E-01   4.214899E-01   5.210529E-01   4.214899E-01  -1.533736E+01   8.331139E-01  -1.808368E+00        11
   1.135712E+04   3.929410E+05   4.214899E-01   4.214899E-01   5.210529E-01   4.214899E-01  -1.534371E+01   8.315257E-01  -1.808368E+00        11
   1.135812E+04   3.938280E+05   4.214899E-01   4.214899E-01   5.210529E-01   4.214899E-01  -1.535006E+01   8.299393E-01  -1.808368E+00        11
   1.135912E+04   3.947160E+05   4.214899E-01   4.214899E-01   5.210529E-01   4.214899E-01  -1.535640E+01   8.283547E-01  -1.808368E+00        11
   1.136012E+04   3.956050E+05   4.214899E-01   4.214899E-01   5.210529E-01   4.214899E-01  -1.536273E+01   8.267719E-01  -1.808368E+00        11
   1.136112E+04   3.964950E+05   4.214899E-01   4.214899E-01   5.210529E-01   4.214899E-01  -1.536905E+01   8.251909E-01  -1.808368E+00        11
   1.136212E+04   3.973860E+05   4.214899E-01   4.214899E-01   5.210529E-01   4.214899E-01  -1.537537E+01   8.236116E-01  -1.808368E+00        11
   1.136312E+04   3.982780E+05   4.214899E-01   4.214899E-01   5.210529E-01   4.214899E-01  -1.538168E+01   8.220342E-01  -1.808368E+00        11
   1.136412E+04   3.991710E+05   4.214899E-01   4.214899E-01   5.210529E-01   4.214899E-01  -1.538798E+01   8.204584E-01  -1.808368E+00        11
   1.136512E+04   4.000650E+05   4.214899E-01   4.214899E-01   5.210529E-01   4.214899E-01  -1.539428E+01   8.188845E-01  -1.808368E+00        11
   1.136612E+04   4.009600E+05   4.214899E-01   4.214899E-01   5.210529E-01   4.214899E-01  -1.540057E+01   8.173123E-01  -1.808368E+00        11
   1.136712E+04   4.018560E+05   4.214899E-01   4.214899E-01   5.210529E-01   4.214899E-01  -1.540685E+01   8.157419E-01  -1.808368E+00        11
   1.136812E+04   4.027530E+05   4.214899E-01   4.214899E-01   5.210529E-01   4.214899E-01  -1.541312E+01   8.141732E-01  -1.808368E+00        11
   1.136912E+04   4.036510E+05   4.214899E-01   4.214899E-01   5.210529E-01   4.214899E-01  -1.541939E+01   8.126062E-01  -1.808368E+00        11
   1.137012E+04   4.045500E+05   4.214899E-01   4.214899E-01   5.210529E-01   4.214899E-01  -1.542565E+01   8.110410E-01  -1.808368E+00        11
   1.137112E+04   4.054500E+05   4.214899E-01   4.214899E-01   5.210529E-01   4.214899E-01  -1.543190E+01   8.094776E-01  -1.808368E+00        11
   1.137212E+04   4.063510E+05   4.214899E-01   4.214899E-01   5.210529E-01   4.214899E-01  -1.543815E+01   8.079158E-01  -1.808368E+00        11
   1.137312E+04   4.072530E+05   4.214899E-01   4.214899E-01   5.210529E-01   4.214899E-01  -1.544439E+01   8.063558E-01  -1.808368E+00        11
   1.137412E+04   4.081560E+05   4.214899E-01   4.214899E-01   5.210529E-01   4.214899E-01  -1.545062E+01   8.047976E-01  -1.808368E+00        11
   1.137512E+04   4.090600E+05   4.214899E-01   4.214899E-01   5.210529E-01   4.214899E-01  -1.545685E+01   8.032410E-01  -1.808368E+00        11
   1.137612E+04   4.099650E+05   4.214899E-01   4.214899E-01   5.210529E-01   4.214899E-01  -1.546307E+01   8.016862E-01  -1.808368E+00        11
   1.137712E+04   4.108710E+05   4.214899E-01   4.214899E-01   5.210529E-01   4.214899E-01  -1.546928E+01   8.001331E-01  -1.808368E+00        11
   1.137812E+04   4.117780E+05   4.214899E-01   4.214899E-01   5.210529E-01   4.214899E-01  -1.547549E+01   7.985817E-01  -1.808368E+00        11
   1.137912E+04   4.126860E+05   4.214899E-01   4.214899E-01   5.210529E-01   4.214899E-01  -1.548169E+01   7.970320E-01  -1.808368E+00        11
   1.138012E+04   4.135950E+05   4.214899E-01   4.214899E-01   5.210529E-01   4.214899E-01  -1.548788E+01   7.954840E-01  -1.808368E+00        11
   1.138112E+04   4.145050E+05   4.214899E-01   4.214899E-01   5.210529E-01   4.214899E-01  -1.549406E+01   7.939378E-01  -1.808368E+00        11
   1.138212E+04   4.154160E+05   4.214899E-01   4.214899E-01   5.210529E-01   4.214899E-01  -1.550024E+01   7.923932E-01  -1.808368E+00        11
   1.138312E+04   4.163280E+05   4.214899E-01   4.214899E-01   5.210529E-01   4.214899E-01  -1.550641E+01   7.908503E-01  -1.808368E+00        11
   1.138412E+04   4.172410E+05   4.214899E-01   4.214899E-01   5.210529E-01   4.214899E-01  -1.551258E+01   7.893091E-01  -1.808368E+00        11
   1.138512E+04   4.181550E+05   4.214899E-01   4.214899E-01   5.210529E-01   4.214899E-01  -1.551874E+01   7.877696E-01  -1.808368E+00        11
   1.138612E+04   4.190700E+05   4.214899E-01   4.214899E-01   5.210529E-01   4.214899E-01  -1.552489E+01   7.862318E-01  -1.808368E+00        11
   1.138712E+04   4.199860E+05   4.214899E-01   4.214899E-01   5.210529E-01   4.214899E-01  -1.553103E+01   7.846956E-01  -1.808368E+00        11
   1.138812E+04   4.209030E+05   4.214899E-01   4.214899E-01   5.210529E-01   4.214899E-01  -1.553717E+01   7.831611E-01  -1.808368E+00        11
   1.138912E+04   4.218210E+05   4.214899E-01   4.214899E-01   5.210529E-01   4.214899E-01  -1.554330E+01   7.816283E-01  -1.808368E+00        11
   1.139012E+04   4.227400E+05   4.214899E-01   4.214899E-01   5.210529E-01   4.214899E-01  -1.554943E+01   7.800972E-01  -1.808368E+00        11
   1.139112E+04   4.236600E+05   4.214899E-01   4.214899E-01   5.210529E-01   4.214899E-01  -1.555554E+01   7.785677E-01  -1.808368E+00        11
   1.139212E+04   4.245810E+05   4.214899E-01   4.214899E-01   5.210529E-01   4.214899E-01  -1.556166E+01   7.770399E-01  -1.808368E+00        11
   1.139312E+04   4.255030E+05   4.214899E-01   4.214899E-01   5.210529E-01   4.214899E-01  -1.556776E+01   7.755137E-01  -1.808368E+00        11
   1.139412E+04   4.264260E+05   4.214899E-01   4.214899E-01   5.210529E-01   4.214899E-01  -1.557386E+01   7.739892E-01  -1.808368E+00        11
   1.139512E+04   4.273500E+05   4.214899E-01   4.214899E-01   5.210529E-01   4.214899E-01  -1.557995E+01   7.724664E-01  -1.808368E+00        11
   1.139612E+04   4.282750E+05   4.214899E-01   4.214899E-01   5.210529E-01   4.214899E-01  -1.558603E+01   7.709452E-01  -1.808368E+00        11
   1.139712E+04   4.292010E+05   4.214899E-01   4.214899E-01   5.210529E-01   4.214899E-01  -1.559211E+01   7.694256E-01  -1.808368E+00        11
   1.139812E+04   4.301280E+05   4.214899E-01   4.214899E-01   5.210529E-01   4.214899E-01  -1.559818E+01   7.679077E-01  -1.808368E+00        11
   1.139912E+04   4.310560E+05   4.214899E-01   4.214899E-01   5.210529E-01   4.214899E-01  -1.560425E+01   7.663914E-01  -1.808368E+00        11
   1.140012E+04   4.319850E+05   4.214899E-01   4.214899E-01   5.210529E-01   4.214899E-01  -1.561031E+01   7.648768E-01  -1.808368E+00        11
   1.140112E+04   4.329150E+05   4.214899E-01   4.214899E-01   5.210529E-01   4.214899E-01  -1.561636E+01   7.633637E-01  -1.808368E+00        11
   1.140212E+04   4.338460E+05   4.214899E-01   4.214899E-01   5.210529E-01   4.214899E-01  -1.562241E+01   7.618523E-01  -1.808368E+00        11
   1.140312E+04   4.347780E+05   4.214899E-01   4.214899E-01   5.210529E-01   4.214899E-01  -1.562844E+01   7.603426E-01  -1.808368E+00        11
   1.140412E+04   4.357110E+05   4.214899E-01   4.214899E-01   5.210529E-01   4.214899E-01  -1.563448E+01   7.588344E-01  -1.808368E+00        11
   1.140512E+04   4.366450E+05   4.214899E-01   4.214899E-01   5.210529E-01   4.214899E-01  -1.564050E+01   7.573278E-01  -1.808368E+00        11
   1.140612E+04   4.375800E+05   4.214899E-01   4.214899E-01   5.210529E-01   4.214899E-01  -1.564652E+01   7.558229E-01  -1.808368E+00        11
   1.140712E+04   4.385160E+05   4.214899E-01   4.214899E-01   5.210529E-01   4.214899E-01  -1.565254E+01   7.543196E-01  -1.808368E+00        11
   1.140812E+04   4.394530E+05   4.214899E-01   4.214899E-01   5.210529E-01   4.214899E-01  -1.565854E+01   7.528179E-01  -1.808368E+00        11
   1.140912E+04   4.403910E+05   4.214899E-01   4.214899E-01   5.210529E-01   4.214899E-01  -1.566454E+01   7.513177E-01  -1.808368E+00        11
   1.141012E+04   4.413300E+05   4.214899E-01   4.214899E-01   5.210529E-01   4.214899E-01  -1.567054E+01   7.498192E-01  -1.808368E+00        11
   1.141112E+04   4.422700E+05   4.214899E-01   4.214899E-01   5.210529E-01   4.214899E-01  -1.567653E+01   7.483223E-01  -1.808368E+00        11
   1.141212E+04   4.432110E+05   4.214899E-01   4.214899E-01   5.210529E-01   4.214899E-01  -1.568251E+01   7.468269E-01  -1.808368E+00        11
   1.141312E+04   4.441530E+05   4.214899E-01   4.214899E-01   5.210529E-01   4.214899E-01  -1.568848E+01   7.453332E-01  -1.808368E+00        11
   1.141412E+04   4.450960E+05   4.214899E-01   4.214899E-01   5.210529E-01   4.214899E-01  -1.569445E+01   7.438410E-01  -1.808368E+00        11
   1.141512E+04   4.460400E+05   4.214899E-01   4.214899E-01   5.210529E-01   4.214899E-01  -1.570041E+01   7.423504E-01  -1.808368E+00        11
   1.141612E+04   4.469850E+05   4.214899E-01   4.214899E-01   5.210529E-01   4.214899E-01  -1.570637E+01   7.408614E-01  -1.808368E+00        11
   1.141712E+04   4.479310E+05   4.214899E-01   4.214899E-01   5.210529E-01   4.214899E-01  -1.571232E+01   7.393740E-01  -1.808368E+00        11
   1.141812E+04   4.488780E+05   4.214899E-01   4.214899E-01   5.210529E-01   4.214899E-01  -1.571826E+01   7.378881E-01  -1.808368E+00        11
   1.141912E+04   4.498260E+05   4.214899E-01   4.214899E-01   5.210529E-01   4.214899E-01  -1.572420E+01   7.364038E-01  -1.808368E+00        11
   1.142012E+04   4.507750E+05   4.214899E-01   4.214899E-01   5.210529E-01   4.214899E-01  -1.573013E+01   7.349211E-01  -1.808368E+00        11
   1.142112E+04   4.517250E+05   4.214899E-01   4.214899E-01   5.210529E-01   4.214899E-01  -1.573606E+01   7.334399E-01  -1.808368E+00        11
   1.142212E+04   4.526760E+05   4.214899E-01   4.214899E-01   5.210529E-01   4.214899E-01  -1.574197E+01   7.319603E-01  -1.808368E+00        11
   1.142312E+04   4.536280E+05   4.214899E-01   4.214899E-01   5.210529E-01   4.214899E-01  -1.574789E+01   7.304822E-01  -1.808368E+00        11
   1.142412E+04   4.545810E+05   4.214899E-01   4.214899E-01   5.210529E-01   4.214899E-01  -1.575379E+01   7.290057E-01  -1.808368E+00        11
   1.142512E+04   4.555350E+05   4.214899E-01   4.214899E-01   5.210529E-01   4.214899E-01  -1.575969E+01   7.275308E-01  -1.808368E+00        11
   1.142612E+04   4.564900E+05   4.214899E-01   4.214899E-01   5.210529E-01   4.214899E-01  -1.576559E+01   7.260574E-01  -1.808368E+00        11
   1.142712E+04   4.574460E+05   4.214899E-01   4.214899E-01   5.210529E-01   4.214899E-01  -1.577147E+01   7.245855E-01  -1.808368E+00        11
   1.142812E+04   4.584030E+05   4.214899E-01   4.214899E-01   5.210529E-01   4.214899E-01  -1.577735E+01   7.231151E-01  -1.808368E+00        11
   1.142912E+04   4.593610E+05   4.214899E-01   4.214899E-01   5.210529E-01   4.214899E-01  -1.578323E+01   7.216463E-01  -1.808368E+00        11
   1.143012E+04   4.603200E+05   4.214899E-01   4.214899E-01   5.210529E-01   4.214899E-01  -1.578910E+01   7.201791E-01  -1.808368E+00        11
   1.143112E+04   4.612800E+05   4.214899E-01   4.214899E-01   5.210529E-01   4.214899E-01  -1.579496E+01   7.187133E-01  -1.808368E+00        11
   1.143212E+04   4.622410E+05   4.214899E-01   4.214899E-01   5.210529E-01   4.214899E-01  -1.580082E+01   7.172491E-01  -1.808368E+00        11
   1.143312E+04   4.632030E+05   4.214899E-01   4.214899E-01   5.210529E-01   4.214899E-01  -1.580667E+01   7.157864E-01  -1.808368E+00        11
   1.143412E+04   4.641660E+05   4.214899E-01   4.214899E-01   5.210529E-01   4.214899E-01  -1.581251E+01   7.143252E-01  -1.808368E+00        11
   1.143512E+04   4.651300E+05   4.214899E-01   4.214899E-01   5.210529E-01   4.214899E-01  -1.581835E+01   7.128656E-01  -1.808368E+00        11
   1.143612E+04   4.660950E+05   4.214899E-01   4.214899E-01   5.210529E-01   4.214899E-01  -1.582419E+01   7.114074E-01  -1.808368E+00        11
   1.143712E+04   4.670610E+05   4.214899E-01   4.214899E-01   5.210529E-01   4.214899E-01  -1.583001E+01   7.099508E-01  -1.808368E+00        11
   1.143812E+04   4.680280E+05   4.214899E-01   4.214899E-01   5.210529E-01   4.214899E-01  -1.583583E+01   7.084956E-01  -1.808368E+00        11
   1.143912E+04   4.689960E+05   4.214899E-01   4.214899E-01   5.210529E-01   4.214899E-01  -1.584165E+01   7.070420E-01  -1.808368E+00        11
   1.144012E+04   4.699650E+05   4.214899E-01   4.214899E-01   5.210529E-01   4.214899E-01  -1.584746E+01   7.055899E-01  -1.808368E+00        11
   1.144112E+04   4.709350E+05   4.214899E-01   4.214899E-01   5.210529E-01   4.214899E-01  -1.585326E+01   7.041392E-01  -1.808368E+00        11
   1.144212E+04   4.719060E+05   4.214899E-01   4.214899E-01   5.210529E-01   4.214899E-01  -1.585905E+01   7.026901E-01  -1.808368E+00        11
   1.144312E+04   4.728780E+05   4.214899E-01   4.214899E-01   5.210529E-01   4.214899E-01  -1.586485E+01   7.012425E-01  -1.808368E+00        11
   1.144412E+04   4.738510E+05   4.214899E-01   4.214899E-01   5.210529E-01   4.214899E-01  -1.587063E+01   6.997963E-01  -1.808368E+00        11
   1.144512E+04   4.748250E+05   4.214899E-01   4.214899E-01   5.210529E-01   4.214899E-01  -1.587641E+01   6.983516E-01  -1.808368E+00        11
   1.144612E+04   4.758000E+05   4.214899E-01   4.214899E-01   5.210529E-01   4.214899E-01  -1.588218E+01   6.969084E-01  -1.808368E+00        11
   1.144712E+04   4.767760E+05   4.214899E-01   4.214899E-01   5.210529E-01   4.214899E-01  -1.588795E+01   6.954667E-01  -1.808368E+00        11
   1.144812E+04   4.777530E+05   4.214899E-01   4.214899E-01   5.210529E-01   4.214899E-01  -1.589371E+01   6.940265E-01  -1.808368E+00        11
   1.144912E+04   4.787310E+05   4.214899E-01   4.214899E-01   5.210529E-01   4.214899E-01  -1.589946E+01   6.925877E-01  -1.808368E+00        11
   1.145012E+04   4.797100E+05   4.214899E-01   4.214899E-01   5.210529E-01   4.214899E-01  -1.590521E+01   6.911504E-01  -1.808368E+00        11
   1.145112E+04   4.806900E+05   4.214899E-01   4.214899E-01   5.210529E-01   4.214899E-01  -1.591096E+01   6.897146E-01  -1.808368E+00        11
   1.145212E+04   4.816710E+05   4.214899E-01   4.214899E-01   5.210529E-01   4.214899E-01  -1.591669E+01   6.882802E-01  -1.808368E+00        11
   1.145312E+04   4.826530E+05   4.214899E-01   4.214899E-01   5.210529E-01   4.214899E-01  -1.592243E+01   6.868473E-01  -1.808368E+00        11
   1.145412E+04   4.836360E+05   4.214899E-01   4.214899E-01   5.210529E-01   4.214899E-01  -1.592815E+01   6.854159E-01  -1.808368E+00        11
   1.145512E+04   4.846200E+05   4.214899E-01   4.214899E-01   5.210529E-01   4.214899E-01  -1.593387E+01   6.839859E-01  -1.808368E+00        11
   1.145612E+04   4.856050E+05   4.214899E-01   4.214899E-01   5.210529E-01   4.214899E-01  -1.593959E+01   6.825573E-01  -1.808368E+00        11
   1.145712E+04   4.865910E+05   4.214899E-01   4.214899E-01   5.210529E-01   4.214899E-01  -1.594529E+01   6.811302E-01  -1.808368E+00        11
   1.145812E+04   4.875780E+05   4.214899E-01   4.214899E-01   5.210529E-01   4.214899E-01  -1.595100E+01   6.797046E-01  -1.808368E+00        11
   1.145912E+04   4.885660E+05   4.214899E-01   4.214899E-01   5.210529E-01   4.214899E-01  -1.595669E+01   6.782804E-01  -1.808368E+00        11
   1.146012E+04   4.895550E+05   4.214899E-01   4.214899E-01   5.210529E-01   4.214899E-01  -1.596238E+01   6.768576E-01  -1.808368E+00        11
   1.146112E+04   4.905450E+05   4.214899E-01   4.214899E-01   5.210529E-01   4.214899E-01  -1.596807E+01   6.754363E-01  -1.808368E+00        11
   1.146212E+04   4.915360E+05   4.214899E-01   4.214899E-01   5.210529E-01   4.214899E-01  -1.597375E+01   6.740164E-01  -1.808368E+00        11
   1.146312E+04   4.925280E+05   4.214899E-01   4.214899E-01   5.210529E-01   4.214899E-01  -1.597942E+01   6.725979E-01  -1.808368E+00        11
   1.146412E+04   4.935210E+05   4.214899E-01   4.214899E-01   5.210529E-01   4.214899E-01  -1.598509E+01   6.711809E-01  -1.808368E+00        11
   1.146512E+04   4.945150E+05   4.214899E-01   4.214899E-01   5.210529E-01   4.214899E-01  -1.599075E+01   6.697653E-01  -1.808368E+00        11
   1.146612E+04   4.955100E+05   4.214899E-01   4.214899E-01   5.210529E-01   4.214899E-01  -1.599641E+01   6.683511E-01  -1.808368E+00        11
   1.146712E+04   4.965060E+05   4.214899E-01   4.214899E-01   5.210529E-01   4.214899E-01  -1.600206E+01   6.669383E-01  -1.808368E+00        11
   1.146812E+04   4.975030E+05   4.214899E-01   4.214899E-01   5.210529E-01   4.214899E-01  -1.600771E+01   6.655270E-01  -1.808368E+00        11
   1.146912E+04   4.985010E+05   4.214899E-01   4.214899E-01   5.210529E-01   4.214899E-01  -1.601335E+01   6.641171E-01  -1.808368E+00        11
   1.147012E+04   4.995000E+05   4.214899E-01   4.214899E-01   5.210529E-01   4.214899E-01  -1.601898E+01   6.627085E-01  -1.808368E+00        11
   1.147112E+04   5.005000E+05   4.214899E-01   4.214899E-01   5.210529E-01   4.214899E-01  -1.602461E+01   6.613014E-01  -1.808368E+00        11
   1.147212E+04   5.015010E+05   4.214899E-01   4.214899E-01   5.210529E-01   4.214899E-01  -1.603023E+01   6.598957E-01  -1.808368E+00        11
   1.147312E+04   5.025030E+05   4.214899E-01   4.214899E-01   5.210529E-01   4.214899E-01  -1.603585E+01   6.584914E-01  -1.808368E+00        11
   1.147412E+04   5.035060E+05   4.214899E-01   4.214899E-01   5.210529E-01   4.214899E-01  -1.604146E+01   6.570885E-01  -1.808368E+00        11
   1.147512E+04   5.045100E+05   4.214899E-01   4.214899E-01   5.210529E-01   4.214899E-01  -1.604707E+01   6.556870E-01  -1.808368E+00        11
   1.147612E+04   5.055150E+05   4.214899E-01   4.214899E-01   5.210529E-01   4.214899E-01  -1.605267E+01   6.542869E-01  -1.808368E+00        11
   1.147712E+04   5.065210E+05   4.214899E-01   4.214899E-01   5.210529E-01   4.214899E-01  -1.605826E+01   6.528881E-01  -1.808368E+00        11
   1.147812E+04   5.075280E+05   4.214899E-01   4.214899E-01   5.210529E-01   4.214899E-01  -1.606385E+01   6.514908E-01  -1.808368E+00        11
   1.147912E+04   5.085360E+05   4.214899E-01   4.214899E-01   5.210529E-01   4.214899E-01  -1.606944E+01   6.500949E-01  -1.808368E+00        11
   1.148012E+04   5.095450E+05   4.214899E-01   4.214899E-01   5.210529E-01   4.214899E-01  -1.607501E+01   6.487003E-01  -1.808368E+00        11
   1.148112E+04   5.105550E+05   4.214899E-01   4.214899E-01   5.210529E-01   4.214899E-01  -1.608059E+01   6.473071E-01  -1.808368E+00        11
   1.148212E+04   5.115660E+05   4.214899E-01   4.214899E-01   5.210529E-01   4.214899E-01  -1.608615E+01   6.459153E-01  -1.808368E+00        11
   1.148312E+04   5.125780E+05   4.214899E-01   4.214899E-01   5.210529E-01   4.214899E-01  -1.609172E+01   6.445249E-01  -1.808368E+00        11
   1.148412E+04   5.135910E+05   4.214899E-01   4.214899E-01   5.210529E-01   4.214899E-01  -1.609727E+01   6.431358E-01  -1.808368E+00        11
   1.148512E+04   5.146050E+05   4.214899E-01   4.214899E-01   5.210529E-01   4.214899E-01  -1.610282E+01   6.417481E-01  -1.808368E+00        11
   1.148612E+04   5.156200E+05   4.214899E-01   4.214899E-01   5.210529E-01   4.214899E-01  -1.610837E+01   6.403618E-01  -1.808368E+00        11
   1.148712E+04   5.166360E+05   4.214899E-01   4.214899E-01   5.210529E-01   4.214899E-01  -1.611391E+01   6.389769E-01  -1.808368E+00        11
   1.148812E+04   5.176530E+05   4.214899E-01   4.214899E-01   5.210529E-01   4.214899E-01  -1.611944E+01   6.375933E-01  -1.808368E+00        11
   1.148912E+04   5.186710E+05   4.214899E-01   4.214899E-01   5.210529E-01   4.214899E-01  -1.612497E+01   6.362110E-01  -1.808368E+00        11
   1.149012E+04   5.196900E+05   4.214899E-01   4.214899E-01   5.210529E-01   4.214899E-01  -1.613049E+01   6.348302E-01  -1.808368E+00        11
   1.149112E+04   5.207100E+05   4.214899E-01   4.214899E-01   5.210529E-01   4.214899E-01  -1.613601E+01   6.334506E-01  -1.808368E+00        11
   1.149212E+04   5.217310E+05   4.214899E-01   4.214899E-01   5.210529E-01   4.214899E-01  -1.614153E+01   6.320725E-01  -1.808368E+00        11
   1.149312E+04   5.227530E+05   4.214899E-01   4.214899E-01   5.210529E-01   4.214899E-01  -1.614703E+01   6.306956E-01  -1.808368E+00        11
   1.149412E+04   5.237760E+05   4.214899E-01   4.214899E-01   5.210529E-01   4.214899E-01  -1.615253E+01   6.293202E-01  -1.808368E+00        11
   1.149512E+04   5.248000E+05   4.214899E-01   4.214899E-01   5.210529E-01   4.214899E-01  -1.615803E+01   6.279460E-01  -1.808368E+00        11
   1.149612E+04   5.258250E+05   4.214899E-01   4.214899E-01   5.210529E-01   4.214899E-01  -1.616352E+01   6.265732E-01  -1.808368E+00        11
   1.149712E+04   5.268510E+05   4.214899E-01   4.214899E-01   5.210529E-01   4.214899E-01  -1.616901E+01   6.252018E-01  -1.808368E+00        11
   1.149812E+04   5.278780E+05   4.214899E-01   4.214899E-01   5.210529E-01   4.214899E-01  -1.617449E+01   6.238317E-01  -1.808368E+00        11
   1.149912E+04   5.289060E+05   4.214899E-01   4.214899E-01   5.210529E-01   4.214899E-01  -1.617996E+01   6.224629E-01  -1.808368E+00        11
   1.150012E+04   5.299350E+05   4.214899E-01   4.214899E-01   5.210529E-01   4.214899E-01  -1.618543E+01   6.210954E-01  -1.808368E+00        11
   1.150112E+04   5.309650E+05   4.214899E-01   4.214899E-01   5.210529E-01   4.214899E-01  -1.619090E+01   6.197293E-01  -1.808368E+00        11
   1.150212E+04   5.319960E+05   4.214899E-01   4.214899E-01   5.210529E-01   4.214899E-01  -1.619636E+01   6.183645E-01  -1.808368E+00        11
   1.150312E+04   5.330280E+05   4.214899E-01   4.214899E-01   5.210529E-01   4.214899E-01  -1.620181E+01   6.170010E-01  -1.808368E+00        11
   1.150412E+04   5.340610E+05   4.214899E-01   4.214899E-01   5.210529E-01   4.214899E-01  -1.620726E+01   6.156388E-01  -1.808368E+00        11
   1.150512E+04   5.350950E+05   4.214899E-01   4.214899E-01   5.210529E-01   4.214899E-01  -1.621270E+01   6.142780E-01  -1.808368E+00        11
   1.150612E+04   5.361300E+05   4.214899E-01   4.214899E-01   5.210529E-01   4.214899E-01  -1.621814E+01   6.129185E-01  -1.808368E+00        11
   1.150712E+04   5.371660E+05   4.214899E-01   4.214899E-01   5.210529E-01   4.214899E-01  -1.622357E+01   6.115602E-01  -1.808368E+00        11
   1.150812E+04   5.382030E+05   4.214899E-01   4.214899E-01   5.210529E-01   4.214899E-01  -1.622900E+01   6.102033E-01  -1.808368E+00        11
   1.150912E+04   5.392410E+05   4.214899E-01   4.214899E-01   5.210529E-01   4.214899E-01  -1.623442E+01   6.088477E-01  -1.808368E+00        11
   1.151012E+04   5.402800E+05   4.214899E-01   4.214899E-01   5.210529E-01   4.214899E-01  -1.623984E+01   6.074934E-01  -1.808368E+00        11
   1.151112E+04   5.413200E+05   4.214899E-01   4.214899E-01   5.210529E-01   4.214899E-01  -1.624525E+01   6.061404E-01  -1.808368E+00        11
   1.151212E+04   5.423610E+05   4.214899E-01   4.214899E-01   5.210529E-01   4.214899E-01  -1.625066E+01   6.047887E-01  -1.808368E+00        11
   1.151312E+04   5.434030E+05   4.214899E-01   4.214899E-01   5.210529E-01   4.214899E-01  -1.625606E+01   6.034383E-01  -1.808368E+00        11
   1.151412E+04   5.444460E+05   4.214899E-01   4.214899E-01   5.210529E-01   4.214899E-01  -1.626146E+01   6.020892E-01  -1.808368E+00        11
   1.151512E+04   5.454900E+05   4.214899E-01   4.214899E-01   5.210529E-01   4.214899E-01  -1.626685E+01   6.007414E-01  -1.808368E+00        11
   1.151612E+04   5.465350E+05   4.214899E-01   4.214899E-01   5.210529E-01   4.214899E-01  -1.627224E+01   5.993949E-01  -1.808368E+00        11
   1.151712E+04   5.475810E+05   4.214899E-01   4.214899E-01   5.210529E-01   4.214899E-01  -1.627762E+01   5.980497E-01  -1.808368E+00        11
   1.151812E+04   5.486280E+05   4.214899E-01   4.214899E-01   5.210529E-01   4.214899E-01  -1.628299E+01   5.967057E-01  -1.808368E+00        11
   1.151912E+04   5.496760E+05   4.214899E-01   4.214899E-01   5.210529E-01   4.214899E-01  -1.628836E+01   5.953631E-01  -1.808368E+00        11
   1.152012E+04   5.507250E+05   4.214899E-01   4.214899E-01   5.210529E-01   4.214899E-01  -1.629373E+01   5.940217E-01  -1.808368E+00        11
   1.152112E+04   5.517750E+05   4.214899E-01   4.214899E-01   5.210529E-01   4.214899E-01  -1.629909E+01   5.926816E-01  -1.808368E+00        11
   1.152212E+04   5.528260E+05   4.214899E-01   4.214899E-01   5.210529E-01   4.214899E-01  -1.630444E+01   5.913427E-01  -1.808368E+00        11
   1.152312E+04   5.538780E+05   4.214899E-01   4.214899E-01   5.210529E-01   4.214899E-01  -1.630979E+01   5.900052E-01  -1.808368E+00        11
   1.152412E+04   5.549310E+05   4.214899E-01   4.214899E-01   5.210529E-01   4.214899E-01  -1.631514E+01   5.886689E-01  -1.808368E+00        11
   1.152512E+04   5.559850E+05   4.214899E-01   4.214899E-01   5.210529E-01   4.214899E-01  -1.632048E+01   5.873339E-01  -1.808368E+00        11
   1.152612E+04   5.570400E+05   4.214899E-01   4.214899E-01   5.210529E-01   4.214899E-01  -1.632581E+01   5.860001E-01  -1.808368E+00        11
   1.152712E+04   5.580960E+05   4.214899E-01   4.214899E-01   5.210529E-01   4.214899E-01  -1.633114E+01   5.846676E-01  -1.808368E+00        11
   1.152812E+04   5.591530E+05   4.214899E-01   4.214899E-01   5.210529E-01   4.214899E-01  -1.633647E+01   5.833364E-01  -1.808368E+00        11
   1.152912E+04   5.602110E+05   4.214899E-01   4.214899E-01   5.210529E-01   4.214899E-01  -1.634179E+01   5.820064E-01  -1.808368E+00        11
   1.153012E+04   5.612700E+05   4.214899E-01   4.214899E-01   5.210529E-01   4.214899E-01  -1.634710E+01   5.806777E-01  -1.808368E+00        11
   1.153112E+04   5.623300E+05   4.214899E-01   4.214899E-01   5.210529E-01   4.214899E-01  -1.635241E+01   5.793502E-01  -1.808368E+00        11
   1.153212E+04   5.633910E+05   4.214899E-01   4.214899E-01   5.210529E-01   4.214899E-01  -1.635772E+01   5.780240E-01  -1.808368E+00        11
   1.153312E+04   5.644530E+05   4.214899E-01   4.214899E-01   5.210529E-01   4.214899E-01  -1.636302E+01   5.766990E-01  -1.808368E+00        11
   1.153412E+04   5.655160E+05   4.214899E-01   4.214899E-01   5.210529E-01   4.214899E-01  -1.636831E+01   5.753753E-01  -1.808368E+00        11
   1.153512E+04   5.665800E+05   4.214899E-01   4.214899E-01   5.210529E-01   4.214899E-01  -1.637360E+01   5.740528E-01  -1.808368E+00        11
   1.153612E+04   5.676450E+05   4.214899E-01   4.214899E-01   5.210529E-01   4.214899E-01  -1.637889E+01   5.727316E-01  -1.808368E+00        11
   1.153712E+04   5.687110E+05   4.214899E-01   4.214899E-01   5.210529E-01   4.214899E-01  -1.638417E+01   5.714116E-01  -1.808368E+00        11
   1.153812E+04   5.697780E+05   4.214899E-01   4.214899E-01   5.210529E-01   4.214899E-01  -1.638944E+01   5.700928E-01  -1.808368E+00        11
   1.153912E+04   5.708460E+05   4.214899E-01   4.214899E-01   5.210529E-01   4.214899E-01  -1.639471E+01   5.687753E-01  -1.808368E+00        11
   1.154012E+04   5.719150E+05   4.214899E-01   4.214899E-01   5.210529E-01   4.214899E-01  -1.639998E+01   5.674590E-01  -1.808368E+00        11
   1.154112E+04   5.729850E+05   4.214899E-01   4.214899E-01   5.210529E-01   4.214899E-01  -1.640524E+01   5.661440E-01  -1.808368E+00        11
   1.154212E+04   5.740560E+05   4.214899E-01   4.214899E-01   5.210529E-01   4.214899E-01  -1.641049E+01   5.648301E-01  -1.808368E+00        11
   1.154312E+04   5.751280E+05   4.214899E-01   4.214899E-01   5.210529E-01   4.214899E-01  -1.641574E+01   5.635175E-01  -1.808368E+00        11
   1.154412E+04   5.762010E+05   4.214899E-01   4.214899E-01   5.210529E-01   4.214899E-01  -1.642099E+01   5.622062E-01  -1.808368E+00        11
   1.154512E+04   5.772750E+05   4.214899E-01   4.214899E-01   5.210529E-01   4.214899E-01  -1.642623E+01   5.608960E-01  -1.808368E+00        11
   1.154612E+04   5.783500E+05   4.214899E-01   4.214899E-01   5.210529E-01   4.214899E-01  -1.643147E+01   5.595870E-01  -1.808368E+00        11
   1.154712E+04   5.794260E+05   4.214899E-01   4.214899E-01   5.210529E-01   4.214899E-01  -1.643670E+01   5.582793E-01  -1.808368E+00        11
   1.154812E+04   5.805030E+05   4.214899E-01   4.214899E-01   5.210529E-01   4.214899E-01  -1.644192E+01   5.569728E-01  -1.808368E+00        11
   1.154912E+04   5.815810E+05   4.214899E-01   4.214899E-01   5.210529E-01   4.214899E-01  -1.644715E+01   5.556675E-01  -1.808368E+00        11
   1.155012E+04   5.826600E+05   4.214899E-01   4.214899E-01   5.210529E-01   4.214899E-01  -1.645236E+01   5.543634E-01  -1.808368E+00        11
   1.155112E+04   5.837400E+05   4.214899E-01   4.214899E-01   5.210529E-01   4.214899E-01  -1.645757E+01   5.530605E-01  -1.808368E+00        11
   1.155212E+04   5.848210E+05   4.214899E-01   4.214899E-01   5.210529E-01   4.214899E-01  -1.646278E+01   5.517589E-01  -1.808368E+00        11
   1.155312E+04   5.859030E+05   4.214899E-01   4.214899E-01   5.210529E-01   4.214899E-01  -1.646798E+01   5.504584E-01  -1.808368E+00        11
   1.155412E+04   5.869860E+05   4.214899E-01   4.214899E-01   5.210529E-01   4.214899E-01  -1.647318E+01   5.491591E-01  -1.808368E+00        11
   1.155512E+04   5.880700E+05   4.214899E-01   4.214899E-01   5.210529E-01   4.214899E-01  -1.647837E+01   5.478610E-01  -1.808368E+00        11
   1.155612E+04   5.891550E+05   4.214899E-01   4.214899E-01   5.210529E-01   4.214899E-01  -1.648356E+01   5.465641E-01  -1.808368E+00        11
   1.155712E+04   5.902410E+05   4.214899E-01   4.214899E-01   5.210529E-01   4.214899E-01  -1.648874E+01   5.452685E-01  -1.808368E+00        11
   1.155812E+04   5.913280E+05   4.214899E-01   4.214899E-01   5.210529E-01   4.214899E-01  -1.649392E+01   5.439740E-01  -1.808368E+00        11
   1.155912E+04   5.924160E+05   4.214899E-01   4.214899E-01   5.210529E-01   4.214899E-01  -1.649909E+01   5.426807E-01  -1.808368E+00        11
   1.156012E+04   5.935050E+05   4.214899E-01   4.214899E-01   5.210529E-01   4.214899E-01  -1.650426E+01   5.413885E-01  -1.808368E+00        11
   1.156112E+04   5.945950E+05   4.214899E-01   4.214899E-01   5.210529E-01   4.214899E-01  -1.650942E+01   5.400976E-01  -1.808368E+00        11
   1.156212E+04   5.956860E+05   4.214899E-01   4.214899E-01   5.210529E-01   4.214899E-01  -1.651458E+01   5.388079E-01  -1.808368E+00        11
   1.156312E+04   5.967780E+05   4.214899E-01   4.214899E-01   5.210529E-01   4.214899E-01  -1.651974E+01   5.375193E-01  -1.808368E+00        11
   1.156412E+04   5.978710E+05   4.214899E-01   4.214899E-01   5.210529E-01   4.214899E-01  -1.652489E+01   5.362319E-01  -1.808368E+00        11
   1.156512E+04   5.989650E+05   4.214899E-01   4.214899E-01   5.210529E-01   4.214899E-01  -1.653003E+01   5.349457E-01  -1.808368E+00        11
   1.156612E+04   6.000600E+05   4.214899E-01   4.214899E-01   5.210529E-01   4.214899E-01  -1.653517E+01   5.336607E-01  -1.808368E+00        11
   1.156712E+04   6.011560E+05   4.214899E-01   4.214899E-01   5.210529E-01   4.214899E-01  -1.654031E+01   5.323768E-01  -1.808368E+00        11
   1.156812E+04   6.022530E+05   4.214899E-01   4.214899E-01   5.210529E-01   4.214899E-01  -1.654544E+01   5.310941E-01  -1.808368E+00        11
   1.156912E+04   6.033510E+05   4.214899E-01   4.214899E-01   5.210529E-01   4.214899E-01  -1.655056E+01   5.298126E-01  -1.808368E+00        11
   1.157012E+04   6.044500E+05   4.214899E-01   4.214899E-01   5.210529E-01   4.214899E-01  -1.655569E+01   5.285322E-01  -1.808368E+00        11
   1.157112E+04   6.055500E+05   4.214899E-01   4.214899E-01   5.210529E-01   4.214899E-01  -1.656080E+01   5.272530E-01  -1.808368E+00        11
   1.157212E+04   6.066510E+05   4.214899E-01   4.214899E-01   5.210529E-01   4.214899E-01  -1.656592E+01   5.259750E-01  -1.808368E+00        11
   1.157312E+04   6.077530E+05   4.214899E-01   4.214899E-01   5.210529E-01   4.214899E-01  -1.657102E+01   5.246981E-01  -1.808368E+00        11
   1.157412E+04   6.088560E+05   4.214899E-01   4.214899E-01   5.210529E-01   4.214899E-01  -1.657613E+01   5.234224E-01  -1.808368E+00        11
   1.157512E+04   6.099600E+05   4.214899E-01   4.214899E-01   5.210529E-01   4.214899E-01  -1.658122E+01   5.221479E-01  -1.808368E+00        11
   1.157612E+04   6.110650E+05   4.214899E-01   4.214899E-01   5.210529E-01   4.214899E-01  -1.658632E+01   5.208744E-01  -1.808368E+00        11
   1.157712E+04   6.121710E+05   4.214899E-01   4.214899E-01   5.210529E-01   4.214899E-01  -1.659141E+01   5.196022E-01  -1.808368E+00        11
   1.157812E+04   6.132780E+05   4.214899E-01   4.214899E-01   5.210529E-01   4.214899E-01  -1.659649E+01   5.183311E-01  -1.808368E+00        11
   1.157912E+04   6.143860E+05   4.214899E-01   4.214899E-01   5.210529E-01   4.214899E-01  -1.660157E+01   5.170611E-01  -1.808368E+00        11
   1.158012E+04   6.154950E+05   4.214899E-01   4.214899E-01   5.210529E-01   4.214899E-01  -1.660665E+01   5.157923E-01  -1.808368E+00        11
   1.158112E+04   6.166050E+05   4.214899E-01   4.214899E-01   5.210529E-01   4.214899E-01  -1.661172E+01   5.145246E-01  -1.808368E+00        11
   1.158212E+04   6.177160E+05   4.214899E-01   4.214899E-01   5.210529E-01   4.214899E-01  -1.661678E+01   5.132581E-01  -1.808368E+00        11
   1.158312E+04   6.188280E+05   4.214899E-01   4.214899E-01   5.210529E-01   4.214899E-01  -1.662184E+01   5.119927E-01  -1.808368E+00        11
   1.158412E+04   6.199410E+05   4.214899E-01   4.214899E-01   5.210529E-01   4.214899E-01  -1.662690E+01   5.107285E-01  -1.808368E+00        11
   1.158512E+04   6.210550E+05   4.214899E-01   4.214899E-01   5.210529E-01   4.214899E-01  -1.663195E+01   5.094654E-01  -1.808368E+00        11
   1.158612E+04   6.221700E+05   4.214899E-01   4.214899E-01   5.210529E-01   4.214899E-01  -1.663700E+01   5.082034E-01  -1.808368E+00        11
   1.158712E+04   6.232860E+05   4.214899E-01   4.214899E-01   5.210529E-01   4.214899E-01  -1.664205E+01   5.069425E-01  -1.808368E+00        11
   1.158812E+04   6.244030E+05   4.214899E-01   4.214899E-01   5.210529E-01   4.214899E-01  -1.664708E+01   5.056828E-01  -1.808368E+00        11
   1.158912E+04   6.255210E+05   4.214899E-01   4.214899E-01   5.210529E-01   4.214899E-01  -1.665212E+01   5.044242E-01  -1.808368E+00        11
   1.159012E+04   6.266400E+05   4.214899E-01   4.214899E-01   5.210529E-01   4.214899E-01  -1.665715E+01   5.031667E-01  -1.808368E+00        11
   1.159112E+04   6.277600E+05   4.214899E-01   4.214899E-01   5.210529E-01   4.214899E-01  -1.666217E+01   5.019104E-01  -1.808368E+00        11
   1.159212E+04   6.288810E+05   4.214899E-01   4.214899E-01   5.210529E-01   4.214899E-01  -1.666719E+01   5.006551E-01  -1.808368E+00        11
   1.159312E+04   6.300030E+05   4.214899E-01   4.214899E-01   5.210529E-01   4.214899E-01  -1.667221E+01   4.994010E-01  -1.808368E+00        11
   1.159412E+04   6.311260E+05   4.214899E-01   4.214899E-01   5.210529E-01   4.214899E-01  -1.667722E+01   4.981480E-01  -1.808368E+00        11
   1.159512E+04   6.322500E+05   4.214899E-01   4.214899E-01   5.210529E-01   4.214899E-01  -1.668223E+01   4.968961E-01  -1.808368E+00        11
   1.159612E+04   6.333750E+05   4.214899E-01   4.214899E-01   5.210529E-01   4.214899E-01  -1.668723E+01   4.956454E-01  -1.808368E+00        11
   1.159712E+04   6.345010E+05   4.214899E-01   4.214899E-01   5.210529E-01   4.214899E-01  -1.669223E+01   4.943957E-01  -1.808368E+00        11
   1.159812E+04   6.356280E+05   4.214899E-01   4.214899E-01   5.210529E-01   4.214899E-01  -1.669723E+01   4.931472E-01  -1.808368E+00        11
   1.159912E+04   6.367560E+05   4.214899E-01   4.214899E-01   5.210529E-01   4.214899E-01  -1.670222E+01   4.918997E-01  -1.808368E+00        11
   1.160012E+04   6.378850E+05   4.214899E-01   4.214899E-01   5.210529E-01   4.214899E-01  -1.670720E+01   4.906534E-01  -1.808368E+00        11
   1.160112E+04   6.390150E+05   4.214899E-01   4.214899E-01   5.210529E-01   4.214899E-01  -1.671218E+01   4.894082E-01  -1.808368E+00        11
   1.160212E+04   6.401460E+05   4.214899E-01   4.214899E-01   5.210529E-01   4.214899E-01  -1.671716E+01   4.881640E-01  -1.808368E+00        11
   1.160312E+04   6.412780E+05   4.214899E-01   4.214899E-01   5.210529E-01   4.214899E-01  -1.672213E+01   4.869210E-01  -1.808368E+00        11
   1.160412E+04   6.424110E+05   4.214899E-01   4.214899E-01   5.210529E-01   4.214899E-01  -1.672710E+01   4.856790E-01  -1.808368E+00        11
   1.160512E+04   6.435450E+05   4.214899E-01   4.214899E-01   5.210529E-01   4.214899E-01  -1.673206E+01   4.844382E-01  -1.808368E+00        11
   1.160612E+04   6.446800E+05   4.214899E-01   4.214899E-01   5.210529E-01   4.214899E-01  -1.673702E+01   4.831985E-01  -1.808368E+00        11
   1.160712E+04   6.458160E+05   4.214899E-01   4.214899E-01   5.210529E-01   4.214899E-01  -1.674198E+01   4.819598E-01  -1.808368E+00        11
   1.160812E+04   6.469530E+05   4.214899E-01   4.214899E-01   5.210529E-01   4.214899E-01  -1.674693E+01   4.807222E-01  -1.808368E+00        11
   1.160912E+04   6.480910E+05   4.214899E-01   4.214899E-01   5.210529E-01   4.214899E-01  -1.675187E+01   4.794858E-01  -1.808368E+00        11
   1.161012E+04   6.492300E+05   4.214899E-01   4.214899E-01   5.210529E-01   4.214899E-01  -1.675681E+01   4.782504E-01  -1.808368E+00        11
   1.161112E+04   6.503700E+05   4.214899E-01   4.214899E-01   5.210529E-01   4.214899E-01  -1.676175E+01   4.770160E-01  -1.808368E+00        11
   1.161212E+04   6.515110E+05   4.214899E-01   4.214899E-01   5.210529E-01   4.214899E-01  -1.676668E+01   4.757828E-01  -1.808368E+00        11
   1.161312E+04   6.526530E+05   4.214899E-01   4.214899E-01   5.210529E-01   4.214899E-01  -1.677161E+01   4.745507E-01  -1.808368E+00        11
   1.161412E+04   6.537960E+05   4.214899E-01   4.214899E-01   5.210529E-01   4.214899E-01  -1.677654E+01   4.733196E-01  -1.808368E+00        11
   1.161512E+04   6.549400E+05   4.214899E-01   4.214899E-01   5.210529E-01   4.214899E-01  -1.678146E+01   4.720896E-01  -1.808368E+00        11
   1.161612E+04   6.560850E+05   4.214899E-01   4.214899E-01   5.210529E-01   4.214899E-01  -1.678637E+01   4.708607E-01  -1.808368E+00        11
   1.161712E+04   6.572310E+05   4.214899E-01   4.214899E-01   5.210529E-01   4.214899E-01  -1.679128E+01   4.696328E-01  -1.808368E+00        11
   1.161812E+04   6.583780E+05   4.214899E-01   4.214899E-01   5.210529E-01   4.214899E-01  -1.679619E+01   4.684061E-01  -1.808368E+00        11
   1.161912E+04   6.595260E+05   4.214899E-01   4.214899E-01   5.210529E-01   4.214899E-01  -1.680109E+01   4.671803E-01  -1.808368E+00        11
   1.162012E+04   6.606750E+05   4.214899E-01   4.214899E-01   5.210529E-01   4.214899E-01  -1.680599E+01   4.659557E-01  -1.808368E+00        11
   1.162112E+04   6.618250E+05   4.214899E-01   4.214899E-01   5.210529E-01   4.214899E-01  -1.681089E+01   4.647321E-01  -1.808368E+00        11
   1.162212E+04   6.629760E+05   4.214899E-01   4.214899E-01   5.210529E-01   4.214899E-01  -1.681578E+01   4.635096E-01  -1.808368E+00        11
   1.162312E+04   6.641280E+05   4.214899E-01   4.214899E-01   5.210529E-01   4.214899E-01  -1.682066E+01   4.622882E-01  -1.808368E+00        11
   1.162412E+04   6.652810E+05   4.214899E-01   4.214899E-01   5.210529E-01   4.214899E-01  -1.682554E+01   4.610678E-01  -1.808368E+00        11
   1.162512E+04   6.664350E+05   4.214899E-01   4.214899E-01   5.210529E-01   4.214899E-01  -1.683042E+01   4.598484E-01  -1.808368E+00        11
   1.162612E+04   6.675900E+05   4.214899E-01   4.214899E-01   5.210529E-01   4.214899E-01  -1.683529E+01   4.586301E-01  -1.808368E+00        11
   1.162712E+04   6.687460E+05   4.214899E-01   4.214899E-01   5.210529E-01   4.214899E-01  -1.684016E+01   4.574129E-01  -1.808368E+00        11
   1.162812E+04   6.699030E+05   4.214899E-01   4.214899E-01   5.210529E-01   4.214899E-01  -1.684503E+01   4.561967E-01  -1.808368E+00        11
   1.162912E+04   6.710610E+05   4.214899E-01   4.214899E-01   5.210529E-01   4.214899E-01  -1.684989E+01   4.549816E-01  -1.808368E+00        11
   1.163012E+04   6.722200E+05   4.214899E-01   4.214899E-01   5.210529E-01   4.214899E-01  -1.685474E+01   4.537675E-01  -1.808368E+00        11
   1.163112E+04   6.733800E+05   4.214899E-01   4.214899E-01   5.210529E-01   4.214899E-01  -1.685960E+01   4.525545E-01  -1.808368E+00        11
   1.163212E+04   6.745410E+05   4.214899E-01   4.214899E-01   5.210529E-01   4.214899E-01  -1.686444E+01   4.513425E-01  -1.808368E+00        11
   1.163312E+04   6.757030E+05   4.214899E-01   4.214899E-01   5.210529E-01   4.214899E-01  -1.686929E+01   4.501316E-01  -1.808368E+00        11
   1.163412E+04   6.768660E+05   4.214899E-01   4.214899E-01   5.210529E-01   4.214899E-01  -1.687413E+01   4.489217E-01  -1.808368E+00        11
   1.163512E+04   6.780300E+05   4.214899E-01   4.214899E-01   5.210529E-01   4.214899E-01  -1.687896E+01   4.477128E-01  -1.808368E+00        11
   1.163612E+04   6.791950E+05   4.214899E-01   4.214899E-01   5.210529E-01   4.214899E-01  -1.688380E+01   4.465050E-01  -1.808368E+00        11
   1.163712E+04   6.803610E+05   4.214899E-01   4.214899E-01   5.210529E-01   4.214899E-01  -1.688862E+01   4.452982E-01  -1.808368E+00        11
   1.163812E+04   6.815280E+05   4.214899E-01   4.214899E-01   5.210529E-01   4.214899E-01  -1.689345E+01   4.440925E-01  -1.808368E+00        11
   1.163912E+04   6.826960E+05   4.214899E-01   4.214899E-01   5.210529E-01   4.214899E-01  -1.689826E+01   4.428877E-01  -1.808368E+00        11
   1.164012E+04   6.838650E+05   4.214899E-01   4.214899E-01   5.210529E-01   4.214899E-01  -1.690308E+01   4.416841E-01  -1.808368E+00        11
   1.164112E+04   6.850350E+05   4.214899E-01   4.214899E-01   5.210529E-01   4.214899E-01  -1.690789E+01   4.404814E-01  -1.808368E+00        11
   1.164212E+04   6.862060E+05   4.214899E-01   4.214899E-01   5.210529E-01   4.214899E-01  -1.691270E+01   4.392798E-01  -1.808368E+00        11
   1.164312E+04   6.873780E+05   4.214899E-01   4.214899E-01   5.210529E-01   4.214899E-01  -1.691750E+01   4.380791E-01  -1.808368E+00        11
   1.164412E+04   6.885510E+05   4.214899E-01   4.214899E-01   5.210529E-01   4.214899E-01  -1.692230E+01   4.368796E-01  -1.808368E+00        11
   1.164512E+04   6.897250E+05   4.214899E-01   4.214899E-01   5.210529E-01   4.214899E-01  -1.692709E+01   4.356810E-01  -1.808368E+00        11
   1.164612E+04   6.909000E+05   4.214899E-01   4.214899E-01   5.210529E-01   4.214899E-01  -1.693188E+01   4.344835E-01  -1.808368E+00        11
   1.164712E+04   6.920760E+05   4.214899E-01   4.214899E-01   5.210529E-01   4.214899E-01  -1.693667E+01   4.332869E-01  -1.808368E+00        11
   1.164812E+04   6.932530E+05   4.214899E-01   4.214899E-01   5.210529E-01   4.214899E-01  -1.694145E+01   4.320914E-01  -1.808368E+00        11
   1.164912E+04   6.944310E+05   4.214899E-01   4.214899E-01   5.210529E-01   4.214899E-01  -1.694623E+01   4.308969E-01  -1.808368E+00        11
   1.165012E+04   6.956100E+05   4.214899E-01   4.214899E-01   5.210529E-01   4.214899E-01  -1.695100E+01   4.297034E-01  -1.808368E+00        11
   1.165112E+04   6.967900E+05   4.214899E-01   4.214899E-01   5.210529E-01   4.214899E-01  -1.695577E+01   4.285110E-01  -1.808368E+00        11
   1.165212E+04   6.979710E+05   4.214899E-01   4.214899E-01   5.210529E-01   4.214899E-01  -1.696054E+01   4.273195E-01  -1.808368E+00        11
   1.165312E+04   6.991530E+05   4.214899E-01   4.214899E-01   5.210529E-01   4.214899E-01  -1.696530E+01   4.261291E-01  -1.808368E+00        11
   1.165412E+04   7.003360E+05   4.214899E-01   4.214899E-01   5.210529E-01   4.214899E-01  -1.697006E+01   4.249396E-01  -1.808368E+00        11
   1.165512E+04   7.015200E+05   4.214899E-01   4.214899E-01   5.210529E-01   4.214899E-01  -1.697481E+01   4.237512E-01  -1.808368E+00        11
   1.165612E+04   7.027050E+05   4.214899E-01   4.214899E-01   5.210529E-01   4.214899E-01  -1.697956E+01   4.225637E-01  -1.808368E+00        11
   1.165712E+04   7.038910E+05   4.214899E-01   4.214899E-01   5.210529E-01   4.214899E-01  -1.698431E+01   4.213773E-01  -1.808368E+00        11
   1.165812E+04   7.050780E+05   4.214899E-01   4.214899E-01   5.210529E-01   4.214899E-01  -1.698905E+01   4.201919E-01  -1.808368E+00        11
   1.165912E+04   7.062660E+05   4.214899E-01   4.214899E-01   5.210529E-01   4.214899E-01  -1.699379E+01   4.190074E-01  -1.808368E+00        11
   1.166012E+04   7.074550E+05   4.214899E-01   4.214899E-01   5.210529E-01   4.214899E-01  -1.699852E+01   4.178240E-01  -1.808368E+00        11
   1.166112E+04   7.086450E+05   4.214899E-01   4.214899E-01   5.210529E-01   4.214899E-01  -1.700325E+01   4.166415E-01  -1.808368E+00        11
   1.166212E+04   7.098360E+05   4.214899E-01   4.214899E-01   5.210529E-01   4.214899E-01  -1.700797E+01   4.154601E-01  -1.808368E+00        11
   1.166312E+04   7.110280E+05   4.214899E-01   4.214899E-01   5.210529E-01   4.214899E-01  -1.701270E+01   4.142796E-01  -1.808368E+00        11
   1.166412E+04   7.122210E+05   4.214899E-01   4.214899E-01   5.210529E-01   4.214899E-01  -1.701741E+01   4.131001E-01  -1.808368E+00        11
   1.166512E+04   7.134150E+05   4.214899E-01   4.214899E-01   5.210529E-01   4.214899E-01  -1.702213E+01   4.119216E-01  -1.808368E+00        11
   1.166612E+04   7.146100E+05   4.214899E-01   4.214899E-01   5.210529E-01   4.214899E-01  -1.702684E+01   4.107441E-01  -1.808368E+00        11
   1.166712E+04   7.158060E+05   4.214899E-01   4.214899E-01   5.210529E-01   4.214899E-01  -1.703154E+01   4.095676E-01  -1.808368E+00        11
   1.166812E+04   7.170030E+05   4.214899E-01   4.214899E-01   5.210529E-01   4.214899E-01  -1.703625E+01   4.083921E-01  -1.808368E+00        11
   1.166912E+04   7.182010E+05   4.214899E-01   4.214899E-01   5.210529E-01   4.214899E-01  -1.704094E+01   4.072175E-01  -1.808368E+00        11
   1.167012E+04   7.194000E+05   4.214899E-01   4.214899E-01   5.210529E-01   4.214899E-01  -1.704564E+01   4.060440E-01  -1.808368E+00        11
   1.167112E+04   7.206000E+05   4.214899E-01   4.214899E-01   5.210529E-01   4.214899E-01  -1.705033E+01   4.048714E-01  -1.808368E+00        11
   1.167212E+04   7.218010E+05   4.214899E-01   4.214899E-01   5.210529E-01   4.214899E-01  -1.705502E+01   4.036998E-01  -1.808368E+00        11
   1.167312E+04   7.230030E+05   4.214899E-01   4.214899E-01   5.210529E-01   4.214899E-01  -1.705970E+01   4.025291E-01  -1.808368E+00        11
   1.167412E+04   7.242060E+05   4.214899E-01   4.214899E-01   5.210529E-01   4.214899E-01  -1.706438E+01   4.013594E-01  -1.808368E+00        11
   1.167512E+04   7.254100E+05   4.214899E-01   4.214899E-01   5.210529E-01   4.214899E-01  -1.706905E+01   4.001907E-01  -1.808368E+00        11
   1.167612E+04   7.266150E+05   4.214899E-01   4.214899E-01   5.210529E-01   4.214899E-01  -1.707372E+01   3.990230E-01  -1.808368E+00        11
   1.167712E+04   7.278210E+05   4.214899E-01   4.214899E-01   5.210529E-01   4.214899E-01  -1.707839E+01   3.978562E-01  -1.808368E+00        11
   1.167812E+04   7.290280E+05   4.214899E-01   4.214899E-01   5.210529E-01   4.214899E-01  -1.708305E+01   3.966905E-01  -1.808368E+00        11
   1.167912E+04   7.302360E+05   4.214899E-01   4.214899E-01   5.210529E-01   4.214899E-01  -1.708771E+01   3.955256E-01  -1.808368E+00        11
   1.168012E+04   7.314450E+05   4.214899E-01   4.214899E-01   5.210529E-01   4.214899E-01  -1.709237E+01   3.943618E-01  -1.808368E+00        11
   1.168112E+04   7.326550E+05   4.214899E-01   4.214899E-01   5.210529E-01   4.214899E-01  -1.709702E+01   3.931989E-01  -1.808368E+00        11
   1.168212E+04   7.338660E+05   4.214899E-01   4.214899E-01   5.210529E-01   4.214899E-01  -1.710167E+01   3.920369E-01  -1.808368E+00        11
   1.168312E+04   7.350780E+05   4.214899E-01   4.214899E-01   5.210529E-01   4.214899E-01  -1.710631E+01   3.908759E-01  -1.808368E+00        11
   1.168412E+04   7.362910E+05   4.214899E-01   4.214899E-01   5.210529E-01   4.214899E-01  -1.711095E+01   3.897159E-01  -1.808368E+00        11
   1.168512E+04   7.375050E+05   4.214899E-01   4.214899E-01   5.210529E-01   4.214899E-01  -1.711559E+01   3.885568E-01  -1.808368E+00        11
   1.168612E+04   7.387200E+05   4.214899E-01   4.214899E-01   5.210529E-01   4.214899E-01  -1.712022E+01   3.873987E-01  -1.808368E+00        11
   1.168712E+04   7.399360E+05   4.214899E-01   4.214899E-01   5.210529E-01   4.214899E-01  -1.712485E+01   3.862415E-01  -1.808368E+00        11
   1.168812E+04   7.411530E+05   4.214899E-01   4.214899E-01   5.210529E-01   4.214899E-01  -1.712947E+01   3.850853E-01  -1.808368E+00        11
   1.168912E+04   7.423710E+05   4.214899E-01   4.214899E-01   5.210529E-01   4.214899E-01  -1.713409E+01   3.839301E-01  -1.808368E+00        11
   1.169012E+04   7.435900E+05   4.214899E-01   4.214899E-01   5.210529E-01   4.214899E-01  -1.713871E+01   3.827757E-01  -1.808368E+00        11
   1.169112E+04   7.448100E+05   4.214899E-01   4.214899E-01   5.210529E-01   4.214899E-01  -1.714333E+01   3.816224E-01  -1.808368E+00        11
   1.169212E+04   7.460310E+05   4.214899E-01   4.214899E-01   5.210529E-01   4.214899E-01  -1.714794E+01   3.804699E-01  -1.808368E+00        11
   1.169312E+04   7.472530E+05   4.214899E-01   4.214899E-01   5.210529E-01   4.214899E-01  -1.715254E+01   3.793185E-01  -1.808368E+00        11
   1.169412E+04   7.484760E+05   4.214899E-01   4.214899E-01   5.210529E-01   4.214899E-01  -1.715714E+01   3.781679E-01  -1.808368E+00        11
   1.169512E+04   7.497000E+05   4.214899E-01   4.214899E-01   5.210529E-01   4.214899E-01  -1.716174E+01   3.770183E-01  -1.808368E+00        11
   1.169612E+04   7.509250E+05   4.214899E-01   4.214899E-01   5.210529E-01   4.214899E-01  -1.716634E+01   3.758696E-01  -1.808368E+00        11
   1.169712E+04   7.521510E+05   4.214899E-01   4.214899E-01   5.210529E-01   4.214899E-01  -1.717093E+01   3.747219E-01  -1.808368E+00        11
   1.169812E+04   7.533780E+05   4.214899E-01   4.214899E-01   5.210529E-01   4.214899E-01  -1.717551E+01   3.735751E-01  -1.808368E+00        11
   1.169912E+04   7.546060E+05   4.214899E-01   4.214899E-01   5.210529E-01   4.214899E-01  -1.718010E+01   3.724293E-01  -1.808368E+00        11
   1.170012E+04   7.558350E+05   4.214899E-01   4.214899E-01   5.210529E-01   4.214899E-01  -1.718468E+01   3.712843E-01  -1.808368E+00        11
   1.170112E+04   7.570650E+05   4.214899E-01   4.214899E-01   5.210529E-01   4.214899E-01  -1.718925E+01   3.701403E-01  -1.808368E+00        11
   1.170212E+04   7.582960E+05   4.214899E-01   4.214899E-01   5.210529E-01   4.214899E-01  -1.719383E+01   3.689973E-01  -1.808368E+00        11
   1.170312E+04   7.595280E+05   4.214899E-01   4.214899E-01   5.210529E-01   4.214899E-01  -1.719839E+01   3.678551E-01  -1.808368E+00        11
   1.170412E+04   7.607610E+05   4.214899E-01   4.214899E-01   5.210529E-01   4.214899E-01  -1.720296E+01   3.667139E-01  -1.808368E+00        11
   1.170512E+04   7.619950E+05   4.214899E-01   4.214899E-01   5.210529E-01   4.214899E-01  -1.720752E+01   3.655736E-01  -1.808368E+00        11
   1.170612E+04   7.632300E+05   4.214899E-01   4.214899E-01   5.210529E-01   4.214899E-01  -1.721208E+01   3.644343E-01  -1.808368E+00        11
   1.170712E+04   7.644660E+05   4.214899E-01   4.214899E-01   5.210529E-01   4.214899E-01  -1.721663E+01   3.632958E-01  -1.808368E+00        11
   1.170812E+04   7.657030E+05   4.214899E-01   4.214899E-01   5.210529E-01   4.214899E-01  -1.722118E+01   3.621583E-01  -1.808368E+00        11
   1.170912E+04   7.669410E+05   4.214899E-01   4.214899E-01   5.210529E-01   4.214899E-01  -1.722573E+01   3.610217E-01  -1.808368E+00        11
   1.171012E+04   7.681800E+05   4.214899E-01   4.214899E-01   5.210529E-01   4.214899E-01  -1.723027E+01   3.598860E-01  -1.808368E+00        11
   1.171112E+04   7.694200E+05   4.214899E-01   4.214899E-01   5.210529E-01   4.214899E-01  -1.723481E+01   3.587513E-01  -1.808368E+00        11
   1.171212E+04   7.706610E+05   4.214899E-01   4.214899E-01   5.210529E-01   4.214899E-01  -1.723935E+01   3.576174E-01  -1.808368E+00        11
   1.171312E+04   7.719030E+05   4.214899E-01   4.214899E-01   5.210529E-01   4.214899E-01  -1.724388E+01   3.564845E-01  -1.808368E+00        11
   1.171412E+04   7.731460E+05   4.214899E-01   4.214899E-01   5.210529E-01   4.214899E-01  -1.724841E+01   3.553524E-01  -1.808368E+00        11
   1.171512E+04   7.743900E+05   4.214899E-01   4.214899E-01   5.210529E-01   4.214899E-01  -1.725293E+01   3.542213E-01  -1.808368E+00        11
   1.171612E+04   7.756350E+05   4.214899E-01   4.214899E-01   5.210529E-01   4.214899E-01  -1.725745E+01   3.530911E-01  -1.808368E+00        11
   1.171712E+04   7.768810E+05   4.214899E-01   4.214899E-01   5.210529E-01   4.214899E-01  -1.726197E+01   3.519618E-01  -1.808368E+00        11
   1.171812E+04   7.781280E+05   4.214899E-01   4.214899E-01   5.210529E-01   4.214899E-01  -1.726648E+01   3.508334E-01  -1.808368E+00        11
   1.171912E+04   7.793760E+05   4.214899E-01   4.214899E-01   5.210529E-01   4.214899E-01  -1.727099E+01   3.497059E-01  -1.808368E+00        11
   1.172012E+04   7.806250E+05   4.214899E-01   4.214899E-01   5.210529E-01   4.214899E-01  -1.727550E+01   3.485793E-01  -1.808368E+00        11
   1.172112E+04   7.818750E+05   4.214899E-01   4.214899E-01   5.210529E-01   4.214899E-01  -1.728000E+01   3.474536E-01  -1.808368E+00        11
   1.172212E+04   7.831260E+05   4.214899E-01   4.214899E-01   5.210529E-01   4.214899E-01  -1.728450E+01   3.463288E-01  -1.808368E+00        11
   1.172312E+04   7.843780E+05   4.214899E-01   4.214899E-01   5.210529E-01   4.214899E-01  -1.728900E+01   3.452049E-01  -1.808368E+00        11
   1.172412E+04   7.856310E+05   4.214899E-01   4.214899E-01   5.210529E-01   4.214899E-01  -1.729349E+01   3.440819E-01  -1.808368E+00        11
   1.172512E+04   7.868850E+05   4.214899E-01   4.214899E-01   5.210529E-01   4.214899E-01  -1.729798E+01   3.429598E-01  -1.808368E+00        11
   1.172612E+04   7.881400E+05   4.214899E-01   4.214899E-01   5.210529E-01   4.214899E-01  -1.730246E+01   3.418386E-01  -1.808368E+00        11
   1.172712E+04   7.893960E+05   4.214899E-01   4.214899E-01   5.210529E-01   4.214899E-01  -1.730694E+01   3.407183E-01  -1.808368E+00        11
   1.172812E+04   7.906530E+05   4.214899E-01   4.214899E-01   5.210529E-01   4.214899E-01  -1.731142E+01   3.395989E-01  -1.808368E+00        11
   1.172912E+04   7.919110E+05   4.214899E-01   4.214899E-01   5.210529E-01   4.214899E-01  -1.731589E+01   3.384803E-01  -1.808368E+00        11
   1.173012E+04   7.931700E+05   4.214899E-01   4.214899E-01   5.210529E-01   4.214899E-01  -1.732036E+01   3.373627E-01  -1.808368E+00        11
   1.173112E+04   7.944300E+05   4.214899E-01   4.214899E-01   5.210529E-01   4.214899E-01  -1.732483E+01   3.362459E-01  -1.808368E+00        11
   1.173212E+04   7.956910E+05   4.214899E-01   4.214899E-01   5.210529E-01   4.214899E-01  -1.732929E+01   3.351301E-01  -1.808368E+00        11
   1.173312E+04   7.969530E+05   4.214899E-01   4.214899E-01   5.210529E-01   4.214899E-01  -1.733375E+01   3.340151E-01  -1.808368E+00        11
   1.173412E+04   7.982160E+05   4.214899E-01   4.214899E-01   5.210529E-01   4.214899E-01  -1.733821E+01   3.329010E-01  -1.808368E+00        11
   1.173512E+04   7.994800E+05   4.214899E-01   4.214899E-01   5.210529E-01   4.214899E-01  -1.734266E+01   3.317878E-01  -1.808368E+00        11
   1.173612E+04   8.007450E+05   4.214899E-01   4.214899E-01   5.210529E-01   4.214899E-01  -1.734711E+01   3.306754E-01  -1.808368E+00        11
   1.173712E+04   8.020110E+05   4.214899E-01   4.214899E-01   5.210529E-01   4.214899E-01  -1.735156E+01   3.295640E-01  -1.808368E+00        11
   1.173812E+04   8.032780E+05   4.214899E-01   4.214899E-01   5.210529E-01   4.214899E-01  -1.735600E+01   3.284534E-01  -1.808368E+00        11
   1.173912E+04   8.045460E+05   4.214899E-01   4.214899E-01   5.210529E-01   4.214899E-01  -1.736044E+01   3.273437E-01  -1.808368E+00        11
   1.174012E+04   8.058150E+05   4.214899E-01   4.214899E-01   5.210529E-01   4.214899E-01  -1.736488E+01   3.262348E-01  -1.808368E+00        11
   1.174112E+04   8.070850E+05   4.214899E-01   4.214899E-01   5.210529E-01   4.214899E-01  -1.736931E+01   3.251269E-01  -1.808368E+00        11
   1.174212E+04   8.083560E+05   4.214899E-01   4.214899E-01   5.210529E-01   4.214899E-01  -1.737374E+01   3.240198E-01  -1.808368E+00        11
   1.174312E+04   8.096280E+05   4.214899E-01   4.214899E-01   5.210529E-01   4.214899E-01  -1.737816E+01   3.229135E-01  -1.808368E+00        11
   1.174412E+04   8.109010E+05   4.214899E-01   4.214899E-01   5.210529E-01   4.214899E-01  -1.738258E+01   3.218082E-01  -1.808368E+00        11
   1.174512E+04   8.121750E+05   4.214899E-01   4.214899E-01   5.210529E-01   4.214899E-01  -1.738700E+01   3.207037E-01  -1.808368E+00        11
   1.174612E+04   8.134500E+05   4.214899E-01   4.214899E-01   5.210529E-01   4.214899E-01  -1.739141E+01   3.196001E-01  -1.808368E+00        11
   1.174712E+04   8.147260E+05   4.214899E-01   4.214899E-01   5.210529E-01   4.214899E-01  -1.739583E+01   3.184973E-01  -1.808368E+00        11
   1.174812E+04   8.160030E+05   4.214899E-01   4.214899E-01   5.210529E-01   4.214899E-01  -1.740023E+01   3.173954E-01  -1.808368E+00        11
   1.174912E+04   8.172810E+05   4.214899E-01   4.214899E-01   5.210529E-01   4.214899E-01  -1.740464E+01   3.162944E-01  -1.808368E+00        11
   1.175012E+04   8.185600E+05   4.214899E-01   4.214899E-01   5.210529E-01   4.214899E-01  -1.740904E+01   3.151942E-01  -1.808368E+00        11
   1.175112E+04   8.198400E+05   4.214899E-01   4.214899E-01   5.210529E-01   4.214899E-01  -1.741344E+01   3.140949E-01  -1.808368E+00        11
   1.175212E+04   8.211210E+05   4.214899E-01   4.214899E-01   5.210529E-01   4.214899E-01  -1.741783E+01   3.129965E-01  -1.808368E+00        11
   1.175312E+04   8.224030E+05   4.214899E-01   4.214899E-01   5.210529E-01   4.214899E-01  -1.742222E+01   3.118989E-01  -1.808368E+00        11
   1.175412E+04   8.236860E+05   4.214899E-01   4.214899E-01   5.210529E-01   4.214899E-01  -1.742661E+01   3.108022E-01  -1.808368E+00        11
   1.175512E+04   8.249700E+05   4.214899E-01   4.214899E-01   5.210529E-01   4.214899E-01  -1.743099E+01   3.097063E-01  -1.808368E+00        11
   1.175612E+04   8.262550E+05   4.214899E-01   4.214899E-01   5.210529E-01   4.214899E-01  -1.743537E+01   3.086112E-01  -1.808368E+00        11
   1.175712E+04   8.275410E+05   4.214899E-01   4.214899E-01   5.210529E-01   4.214899E-01  -1.743975E+01   3.075171E-01  -1.808368E+00        11
   1.175812E+04   8.288280E+05   4.214899E-01   4.214899E-01   5.210529E-01   4.214899E-01  -1.744412E+01   3.064237E-01  -1.808368E+00        11
   1.175912E+04   8.301160E+05   4.214899E-01   4.214899E-01   5.210529E-01   4.214899E-01  -1.744849E+01   3.053312E-01  -1.808368E+00        11
   1.176012E+04   8.314050E+05   4.214899E-01   4.214899E-01   5.210529E-01   4.214899E-01  -1.745286E+01   3.042396E-01  -1.808368E+00        11
   1.176112E+04   8.326950E+05   4.214899E-01   4.214899E-01   5.210529E-01   4.214899E-01  -1.745722E+01   3.031488E-01  -1.808368E+00        11
   1.176212E+04   8.339860E+05   4.214899E-01   4.214899E-01   5.210529E-01   4.214899E-01  -1.746158E+01   3.020589E-01  -1.808368E+00        11
   1.176312E+04   8.352780E+05   4.214899E-01   4.214899E-01   5.210529E-01   4.214899E-01  -1.746594E+01   3.009698E-01  -1.808368E+00        11
   1.176412E+04   8.365710E+05   4.214899E-01   4.214899E-01   5.210529E-01   4.214899E-01  -1.747029E+01   2.998815E-01  -1.808368E+00        11
   1.176512E+04   8.378650E+05   4.214899E-01   4.214899E-01   5.210529E-01   4.214899E-01  -1.747464E+01   2.987941E-01  -1.808368E+00        11
   1.176612E+04   8.391600E+05   4.214899E-01   4.214899E-01   5.210529E-01   4.214899E-01  -1.747898E+01   2.977075E-01  -1.808368E+00        11
   1.176712E+04   8.404560E+05   4.214899E-01   4.214899E-01   5.210529E-01   4.214899E-01  -1.748333E+01   2.966218E-01  -1.808368E+00        11
   1.176812E+04   8.417530E+05   4.214899E-01   4.214899E-01   5.210529E-01   4.214899E-01  -1.748767E+01   2.955369E-01  -1.808368E+00        11
   1.176912E+04   8.430510E+05   4.214899E-01   4.214899E-01   5.210529E-01   4.214899E-01  -1.749200E+01   2.944528E-01  -1.808368E+00        11
   1.177012E+04   8.443500E+05   4.214899E-01   4.214899E-01   5.210529E-01   4.214899E-01  -1.749634E+01   2.933696E-01  -1.808368E+00        11
   1.177112E+04   8.456500E+05   4.214899E-01   4.214899E-01   5.210529E-01   4.214899E-01  -1.750067E+01   2.922872E-01  -1.808368E+00        11
   1.177212E+04   8.469510E+05   4.214899E-01   4.214899E-01   5.210529E-01   4.214899E-01  -1.750499E+01   2.912057E-01  -1.808368E+00        11
   1.177312E+04   8.482530E+05   4.214899E-01   4.214899E-01   5.210529E-01   4.214899E-01  -1.750932E+01   2.901249E-01  -1.808368E+00        11
   1.177412E+04   8.495560E+05   4.214899E-01   4.214899E-01   5.210529E-01   4.214899E-01  -1.751363E+01   2.890450E-01  -1.808368E+00        11
   1.177512E+04   8.508600E+05   4.214899E-01   4.214899E-01   5.210529E-01   4.214899E-01  -1.751795E+01   2.879659E-01  -1.808368E+00        11
   1.177612E+04   8.521650E+05   4.214899E-01   4.214899E-01   5.210529E-01   4.214899E-01  -1.752226E+01   2.868877E-01  -1.808368E+00        11
   1.177712E+04   8.534710E+05   4.214899E-01   4.214899E-01   5.210529E-01   4.214899E-01  -1.752657E+01   2.858103E-01  -1.808368E+00        11
   1.177812E+04   8.547780E+05   4.214899E-01   4.214899E-01   5.210529E-01   4.214899E-01  -1.753088E+01   2.847337E-01  -1.808368E+00        11
   1.177912E+04   8.560860E+05   4.214899E-01   4.214899E-01   5.210529E-01   4.214899E-01  -1.753518E+01   2.836579E-01  -1.808368E+00        11
   1.178012E+04   8.573950E+05   4.214899E-01   4.214899E-01   5.210529E-01   4.214899E-01  -1.753948E+01   2.825829E-01  -1.808368E+00        11
   1.178112E+04   8.587050E+05   4.214899E-01   4.214899E-01   5.210529E-01   4.214899E-01  -1.754378E+01   2.815088E-01  -1.808368E+00        11
   1.178212E+04   8.600160E+05   4.214899E-01   4.214899E-01   5.210529E-01   4.214899E-01  -1.754807E+01   2.804355E-01  -1.808368E+00        11
   1.178312E+04   8.613280E+05   4.214899E-01   4.214899E-01   5.210529E-01   4.214899E-01  -1.755236E+01   2.793630E-01  -1.808368E+00        11
   1.178412E+04   8.626410E+05   4.214899E-01   4.214899E-01   5.210529E-01   4.214899E-01  -1.755665E+01   2.782913E-01  -1.808368E+00        11
   1.178512E+04   8.639550E+05   4.214899E-01   4.214899E-01   5.210529E-01   4.214899E-01  -1.756093E+01   2.772205E-01  -1.808368E+00        11
   1.178612E+04   8.652700E+05   4.214899E-01   4.214899E-01   5.210529E-01   4.214899E-01  -1.756521E+01   2.761504E-01  -1.808368E+00        11
   1.178712E+04   8.665860E+05   4.214899E-01   4.214899E-01   5.210529E-01   4.214899E-01  -1.756949E+01   2.750812E-01  -1.808368E+00        11
   1.178812E+04   8.679030E+05   4.214899E-01   4.214899E-01   5.210529E-01   4.214899E-01  -1.757376E+01   2.740128E-01  -1.808368E+00        11
   1.178912E+04   8.692210E+05   4.214899E-01   4.214899E-01   5.210529E-01   4.214899E-01  -1.757803E+01   2.729451E-01  -1.808368E+00        11
   1.179012E+04   8.705400E+05   4.214899E-01   4.214899E-01   5.210529E-01   4.214899E-01  -1.758230E+01   2.718783E-01  -1.808368E+00        11
   1.179112E+04   8.718600E+05   4.214899E-01   4.214899E-01   5.210529E-01   4.214899E-01  -1.758657E+01   2.708123E-01  -1.808368E+00        11
   1.179212E+04   8.731810E+05   4.214899E-01   4.214899E-01   5.210529E-01   4.214899E-01  -1.759083E+01   2.697472E-01  -1.808368E+00        11
   1.179312E+04   8.745030E+05   4.214899E-01   4.214899E-01   5.210529E-01   4.214899E-01  -1.759508E+01   2.686828E-01  -1.808368E+00        11
   1.179412E+04   8.758260E+05   4.214899E-01   4.214899E-01   5.210529E-01   4.214899E-01  -1.759934E+01   2.676192E-01  -1.808368E+00        11
   1.179512E+04   8.771500E+05   4.214899E-01   4.214899E-01   5.210529E-01   4.214899E-01  -1.760359E+01   2.665564E-01  -1.808368E+00        11
   1.179612E+04   8.784750E+05   4.214899E-01   4.214899E-01   5.210529E-01   4.214899E-01  -1.760784E+01   2.654944E-01  -1.808368E+00        11
   1.179712E+04   8.798010E+05   4.214899E-01   4.214899E-01   5.210529E-01   4.214899E-01  -1.761208E+01   2.644333E-01  -1.808368E+00        11
   1.179812E+04   8.811280E+05   4.214899E-01   4.214899E-01   5.210529E-01   4.214899E-01  -1.761632E+01   2.633729E-01  -1.808368E+00        11
   1.179912E+04   8.824560E+05   4.214899E-01   4.214899E-01   5.210529E-01   4.214899E-01  -1.762056E+01   2.623133E-01  -1.808368E+00        11
   1.180012E+04   8.837850E+05   4.214899E-01   4.214899E-01   5.210529E-01   4.214899E-01  -1.762480E+01   2.612546E-01  -1.808368E+00        11
   1.180112E+04   8.851150E+05   4.214899E-01   4.214899E-01   5.210529E-01   4.214899E-01  -1.762903E+01   2.601966E-01  -1.808368E+00        11
   1.180212E+04   8.864460E+05   4.214899E-01   4.214899E-01   5.210529E-01   4.214899E-01  -1.763326E+01   2.591394E-01  -1.808368E+00        11
   1.180312E+04   8.877780E+05   4.214899E-01   4.214899E-01   5.210529E-01   4.214899E-01  -1.763748E+01   2.580830E-01  -1.808368E+00        11
   1.180412E+04   8.891110E+05   4.214899E-01   4.214899E-01   5.210529E-01   4.214899E-01  -1.764171E+01   2.570274E-01  -1.808368E+00        11
   1.180512E+04   8.904450E+05   4.214899E-01   4.214899E-01   5.210529E-01   4.214899E-01  -1.764592E+01   2.559726E-01  -1.808368E+00        11
   1.180612E+04   8.917800E+05   4.214899E-01   4.214899E-01   5.210529E-01   4.214899E-01  -1.765014E+01   2.549186E-01  -1.808368E+00        11
   1.180712E+04   8.931160E+05   4.214899E-01   4.214899E-01   5.210529E-01   4.214899E-01  -1.765435E+01   2.538653E-01  -1.808368E+00        11
   1.180812E+04   8.944530E+05   4.214899E-01   4.214899E-01   5.210529E-01   4.214899E-01  -1.765856E+01   2.528129E-01  -1.808368E+00        11
   1.180912E+04   8.957910E+05   4.214899E-01   4.214899E-01   5.210529E-01   4.214899E-01  -1.766277E+01   2.517612E-01  -1.808368E+00        11
   1.181012E+04   8.971300E+05   4.214899E-01   4.214899E-01   5.210529E-01   4.214899E-01  -1.766697E+01   2.507104E-01  -1.808368E+00        11
   1.181112E+04   8.984700E+05   4.214899E-01   4.214899E-01   5.210529E-01   4.214899E-01  -1.767117E+01   2.496603E-01  -1.808368E+00        11
   1.181212E+04   8.998110E+05   4.214899E-01   4.214899E-01   5.210529E-01   4.214899E-01  -1.767537E+01   2.486110E-01  -1.808368E+00        11
   1.181312E+04   9.011530E+05   4.214899E-01   4.214899E-01   5.210529E-01   4.214899E-01  -1.767957E+01   2.475625E-01  -1.808368E+00        11
   1.181412E+04   9.024960E+05   4.214899E-01   4.214899E-01   5.210529E-01   4.214899E-01  -1.768376E+01   2.465147E-01  -1.808368E+00        11
   1.181512E+04   9.038400E+05   4.214899E-01   4.214899E-01   5.210529E-01   4.214899E-01  -1.768794E+01   2.454678E-01  -1.808368E+00        11
   1.181612E+04   9.051850E+05   4.214899E-01   4.214899E-01   5.210529E-01   4.214899E-01  -1.769213E+01   2.444216E-01  -1.808368E+00        11
   1.181712E+04   9.065310E+05   4.214899E-01   4.214899E-01   5.210529E-01   4.214899E-01  -1.769631E+01   2.433762E-01  -1.808368E+00        11
   1.181812E+04   9.078780E+05   4.214899E-01   4.214899E-01   5.210529E-01   4.214899E-01  -1.770049E+01   2.423316E-01  -1.808368E+00        11
   1.181912E+04   9.092260E+05   4.214899E-01   4.214899E-01   5.210529E-01   4.214899E-01  -1.770466E+01   2.412877E-01  -1.808368E+00        11
   1.182012E+04   9.105750E+05   4.214899E-01   4.214899E-01   5.210529E-01   4.214899E-01  -1.770884E+01   2.402446E-01  -1.808368E+00        11
   1.182112E+04   9.119250E+05   4.214899E-01   4.214899E-01   5.210529E-01   4.214899E-01  -1.771301E+01   2.392023E-01  -1.808368E+00        11
   1.182212E+04   9.132760E+05   4.214899E-01   4.214899E-01   5.210529E-01   4.214899E-01  -1.771717E+01   2.381608E-01  -1.808368E+00        11
   1.182312E+04   9.146280E+05   4.214899E-01   4.214899E-01   5.210529E-01   4.214899E-01  -1.772134E+01   2.371200E-01  -1.808368E+00        11
   1.182412E+04   9.159810E+05   4.214899E-01   4.214899E-01   5.210529E-01   4.214899E-01  -1.772550E+01   2.360800E-01  -1.808368E+00        11
   1.182512E+04   9.173350E+05   4.214899E-01   4.214899E-01   5.210529E-01   4.214899E-01  -1.772965E+01   2.350408E-01  -1.808368E+00        11
   1.182612E+04   9.186900E+05   4.214899E-01   4.214899E-01   5.210529E-01   4.214899E-01  -1.773381E+01   2.340023E-01  -1.808368E+00        11
   1.182712E+04   9.200460E+05   4.214899E-01   4.214899E-01   5.210529E-01   4.214899E-01  -1.773796E+01   2.329646E-01  -1.808368E+00        11
   1.182812E+04   9.214030E+05   4.214899E-01   4.214899E-01   5.210529E-01   4.214899E-01  -1.774210E+01   2.319277E-01  -1.808368E+00        11
   1.182912E+04   9.227610E+05   4.214899E-01   4.214899E-01   5.210529E-01   4.214899E-01  -1.774625E+01   2.308915E-01  -1.808368E+00        11
   1.183012E+04   9.241200E+05   4.214899E-01   4.214899E-01   5.210529E-01   4.214899E-01  -1.775039E+01   2.298561E-01  -1.808368E+00        11
   1.183112E+04   9.254800E+05   4.214899E-01   4.214899E-01   5.210529E-01   4.214899E-01  -1.775453E+01   2.288215E-01  -1.808368E+00        11
   1.183212E+04   9.268410E+05   4.214899E-01   4.214899E-01   5.210529E-01   4.214899E-01  -1.775866E+01   2.277876E-01  -1.808368E+00        11
   1.183312E+04   9.282030E+05   4.214899E-01   4.214899E-01   5.210529E-01   4.214899E-01  -1.776280E+01   2.267545E-01  -1.808368E+00        11
   1.183412E+04   9.295660E+05   4.214899E-01   4.214899E-01   5.210529E-01   4.214899E-01  -1.776693E+01   2.257221E-01  -1.808368E+00        11
   1.183512E+04   9.309300E+05   4.214899E-01   4.214899E-01   5.210529E-01   4.214899E-01  -1.777105E+01   2.246905E-01  -1.808368E+00        11
   1.183612E+04   9.322950E+05   4.214899E-01   4.214899E-01   5.210529E-01   4.214899E-01  -1.777518E+01   2.236597E-01  -1.808368E+00        11
   1.183712E+04   9.336610E+05   4.214899E-01   4.214899E-01   5.210529E-01   4.214899E-01  -1.777930E+01   2.226296E-01  -1.808368E+00        11
   1.183812E+04   9.350280E+05   4.214899E-01   4.214899E-01   5.210529E-01   4.214899E-01  -1.778341E+01   2.216002E-01  -1.808368E+00        11
   1.183912E+04   9.363960E+05   4.214899E-01   4.214899E-01   5.210529E-01   4.214899E-01  -1.778753E+01   2.205716E-01  -1.808368E+00        11
   1.184012E+04   9.377650E+05   4.214899E-01   4.214899E-01   5.210529E-01   4.214899E-01  -1.779164E+01   2.195438E-01  -1.808368E+00        11
   1.184112E+04   9.391350E+05   4.214899E-01   4.214899E-01   5.210529E-01   4.214899E-01  -1.779575E+01   2.185167E-01  -1.808368E+00        11
   1.184212E+04   9.405060E+05   4.214899E-01   4.214899E-01   5.210529E-01   4.214899E-01  -1.779985E+01   2.174903E-01  -1.808368E+00        11
   1.184312E+04   9.418780E+05   4.214899E-01   4.214899E-01   5.210529E-01   4.214899E-01  -1.780396E+01   2.164648E-01  -1.808368E+00        11
   1.184412E+04   9.432510E+05   4.214899E-01   4.214899E-01   5.210529E-01   4.214899E-01  -1.780806E+01   2.154399E-01  -1.808368E+00        11
   1.184512E+04   9.446250E+05   4.214899E-01   4.214899E-01   5.210529E-01   4.214899E-01  -1.781215E+01   2.144158E-01  -1.808368E+00        11
   1.184612E+04   9.460000E+05   4.214899E-01   4.214899E-01   5.210529E-01   4.214899E-01  -1.781625E+01   2.133924E-01  -1.808368E+00        11
   1.184712E+04   9.473760E+05   4.214899E-01   4.214899E-01   5.210529E-01   4.214899E-01  -1.782034E+01   2.123698E-01  -1.808368E+00        11
   1.184812E+04   9.487530E+05   4.214899E-01   4.214899E-01   5.210529E-01   4.214899E-01  -1.782442E+01   2.113480E-01  -1.808368E+00        11
   1.184912E+04   9.501310E+05   4.214899E-01   4.214899E-01   5.210529E-01   4.214899E-01  -1.782851E+01   2.103268E-01  -1.808368E+00        11
   1.185012E+04   9.515100E+05   4.214899E-01   4.214899E-01   5.210529E-01   4.214899E-01  -1.783259E+01   2.093065E-01  -1.808368E+00        11
   1.185112E+04   9.528900E+05   4.214899E-01   4.214899E-01   5.210529E-01   4.214899E-01  -1.783667E+01   2.082868E-01  -1.808368E+00        11
   1.185212E+04   9.542710E+05   4.214899E-01   4.214899E-01   5.210529E-01   4.214899E-01  -1.784074E+01   2.072679E-01  -1.808368E+00        11
   1.185312E+04   9.556530E+05   4.214899E-01   4.214899E-01   5.210529E-01   4.214899E-01  -1.784482E+01   2.062497E-01  -1.808368E+00        11
   1.185412E+04   9.570360E+05   4.214899E-01   4.214899E-01   5.210529E-01   4.214899E-01  -1.784889E+01   2.052323E-01  -1.808368E+00        11
   1.185512E+04   9.584200E+05   4.214899E-01   4.214899E-01   5.210529E-01   4.214899E-01  -1.785295E+01   2.042156E-01  -1.808368E+00        11
   1.185612E+04   9.598050E+05   4.214899E-01   4.214899E-01   5.210529E-01   4.214899E-01  -1.785702E+01   2.031996E-01  -1.808368E+00        11
   1.185712E+04   9.611910E+05   4.214899E-01   4.214899E-01   5.210529E-01   4.214899E-01  -1.786108E+01   2.021844E-01  -1.808368E+00        11
   1.185812E+04   9.625780E+05   4.214899E-01   4.214899E-01   5.210529E-01   4.214899E-01  -1.786514E+01   2.011699E-01  -1.808368E+00        11
   1.185912E+04   9.639660E+05   4.214899E-01   4.214899E-01   5.210529E-01   4.214899E-01  -1.786919E+01   2.001561E-01  -1.808368E+00        11
   1.186012E+04   9.653550E+05   4.214899E-01   4.214899E-01   5.210529E-01   4.214899E-01  -1.787324E+01   1.991431E-01  -1.808368E+00        11
   1.186112E+04   9.667450E+05   4.214899E-01   4.214899E-01   5.210529E-01   4.214899E-01  -1.787729E+01   1.981308E-01  -1.808368E+00        11
   1.186212E+04   9.681360E+05   4.214899E-01   4.214899E-01   5.210529E-01   4.214899E-01  -1.788134E+01   1.971192E-01  -1.808368E+00        11
   1.186312E+04   9.695280E+05   4.214899E-01   4.214899E-01   5.210529E-01   4.214899E-01  -1.788538E+01   1.961083E-01  -1.808368E+00        11
   1.186412E+04   9.709210E+05   4.214899E-01   4.214899E-01   5.210529E-01   4.214899E-01  -1.788942E+01   1.950982E-01  -1.808368E+00        11
   1.186512E+04   9.723150E+05   4.214899E-01   4.214899E-01   5.210529E-01   4.214899E-01  -1.789346E+01   1.940888E-01  -1.808368E+00        11
   1.186612E+04   9.737100E+05   4.214899E-01   4.214899E-01   5.210529E-01   4.214899E-01  -1.789749E+01   1.930801E-01  -1.808368E+00        11
   1.186712E+04   9.751060E+05   4.214899E-01   4.214899E-01   5.210529E-01   4.214899E-01  -1.790153E+01   1.920721E-01  -1.808368E+00        11
   1.186812E+04   9.765030E+05   4.214899E-01   4.214899E-01   5.210529E-01   4.214899E-01  -1.790556E+01   1.910649E-01  -1.808368E+00        11
   1.186912E+04   9.779010E+05   4.214899E-01   4.214899E-01   5.210529E-01   4.214899E-01  -1.790958E+01   1.900584E-01  -1.808368E+00        11
   1.187012E+04   9.793000E+05   4.214899E-01   4.214899E-01   5.210529E-01   4.214899E-01  -1.791360E+01   1.890526E-01  -1.808368E+00        11
   1.187112E+04   9.807000E+05   4.214899E-01   4.214899E-01   5.210529E-01   4.214899E-01  -1.791763E+01   1.880475E-01  -1.808368E+00        11
   1.187212E+04   9.821010E+05   4.214899E-01   4.214899E-01   5.210529E-01   4.214899E-01  -1.792164E+01   1.870431E-01  -1.808368E+00        11
   1.187312E+04   9.835030E+05   4.214899E-01   4.214899E-01   5.210529E-01   4.214899E-01  -1.792566E+01   1.860395E-01  -1.808368E+00        11
   1.187412E+04   9.849060E+05   4.214899E-01   4.214899E-01   5.210529E-01   4.214899E-01  -1.792967E+01   1.850365E-01  -1.808368E+00        11
   1.187512E+04   9.863100E+05   4.214899E-01   4.214899E-01   5.210529E-01   4.214899E-01  -1.793368E+01   1.840343E-01  -1.808368E+00        11
   1.187612E+04   9.877150E+05   4.214899E-01   4.214899E-01   5.210529E-01   4.214899E-01  -1.793768E+01   1.830328E-01  -1.808368E+00        11
   1.187712E+04   9.891210E+05   4.214899E-01   4.214899E-01   5.210529E-01   4.214899E-01  -1.794169E+01   1.820320E-01  -1.808368E+00        11
   1.187812E+04   9.905280E+05   4.214899E-01   4.214899E-01   5.210529E-01   4.214899E-01  -1.794569E+01   1.810319E-01  -1.808368E+00        11
   1.187912E+04   9.919360E+05   4.214899E-01   4.214899E-01   5.210529E-01   4.214899E-01  -1.794968E+01   1.800326E-01  -1.808368E+00        11
   1.188012E+04   9.933450E+05   4.214899E-01   4.214899E-01   5.210529E-01   4.214899E-01  -1.795368E+01   1.790339E-01  -1.808368E+00        11
   1.188112E+04   9.947550E+05   4.214899E-01   4.214899E-01   5.210529E-01   4.214899E-01  -1.795767E+01   1.780360E-01  -1.808368E+00        11
   1.188212E+04   9.961660E+05   4.214899E-01   4.214899E-01   5.210529E-01   4.214899E-01  -1.796166E+01   1.770387E-01  -1.808368E+00        11
   1.188312E+04   9.975780E+05   4.214899E-01   4.214899E-01   5.210529E-01   4.214899E-01  -1.796565E+01   1.760422E-01  -1.808368E+00        11
   1.188412E+04   9.989910E+05   4.214899E-01   4.214899E-01   5.210529E-01   4.214899E-01  -1.796963E+01   1.750463E-01  -1.808368E+00        11
   1.188512E+04   1.000405E+06   4.214899E-01   4.214899E-01   5.210529E-01   4.214899E-01  -1.797361E+01   1.740512E-01  -1.808368E+00        11
   1.188612E+04   1.001820E+06   4.214899E-01   4.214899E-01   5.210529E-01   4.214899E-01  -1.797759E+01   1.730568E-01  -1.808368E+00        11
   1.188712E+04   1.003236E+06   4.214899E-01   4.214899E-01   5.210529E-01   4.214899E-01  -1.798156E+01   1.720631E-01  -1.808368E+00        11
   1.188812E+04   1.004653E+06   4.214899E-01   4.214899E-01   5.210529E-01   4.214899E-01  -1.798553E+01   1.710700E-01  -1.808368E+00        11
   1.188912E+04   1.006071E+06   4.214899E-01   4.214899E-01   5.210529E-01   4.214899E-01  -1.798950E+01   1.700777E-01  -1.808368E+00        11
   1.189012E+04   1.007490E+06   4.214899E-01   4.214899E-01   5.210529E-01   4.214899E-01  -1.799347E+01   1.690861E-01  -1.808368E+00        11
   1.189112E+04   1.008910E+06   4.214899E-01   4.214899E-01   5.210529E-01   4.214899E-01  -1.799743E+01   1.680952E-01  -1.808368E+00        11
   1.189212E+04   1.010331E+06   4.214899E-01   4.214899E-01   5.210529E-01   4.214899E-01  -1.800140E+01   1.671049E-01  -1.808368E+00        11
   1.189312E+04   1.011753E+06   4.214899E-01   4.214899E-01   5.210529E-01   4.214899E-01  -1.800535E+01   1.661154E-01  -1.808368E+00        11
   1.189412E+04   1.013176E+06   4.214899E-01   4.214899E-01   5.210529E-01   4.214899E-01  -1.800931E+01   1.651266E-01  -1.808368E+00        11
   1.189512E+04   1.014600E+06   4.214899E-01   4.214899E-01   5.210529E-01   4.214899E-01  -1.801326E+01   1.641384E-01  -1.808368E+00        11
   1.189612E+04   1.016025E+06   4.214899E-01   4.214899E-01   5.210529E-01   4.214899E-01  -1.801721E+01   1.631510E-01  -1.808368E+00        11
   1.189712E+04   1.017451E+06   4.214899E-01   4.214899E-01   5.210529E-01   4.214899E-01  -1.802116E+01   1.621642E-01  -1.808368E+00        11
   1.189812E+04   1.018878E+06   4.214899E-01   4.214899E-01   5.210529E-01   4.214899E-01  -1.802510E+01   1.611782E-01  -1.808368E+00        11
   1.189912E+04   1.020306E+06   4.214899E-01   4.214899E-01   5.210529E-01   4.214899E-01  -1.802904E+01   1.601928E-01  -1.808368E+00        11
   1.190012E+04   1.021735E+06   4.214899E-01   4.214899E-01   5.210529E-01   4.214899E-01  -1.803298E+01   1.592081E-01  -1.808368E+00        11
   1.190112E+04   1.023165E+06   4.214899E-01   4.214899E-01   5.210529E-01   4.214899E-01  -1.803692E+01   1.582241E-01  -1.808368E+00        11
   1.190212E+04   1.024596E+06   4.214899E-01   4.214899E-01   5.210529E-01   4.214899E-01  -1.804085E+01   1.572408E-01  -1.808368E+00        11
   1.190312E+04   1.026028E+06   4.214899E-01   4.214899E-01   5.210529E-01   4.214899E-01  -1.804478E+01   1.562582E-01  -1.808368E+00        11
   1.190412E+04   1.027461E+06   4.214899E-01   4.214899E-01   5.210529E-01   4.214899E-01  -1.804871E+01   1.552762E-01  -1.808368E+00        11
   1.190512E+04   1.028895E+06   4.214899E-01   4.214899E-01   5.210529E-01   4.214899E-01  -1.805264E+01   1.542950E-01  -1.808368E+00        11
   1.190612E+04   1.030330E+06   4.214899E-01   4.214899E-01   5.210529E-01   4.214899E-01  -1.805656E+01   1.533144E-01  -1.808368E+00        11
   1.190712E+04   1.031766E+06   4.214899E-01   4.214899E-01   5.210529E-01   4.214899E-01  -1.806048E+01   1.523345E-01  -1.808368E+00        11
   1.190812E+04   1.033203E+06   4.214899E-01   4.214899E-01   5.210529E-01   4.214899E-01  -1.806439E+01   1.513553E-01  -1.808368E+00        11
   1.190912E+04   1.034641E+06   4.214899E-01   4.214899E-01   5.210529E-01   4.214899E-01  -1.806831E+01   1.503768E-01  -1.808368E+00        11
   1.191012E+04   1.036080E+06   4.214899E-01   4.214899E-01   5.210529E-01   4.214899E-01  -1.807222E+01   1.493990E-01  -1.808368E+00        11
   1.191112E+04   1.037520E+06   4.214899E-01   4.214899E-01   5.210529E-01   4.214899E-01  -1.807613E+01   1.484218E-01  -1.808368E+00        11
   1.191212E+04   1.038961E+06   4.214899E-01   4.214899E-01   5.210529E-01   4.214899E-01  -1.808003E+01   1.474453E-01  -1.808368E+00        11
   1.191312E+04   1.040403E+06   4.214899E-01   4.214899E-01   5.210529E-01   4.214899E-01  -1.808394E+01   1.464695E-01  -1.808368E+00        11
   1.191412E+04   1.041846E+06   4.214899E-01   4.214899E-01   5.210529E-01   4.214899E-01  -1.808784E+01   1.454944E-01  -1.808368E+00        11
   1.191512E+04   1.043290E+06   4.214899E-01   4.214899E-01   5.210529E-01   4.214899E-01  -1.809174E+01   1.445199E-01  -1.808368E+00        11
   1.191612E+04   1.044735E+06   4.214899E-01   4.214899E-01   5.210529E-01   4.214899E-01  -1.809563E+01   1.435461E-01  -1.808368E+00        11
   1.191712E+04   1.046181E+06   4.214899E-01   4.214899E-01   5.210529E-01   4.214899E-01  -1.809952E+01   1.425730E-01  -1.808368E+00        11
   1.191812E+04   1.047628E+06   4.214899E-01   4.214899E-01   5.210529E-01   4.214899E-01  -1.810341E+01   1.416006E-01  -1.808368E+00        11
   1.191912E+04   1.049076E+06   4.214899E-01   4.214899E-01   5.210529E-01   4.214899E-01  -1.810730E+01   1.406288E-01  -1.808368E+00        11
   1.192012E+04   1.050525E+06   4.214899E-01   4.214899E-01   5.210529E-01   4.214899E-01  -1.811118E+01   1.396577E-01  -1.808368E+00        11
   1.192112E+04   1.051975E+06   4.214899E-01   4.214899E-01   5.210529E-01   4.214899E-01  -1.811507E+01   1.386873E-01  -1.808368E+00        11
   1.192212E+04   1.053426E+06   4.214899E-01   4.214899E-01   5.210529E-01   4.214899E-01  -1.811894E+01   1.377176E-01  -1.808368E+00        11
   1.192312E+04   1.054878E+06   4.214899E-01   4.214899E-01   5.210529E-01   4.214899E-01  -1.812282E+01   1.367485E-01  -1.808368E+00        11
   1.192412E+04   1.056331E+06   4.214899E-01   4.214899E-01   5.210529E-01   4.214899E-01  -1.812669E+01   1.357801E-01  -1.808368E+00        11
   1.192512E+04   1.057785E+06   4.214899E-01   4.214899E-01   5.210529E-01   4.214899E-01  -1.813057E+01   1.348123E-01  -1.808368E+00        11
   1.192612E+04   1.059240E+06   4.214899E-01   4.214899E-01   5.210529E-01   4.214899E-01  -1.813443E+01   1.338452E-01  -1.808368E+00        11
   1.192712E+04   1.060696E+06   4.214899E-01   4.214899E-01   5.210529E-01   4.214899E-01  -1.813830E+01   1.328788E-01  -1.808368E+00        11
   1.192812E+04   1.062153E+06   4.214899E-01   4.214899E-01   5.210529E-01   4.214899E-01  -1.814216E+01   1.319130E-01  -1.808368E+00        11
   1.192912E+04   1.063611E+06   4.214899E-01   4.214899E-01   5.210529E-01   4.214899E-01  -1.814602E+01   1.309479E-01  -1.808368E+00        11
   1.193012E+04   1.065070E+06   4.214899E-01   4.214899E-01   5.210529E-01   4.214899E-01  -1.814988E+01   1.299835E-01  -1.808368E+00        11
   1.193112E+04   1.066530E+06   4.214899E-01   4.214899E-01   5.210529E-01   4.214899E-01  -1.815374E+01   1.290197E-01  -1.808368E+00        11
   1.193212E+04   1.067991E+06   4.214899E-01   4.214899E-01   5.210529E-01   4.214899E-01  -1.815759E+01   1.280566E-01  -1.808368E+00        11
   1.193312E+04   1.069453E+06   4.214899E-01   4.214899E-01   5.210529E-01   4.214899E-01  -1.816144E+01   1.270941E-01  -1.808368E+00        11
   1.193412E+04   1.070916E+06   4.214899E-01   4.214899E-01   5.210529E-01   4.214899E-01  -1.816529E+01   1.261323E-01  -1.808368E+00        11
   1.193512E+04   1.072380E+06   4.214899E-01   4.214899E-01   5.210529E-01   4.214899E-01  -1.816913E+01   1.251712E-01  -1.808368E+00        11
   1.193612E+04   1.073845E+06   4.214899E-01   4.214899E-01   5.210529E-01   4.214899E-01  -1.817297E+01   1.242107E-01  -1.808368E+00        11
   1.193712E+04   1.075311E+06   4.214899E-01   4.214899E-01   5.210529E-01   4.214899E-01  -1.817681E+01   1.232509E-01  -1.808368E+00        11
   1.193812E+04   1.076778E+06   4.214899E-01   4.214899E-01   5.210529E-01   4.214899E-01  -1.818065E+01   1.222917E-01  -1.808368E+00        11
   1.193912E+04   1.078246E+06   4.214899E-01   4.214899E-01   5.210529E-01   4.214899E-01  -1.818448E+01   1.213332E-01  -1.808368E+00        11
   1.194012E+04   1.079715E+06   4.214899E-01   4.214899E-01   5.210529E-01   4.214899E-01  -1.818831E+01   1.203753E-01  -1.808368E+00        11
   1.194112E+04   1.081185E+06   4.214899E-01   4.214899E-01   5.210529E-01   4.214899E-01  -1.819214E+01   1.194181E-01  -1.808368E+00        11
   1.194212E+04   1.082656E+06   4.214899E-01   4.214899E-01   5.210529E-01   4.214899E-01  -1.819597E+01   1.184615E-01  -1.808368E+00        11
   1.194312E+04   1.084128E+06   4.214899E-01   4.214899E-01   5.210529E-01   4.214899E-01  -1.819979E+01   1.175056E-01  -1.808368E+00        11
   1.194412E+04   1.085601E+06   4.214899E-01   4.214899E-01   5.210529E-01   4.214899E-01  -1.820361E+01   1.165503E-01  -1.808368E+00        11
   1.194512E+04   1.087075E+06   4.214899E-01   4.214899E-01   5.210529E-01   4.214899E-01  -1.820743E+01   1.155957E-01  -1.808368E+00        11
   1.194612E+04   1.088550E+06   4.214899E-01   4.214899E-01   5.210529E-01   4.214899E-01  -1.821125E+01   1.146417E-01  -1.808368E+00        11
   1.194712E+04   1.090026E+06   4.214899E-01   4.214899E-01   5.210529E-01   4.214899E-01  -1.821506E+01   1.136884E-01  -1.808368E+00        11
   1.194812E+04   1.091503E+06   4.214899E-01   4.214899E-01   5.210529E-01   4.214899E-01  -1.821887E+01   1.127357E-01  -1.808368E+00        11
   1.194912E+04   1.092981E+06   4.214899E-01   4.214899E-01   5.210529E-01   4.214899E-01  -1.822268E+01   1.117837E-01  -1.808368E+00        11
   1.195012E+04   1.094460E+06   4.214899E-01   4.214899E-01   5.210529E-01   4.214899E-01  -1.822649E+01   1.108323E-01  -1.808368E+00        11
   1.195112E+04   1.095940E+06   4.214899E-01   4.214899E-01   5.210529E-01   4.214899E-01  -1.823029E+01   1.098815E-01  -1.808368E+00        11
   1.195212E+04   1.097421E+06   4.214899E-01   4.214899E-01   5.210529E-01   4.214899E-01  -1.823409E+01   1.089314E-01  -1.808368E+00        11
   1.195312E+04   1.098903E+06   4.214899E-01   4.214899E-01   5.210529E-01   4.214899E-01  -1.823789E+01   1.079819E-01  -1.808368E+00        11
   1.195412E+04   1.100386E+06   4.214899E-01   4.214899E-01   5.210529E-01   4.214899E-01  -1.824168E+01   1.070331E-01  -1.808368E+00        11
   1.195512E+04   1.101870E+06   4.214899E-01   4.214899E-01   5.210529E-01   4.214899E-01  -1.824548E+01   1.060849E-01  -1.808368E+00        11
   1.195612E+04   1.103355E+06   4.214899E-01   4.214899E-01   5.210529E-01   4.214899E-01  -1.824927E+01   1.051374E-01  -1.808368E+00        11
   1.195712E+04   1.104841E+06   4.214899E-01   4.214899E-01   5.210529E-01   4.214899E-01  -1.825305E+01   1.041905E-01  -1.808368E+00        11
   1.195812E+04   1.106328E+06   4.214899E-01   4.214899E-01   5.210529E-01   4.214899E-01  -1.825684E+01   1.032442E-01  -1.808368E+00        11
   1.195912E+04   1.107816E+06   4.214899E-01   4.214899E-01   5.210529E-01   4.214899E-01  -1.826062E+01   1.022985E-01  -1.808368E+00        11
   1.196012E+04   1.109305E+06   4.214899E-01   4.214899E-01   5.210529E-01   4.214899E-01  -1.826440E+01   1.013535E-01  -1.808368E+00        11
   1.196112E+04   1.110795E+06   4.214899E-01   4.214899E-01   5.210529E-01   4.214899E-01  -1.826818E+01   1.004092E-01  -1.808368E+00        11
   1.196212E+04   1.112286E+06   4.214899E-01   4.214899E-01   5.210529E-01   4.214899E-01  -1.827195E+01   9.946542E-02  -1.808368E+00        11
   1.196312E+04   1.113778E+06   4.214899E-01   4.214899E-01   5.210529E-01   4.214899E-01  -1.827573E+01   9.852231E-02  -1.808368E+00        11
   1.196412E+04   1.115271E+06   4.214899E-01   4.214899E-01   5.210529E-01   4.214899E-01  -1.827950E+01   9.757984E-02  -1.808368E+00        11
   1.196512E+04   1.116765E+06   4.214899E-01   4.214899E-01   5.210529E-01   4.214899E-01  -1.828326E+01   9.663799E-02  -1.808368E+00        11
   1.196612E+04   1.118260E+06   4.214899E-01   4.214899E-01   5.210529E-01   4.214899E-01  -1.828703E+01   9.569678E-02  -1.808368E+00        11
   1.196712E+04   1.119756E+06   4.214899E-01   4.214899E-01   5.210529E-01   4.214899E-01  -1.829079E+01   9.475620E-02  -1.808368E+00        11
   1.196812E+04   1.121253E+06   4.214899E-01   4.214899E-01   5.210529E-01   4.214899E-01  -1.829455E+01   9.381624E-02  -1.808368E+00        11
   1.196912E+04   1.122751E+06   4.214899E-01   4.214899E-01   5.210529E-01   4.214899E-01  -1.829831E+01   9.287691E-02  -1.808368E+00        11
   1.197012E+04   1.124250E+06   4.214899E-01   4.214899E-01   5.210529E-01   4.214899E-01  -1.830206E+01   9.193821E-02  -1.808368E+00        11
   1.197112E+04   1.125750E+06   4.214899E-01   4.214899E-01   5.210529E-01   4.214899E-01  -1.830581E+01   9.100013E-02  -1.808368E+00        11
   1.197212E+04   1.127251E+06   4.214899E-01   4.214899E-01   5.210529E-01   4.214899E-01  -1.830956E+01   9.006268E-02  -1.808368E+00        11
   1.197312E+04   1.128753E+06   4.214899E-01   4.214899E-01   5.210529E-01   4.214899E-01  -1.831331E+01   8.912586E-02  -1.808368E+00        11
   1.197412E+04   1.130256E+06   4.214899E-01   4.214899E-01   5.210529E-01   4.214899E-01  -1.831706E+01   8.818965E-02  -1.808368E+00        11
   1.197512E+04   1.131760E+06   4.214899E-01   4.214899E-01   5.210529E-01   4.214899E-01  -1.832080E+01   8.725407E-02  -1.808368E+00        11
   1.197612E+04   1.133265E+06   4.214899E-01   4.214899E-01   5.210529E-01   4.214899E-01  -1.832454E+01   8.631911E-02  -1.808368E+00        11
   1.197712E+04   1.134771E+06   4.214899E-01   4.214899E-01   5.210529E-01   4.214899E-01  -1.832828E+01   8.538477E-02  -1.808368E+00        11
   1.197812E+04   1.136278E+06   4.214899E-01   4.214899E-01   5.210529E-01   4.214899E-01  -1.833201E+01   8.445105E-02  -1.808368E+00        11
   1.197912E+04   1.137786E+06   4.214899E-01   4.214899E-01   5.210529E-01   4.214899E-01  -1.833574E+01   8.351795E-02  -1.808368E+00        11
   1.198012E+04   1.139295E+06   4.214899E-01   4.214899E-01   5.210529E-01   4.214899E-01  -1.833947E+01   8.258547E-02  -1.808368E+00        11
   1.198112E+04   1.140805E+06   4.214899E-01   4.214899E-01   5.210529E-01   4.214899E-01  -1.834320E+01   8.165361E-02  -1.808368E+00        11
   1.198212E+04   1.142316E+06   4.214899E-01   4.214899E-01   5.210529E-01   4.214899E-01  -1.834693E+01   8.072236E-02  -1.808368E+00        11
   1.198312E+04   1.143828E+06   4.214899E-01   4.214899E-01   5.210529E-01   4.214899E-01  -1.835065E+01   7.979173E-02  -1.808368E+00        11
   1.198412E+04   1.145341E+06   4.214899E-01   4.214899E-01   5.210529E-01   4.214899E-01  -1.835437E+01   7.886172E-02  -1.808368E+00        11
   1.198512E+04   1.146855E+06   4.214899E-01   4.214899E-01   5.210529E-01   4.214899E-01  -1.835809E+01   7.793231E-02  -1.808368E+00        11
   1.198612E+04   1.148370E+06   4.214899E-01   4.214899E-01   5.210529E-01   4.214899E-01  -1.836180E+01   7.700353E-02  -1.808368E+00        11
   1.198712E+04   1.149886E+06   4.214899E-01   4.214899E-01   5.210529E-01   4.214899E-01  -1.836551E+01   7.607535E-02  -1.808368E+00        11
   1.198812E+04   1.151403E+06   4.214899E-01   4.214899E-01   5.210529E-01   4.214899E-01  -1.836922E+01   7.514779E-02  -1.808368E+00        11
   1.198912E+04   1.152921E+06   4.214899E-01   4.214899E-01   5.210529E-01   4.214899E-01  -1.837293E+01   7.422083E-02  -1.808368E+00        11
   1.199012E+04   1.154440E+06   4.214899E-01   4.214899E-01   5.210529E-01   4.214899E-01  -1.837664E+01   7.329449E-02  -1.808368E+00        11
   1.199112E+04   1.155960E+06   4.214899E-01   4.214899E-01   5.210529E-01   4.214899E-01  -1.838034E+01   7.236876E-02  -1.808368E+00        11
   1.199212E+04   1.157481E+06   4.214899E-01   4.214899E-01   5.210529E-01   4.214899E-01  -1.838404E+01   7.144363E-02  -1.808368E+00        11
   1.199312E+04   1.159003E+06   4.214899E-01   4.214899E-01   5.210529E-01   4.214899E-01  -1.838774E+01   7.051912E-02  -1.808368E+00        11
   1.199412E+04   1.160526E+06   4.214899E-01   4.214899E-01   5.210529E-01   4.214899E-01  -1.839143E+01   6.959521E-02  -1.808368E+00        11
   1.199512E+04   1.162050E+06   4.214899E-01   4.214899E-01   5.210529E-01   4.214899E-01  -1.839513E+01   6.867190E-02  -1.808368E+00        11
   1.199612E+04   1.163575E+06   4.214899E-01   4.214899E-01   5.210529E-01   4.214899E-01  -1.839882E+01   6.774921E-02  -1.808368E+00        11
   1.199712E+04   1.165101E+06   4.214899E-01   4.214899E-01   5.210529E-01   4.214899E-01  -1.840251E+01   6.682711E-02  -1.808368E+00        11
   1.199812E+04   1.166628E+06   4.214899E-01   4.214899E-01   5.210529E-01   4.214899E-01  -1.840619E+01   6.590562E-02  -1.808368E+00        11
   1.199912E+04   1.168156E+06   4.214899E-01   4.214899E-01   5.210529E-01   4.214899E-01  -1.840988E+01   6.498474E-02  -1.808368E+00        11
   1.200000E+04   1.169685E+06   4.214899E-01   4.214899E-01   5.210529E-01   4.214899E-01  -1.841356E+01   6.406445E-02  -1.808368E+00        11
